[lmeyerga@lxplus960 pid]$ ./run2-rdx_iso.sh
Output folder: pidcalib_iso/run2-rdx-2016-md-K_nnpnng_gtlt-p_eta_ntracks
[I 260828 20:07:15 make_eff_hists:203] Running PIDCalib2 make_eff_hists with the config:
[I 260828 20:07:15 utils:153] ===============
[I 260828 20:07:15 utils:156] sample         : Turbo16
[I 260828 20:07:15 utils:156] magnet         : down
[I 260828 20:07:15 utils:156] particle       : K
[I 260828 20:07:15 utils:156] pid_cuts       : ['Brunel_MC15TuneV1_ProbNNp>0.4&Brunel_MC15TuneV1_ProbNNghost<0.3']
[I 260828 20:07:15 utils:156] bin_vars       : ['Brunel_P', 'Brunel_ETA', 'nTracks_Brunel']
[I 260828 20:07:15 utils:156] binning_files  : ['./binning_iso.json']
[I 260828 20:07:15 utils:156] output_dir     : pidcalib_iso/run2-rdx-2016-md-K_nnpnng_gtlt-p_eta_ntracks
[I 260828 20:07:15 utils:156] verbose        : False
[I 260828 20:07:15 utils:156] version        : 1.5.6
[I 260828 20:07:15 utils:157] ===============
[W 260828 20:07:15 make_eff_hists:207] No --cut specified. Cuts on PID samples should match your sample cuts.
[I 260828 20:07:21 utils:609] 258 calibration files from EOS will be processed
[I 260828 20:07:21 binning:543] Loading binnings from ./binning_iso.json
[W 260828 20:07:21 binning:581] The following custom binnings are not being used: [{'particle': 'Pi', 'bin_var': 'Brunel_P'}, {'particle': 'Pi', 'bin_var': 'Brunel_ETA'}, {'particle': 'Pi', 'bin_var': 'nTracks_Brunel'}, {'particle': 'P', 'bin_var': 'Brunel_P'}, {'particle': 'P', 'bin_var': 'Brunel_ETA'}, {'particle': 'P', 'bin_var': 'nTracks_Brunel'}, {'particle': 'Mu_nopt', 'bin_var': 'Brunel_P'}, {'particle': 'Mu_nopt', 'bin_var': 'Brunel_ETA'}, {'particle': 'Mu_nopt', 'bin_var': 'nTracks_Brunel'}, {'particle': 'e_B_Jpsi', 'bin_var': 'Brunel_P'}, {'particle': 'e_B_Jpsi', 'bin_var': 'Brunel_ETA'}, {'particle': 'e_B_Jpsi', 'bin_var': 'nTracks'}]
[I 260828 20:13:25 utils:819] Processed 258/258 files
[I 260828 20:13:25 utils:966] 161747300/165055762 (98.0%) events passed binning range cut
[I 260828 20:13:25 utils:966] 25289266/161747300 (15.6%) events passed 'Brunel_MC15TuneV1_ProbNNp>0.4&Brunel_MC15TuneV1_ProbNNghost<0.3' cut
[I 260828 20:13:25 make_eff_hists:270] Efficiency histograms saved to 'pidcalib_iso/run2-rdx-2016-md-K_nnpnng_gtlt-p_eta_ntracks/effhists-Turbo16-down-K-Brunel_MC15TuneV1_ProbNNp>0.4&Brunel_MC15TuneV1_ProbNNghost<0.3-Brunel_P.Brunel_ETA.nTracks_Brunel-binning_iso.pkl'
Output folder: pidcalib_iso/run2-rdx-2016-md-K_nnk_gt-p_eta_ntracks
[I 260828 20:13:28 make_eff_hists:203] Running PIDCalib2 make_eff_hists with the config:
[I 260828 20:13:28 utils:153] ===============
[I 260828 20:13:28 utils:156] sample         : Turbo16
[I 260828 20:13:28 utils:156] magnet         : down
[I 260828 20:13:28 utils:156] particle       : K
[I 260828 20:13:28 utils:156] pid_cuts       : ['Brunel_MC15TuneV1_ProbNNk>0.2']
[I 260828 20:13:28 utils:156] bin_vars       : ['Brunel_P', 'Brunel_ETA', 'nTracks_Brunel']
[I 260828 20:13:28 utils:156] binning_files  : ['./binning_iso.json']
[I 260828 20:13:28 utils:156] output_dir     : pidcalib_iso/run2-rdx-2016-md-K_nnk_gt-p_eta_ntracks
[I 260828 20:13:28 utils:156] verbose        : False
[I 260828 20:13:28 utils:156] version        : 1.5.6
[I 260828 20:13:28 utils:157] ===============
[W 260828 20:13:28 make_eff_hists:207] No --cut specified. Cuts on PID samples should match your sample cuts.
[I 260828 20:13:28 utils:609] 258 calibration files from EOS will be processed
[I 260828 20:13:28 binning:543] Loading binnings from ./binning_iso.json
[W 260828 20:13:28 binning:581] The following custom binnings are not being used: [{'particle': 'Pi', 'bin_var': 'Brunel_P'}, {'particle': 'Pi', 'bin_var': 'Brunel_ETA'}, {'particle': 'Pi', 'bin_var': 'nTracks_Brunel'}, {'particle': 'P', 'bin_var': 'Brunel_P'}, {'particle': 'P', 'bin_var': 'Brunel_ETA'}, {'particle': 'P', 'bin_var': 'nTracks_Brunel'}, {'particle': 'Mu_nopt', 'bin_var': 'Brunel_P'}, {'particle': 'Mu_nopt', 'bin_var': 'Brunel_ETA'}, {'particle': 'Mu_nopt', 'bin_var': 'nTracks_Brunel'}, {'particle': 'e_B_Jpsi', 'bin_var': 'Brunel_P'}, {'particle': 'e_B_Jpsi', 'bin_var': 'Brunel_ETA'}, {'particle': 'e_B_Jpsi', 'bin_var': 'nTracks'}]
[I 260828 20:19:51 utils:819] Processed 258/258 files
[I 260828 20:19:51 utils:966] 161747300/165055762 (98.0%) events passed binning range cut
[I 260828 20:19:51 utils:966] 138222654/161747300 (85.5%) events passed 'Brunel_MC15TuneV1_ProbNNk>0.2' cut
[I 260828 20:19:51 make_eff_hists:270] Efficiency histograms saved to 'pidcalib_iso/run2-rdx-2016-md-K_nnk_gt-p_eta_ntracks/effhists-Turbo16-down-K-Brunel_MC15TuneV1_ProbNNk>0.2-Brunel_P.Brunel_ETA.nTracks_Brunel-binning_iso.pkl'
Output folder: pidcalib_iso/run2-rdx-2016-md-K_nnknng_gt02lt02-p_eta_ntracks
[I 260828 20:19:54 make_eff_hists:203] Running PIDCalib2 make_eff_hists with the config:
[I 260828 20:19:54 utils:153] ===============
[I 260828 20:19:54 utils:156] sample         : Turbo16
[I 260828 20:19:54 utils:156] magnet         : down
[I 260828 20:19:54 utils:156] particle       : K
[I 260828 20:19:54 utils:156] pid_cuts       : ['Brunel_MC15TuneV1_ProbNNk>0.2&Brunel_MC15TuneV1_ProbNNghost<0.2']
[I 260828 20:19:54 utils:156] bin_vars       : ['Brunel_P', 'Brunel_ETA', 'nTracks_Brunel']
[I 260828 20:19:54 utils:156] binning_files  : ['./binning_iso.json']
[I 260828 20:19:54 utils:156] output_dir     : pidcalib_iso/run2-rdx-2016-md-K_nnknng_gt02lt02-p_eta_ntracks
[I 260828 20:19:54 utils:156] verbose        : False
[I 260828 20:19:54 utils:156] version        : 1.5.6
[I 260828 20:19:54 utils:157] ===============
[W 260828 20:19:54 make_eff_hists:207] No --cut specified. Cuts on PID samples should match your sample cuts.
[I 260828 20:19:56 utils:609] 258 calibration files from EOS will be processed
[I 260828 20:19:56 binning:543] Loading binnings from ./binning_iso.json
[W 260828 20:19:56 binning:581] The following custom binnings are not being used: [{'particle': 'Pi', 'bin_var': 'Brunel_P'}, {'particle': 'Pi', 'bin_var': 'Brunel_ETA'}, {'particle': 'Pi', 'bin_var': 'nTracks_Brunel'}, {'particle': 'P', 'bin_var': 'Brunel_P'}, {'particle': 'P', 'bin_var': 'Brunel_ETA'}, {'particle': 'P', 'bin_var': 'nTracks_Brunel'}, {'particle': 'Mu_nopt', 'bin_var': 'Brunel_P'}, {'particle': 'Mu_nopt', 'bin_var': 'Brunel_ETA'}, {'particle': 'Mu_nopt', 'bin_var': 'nTracks_Brunel'}, {'particle': 'e_B_Jpsi', 'bin_var': 'Brunel_P'}, {'particle': 'e_B_Jpsi', 'bin_var': 'Brunel_ETA'}, {'particle': 'e_B_Jpsi', 'bin_var': 'nTracks'}]
[I 260828 20:26:20 utils:819] Processed 258/258 files
[I 260828 20:26:20 utils:966] 161747300/165055762 (98.0%) events passed binning range cut
[I 260828 20:26:20 utils:966] 131525069/161747300 (81.3%) events passed 'Brunel_MC15TuneV1_ProbNNk>0.2&Brunel_MC15TuneV1_ProbNNghost<0.2' cut
[I 260828 20:26:20 make_eff_hists:270] Efficiency histograms saved to 'pidcalib_iso/run2-rdx-2016-md-K_nnknng_gt02lt02-p_eta_ntracks/effhists-Turbo16-down-K-Brunel_MC15TuneV1_ProbNNk>0.2&Brunel_MC15TuneV1_ProbNNghost<0.2-Brunel_P.Brunel_ETA.nTracks_Brunel-binning_iso.pkl'
Output folder: pidcalib_iso/run2-rdx-2016-md-K_nnknng_ltlt-p_eta_ntracks
[I 260828 20:26:24 make_eff_hists:203] Running PIDCalib2 make_eff_hists with the config:
[I 260828 20:26:24 utils:153] ===============
[I 260828 20:26:24 utils:156] sample         : Turbo16
[I 260828 20:26:24 utils:156] magnet         : down
[I 260828 20:26:24 utils:156] particle       : K
[I 260828 20:26:24 utils:156] pid_cuts       : ['Brunel_MC15TuneV1_ProbNNk<0.2&Brunel_MC15TuneV1_ProbNNghost<0.3']
[I 260828 20:26:24 utils:156] bin_vars       : ['Brunel_P', 'Brunel_ETA', 'nTracks_Brunel']
[I 260828 20:26:24 utils:156] binning_files  : ['./binning_iso.json']
[I 260828 20:26:24 utils:156] output_dir     : pidcalib_iso/run2-rdx-2016-md-K_nnknng_ltlt-p_eta_ntracks
[I 260828 20:26:24 utils:156] verbose        : False
[I 260828 20:26:24 utils:156] version        : 1.5.6
[I 260828 20:26:24 utils:157] ===============
[W 260828 20:26:24 make_eff_hists:207] No --cut specified. Cuts on PID samples should match your sample cuts.
[I 260828 20:26:24 utils:609] 258 calibration files from EOS will be processed
[I 260828 20:26:24 binning:543] Loading binnings from ./binning_iso.json
[W 260828 20:26:24 binning:581] The following custom binnings are not being used: [{'particle': 'Pi', 'bin_var': 'Brunel_P'}, {'particle': 'Pi', 'bin_var': 'Brunel_ETA'}, {'particle': 'Pi', 'bin_var': 'nTracks_Brunel'}, {'particle': 'P', 'bin_var': 'Brunel_P'}, {'particle': 'P', 'bin_var': 'Brunel_ETA'}, {'particle': 'P', 'bin_var': 'nTracks_Brunel'}, {'particle': 'Mu_nopt', 'bin_var': 'Brunel_P'}, {'particle': 'Mu_nopt', 'bin_var': 'Brunel_ETA'}, {'particle': 'Mu_nopt', 'bin_var': 'nTracks_Brunel'}, {'particle': 'e_B_Jpsi', 'bin_var': 'Brunel_P'}, {'particle': 'e_B_Jpsi', 'bin_var': 'Brunel_ETA'}, {'particle': 'e_B_Jpsi', 'bin_var': 'nTracks'}]
[I 260828 20:32:29 utils:819] Processed 258/258 files
[I 260828 20:32:29 utils:966] 161747300/165055762 (98.0%) events passed binning range cut
[I 260828 20:32:29 utils:966] 20963310/161747300 (13.0%) events passed 'Brunel_MC15TuneV1_ProbNNk<0.2&Brunel_MC15TuneV1_ProbNNghost<0.3' cut
[I 260828 20:32:29 make_eff_hists:270] Efficiency histograms saved to 'pidcalib_iso/run2-rdx-2016-md-K_nnknng_ltlt-p_eta_ntracks/effhists-Turbo16-down-K-Brunel_MC15TuneV1_ProbNNk<0.2&Brunel_MC15TuneV1_ProbNNghost<0.3-Brunel_P.Brunel_ETA.nTracks_Brunel-binning_iso.pkl'
Output folder: pidcalib_iso/run2-rdx-2016-md-K_nnp_gt-p_eta_ntracks
[I 260828 20:32:32 make_eff_hists:203] Running PIDCalib2 make_eff_hists with the config:
[I 260828 20:32:32 utils:153] ===============
[I 260828 20:32:32 utils:156] sample         : Turbo16
[I 260828 20:32:32 utils:156] magnet         : down
[I 260828 20:32:32 utils:156] particle       : K
[I 260828 20:32:32 utils:156] pid_cuts       : ['Brunel_MC15TuneV1_ProbNNp>0.4']
[I 260828 20:32:32 utils:156] bin_vars       : ['Brunel_P', 'Brunel_ETA', 'nTracks_Brunel']
[I 260828 20:32:32 utils:156] binning_files  : ['./binning_iso.json']
[I 260828 20:32:32 utils:156] output_dir     : pidcalib_iso/run2-rdx-2016-md-K_nnp_gt-p_eta_ntracks
[I 260828 20:32:32 utils:156] verbose        : False
[I 260828 20:32:32 utils:156] version        : 1.5.6
[I 260828 20:32:32 utils:157] ===============
[W 260828 20:32:32 make_eff_hists:207] No --cut specified. Cuts on PID samples should match your sample cuts.
[I 260828 20:32:34 utils:609] 258 calibration files from EOS will be processed
[I 260828 20:32:34 binning:543] Loading binnings from ./binning_iso.json
[W 260828 20:32:34 binning:581] The following custom binnings are not being used: [{'particle': 'Pi', 'bin_var': 'Brunel_P'}, {'particle': 'Pi', 'bin_var': 'Brunel_ETA'}, {'particle': 'Pi', 'bin_var': 'nTracks_Brunel'}, {'particle': 'P', 'bin_var': 'Brunel_P'}, {'particle': 'P', 'bin_var': 'Brunel_ETA'}, {'particle': 'P', 'bin_var': 'nTracks_Brunel'}, {'particle': 'Mu_nopt', 'bin_var': 'Brunel_P'}, {'particle': 'Mu_nopt', 'bin_var': 'Brunel_ETA'}, {'particle': 'Mu_nopt', 'bin_var': 'nTracks_Brunel'}, {'particle': 'e_B_Jpsi', 'bin_var': 'Brunel_P'}, {'particle': 'e_B_Jpsi', 'bin_var': 'Brunel_ETA'}, {'particle': 'e_B_Jpsi', 'bin_var': 'nTracks'}]
[I 260828 20:38:57 utils:819] Processed 258/258 files
[I 260828 20:38:57 utils:966] 161747300/165055762 (98.0%) events passed binning range cut
[I 260828 20:38:57 utils:966] 26246669/161747300 (16.2%) events passed 'Brunel_MC15TuneV1_ProbNNp>0.4' cut
[I 260828 20:38:57 make_eff_hists:270] Efficiency histograms saved to 'pidcalib_iso/run2-rdx-2016-md-K_nnp_gt-p_eta_ntracks/effhists-Turbo16-down-K-Brunel_MC15TuneV1_ProbNNp>0.4-Brunel_P.Brunel_ETA.nTracks_Brunel-binning_iso.pkl'
Output folder: pidcalib_iso/run2-rdx-2016-md-K_nnknng_gtlt-p_eta_ntracks
[I 260828 20:39:01 make_eff_hists:203] Running PIDCalib2 make_eff_hists with the config:
[I 260828 20:39:01 utils:153] ===============
[I 260828 20:39:01 utils:156] sample         : Turbo16
[I 260828 20:39:01 utils:156] magnet         : down
[I 260828 20:39:01 utils:156] particle       : K
[I 260828 20:39:01 utils:156] pid_cuts       : ['Brunel_MC15TuneV1_ProbNNk>0.2&Brunel_MC15TuneV1_ProbNNghost<0.3']
[I 260828 20:39:01 utils:156] bin_vars       : ['Brunel_P', 'Brunel_ETA', 'nTracks_Brunel']
[I 260828 20:39:01 utils:156] binning_files  : ['./binning_iso.json']
[I 260828 20:39:01 utils:156] output_dir     : pidcalib_iso/run2-rdx-2016-md-K_nnknng_gtlt-p_eta_ntracks
[I 260828 20:39:01 utils:156] verbose        : False
[I 260828 20:39:01 utils:156] version        : 1.5.6
[I 260828 20:39:01 utils:157] ===============
[W 260828 20:39:01 make_eff_hists:207] No --cut specified. Cuts on PID samples should match your sample cuts.
[I 260828 20:39:01 utils:609] 258 calibration files from EOS will be processed
[I 260828 20:39:01 binning:543] Loading binnings from ./binning_iso.json
[W 260828 20:39:01 binning:581] The following custom binnings are not being used: [{'particle': 'Pi', 'bin_var': 'Brunel_P'}, {'particle': 'Pi', 'bin_var': 'Brunel_ETA'}, {'particle': 'Pi', 'bin_var': 'nTracks_Brunel'}, {'particle': 'P', 'bin_var': 'Brunel_P'}, {'particle': 'P', 'bin_var': 'Brunel_ETA'}, {'particle': 'P', 'bin_var': 'nTracks_Brunel'}, {'particle': 'Mu_nopt', 'bin_var': 'Brunel_P'}, {'particle': 'Mu_nopt', 'bin_var': 'Brunel_ETA'}, {'particle': 'Mu_nopt', 'bin_var': 'nTracks_Brunel'}, {'particle': 'e_B_Jpsi', 'bin_var': 'Brunel_P'}, {'particle': 'e_B_Jpsi', 'bin_var': 'Brunel_ETA'}, {'particle': 'e_B_Jpsi', 'bin_var': 'nTracks'}]
[I 260828 20:45:38 utils:819] Processed 258/258 files
[I 260828 20:45:38 utils:966] 161747300/165055762 (98.0%) events passed binning range cut
[I 260828 20:45:38 utils:966] 133678094/161747300 (82.6%) events passed 'Brunel_MC15TuneV1_ProbNNk>0.2&Brunel_MC15TuneV1_ProbNNghost<0.3' cut
[I 260828 20:45:38 make_eff_hists:270] Efficiency histograms saved to 'pidcalib_iso/run2-rdx-2016-md-K_nnknng_gtlt-p_eta_ntracks/effhists-Turbo16-down-K-Brunel_MC15TuneV1_ProbNNk>0.2&Brunel_MC15TuneV1_ProbNNghost<0.3-Brunel_P.Brunel_ETA.nTracks_Brunel-binning_iso.pkl'
Output folder: pidcalib_iso/run2-rdx-2016-md-K_nnknng_lt02lt02-p_eta_ntracks
[I 260828 20:45:41 make_eff_hists:203] Running PIDCalib2 make_eff_hists with the config:
[I 260828 20:45:41 utils:153] ===============
[I 260828 20:45:41 utils:156] sample         : Turbo16
[I 260828 20:45:41 utils:156] magnet         : down
[I 260828 20:45:41 utils:156] particle       : K
[I 260828 20:45:41 utils:156] pid_cuts       : ['Brunel_MC15TuneV1_ProbNNk<0.2&Brunel_MC15TuneV1_ProbNNghost<0.2']
[I 260828 20:45:41 utils:156] bin_vars       : ['Brunel_P', 'Brunel_ETA', 'nTracks_Brunel']
[I 260828 20:45:41 utils:156] binning_files  : ['./binning_iso.json']
[I 260828 20:45:41 utils:156] output_dir     : pidcalib_iso/run2-rdx-2016-md-K_nnknng_lt02lt02-p_eta_ntracks
[I 260828 20:45:41 utils:156] verbose        : False
[I 260828 20:45:41 utils:156] version        : 1.5.6
[I 260828 20:45:41 utils:157] ===============
[W 260828 20:45:41 make_eff_hists:207] No --cut specified. Cuts on PID samples should match your sample cuts.
[I 260828 20:45:43 utils:609] 258 calibration files from EOS will be processed
[I 260828 20:45:43 binning:543] Loading binnings from ./binning_iso.json
[W 260828 20:45:43 binning:581] The following custom binnings are not being used: [{'particle': 'Pi', 'bin_var': 'Brunel_P'}, {'particle': 'Pi', 'bin_var': 'Brunel_ETA'}, {'particle': 'Pi', 'bin_var': 'nTracks_Brunel'}, {'particle': 'P', 'bin_var': 'Brunel_P'}, {'particle': 'P', 'bin_var': 'Brunel_ETA'}, {'particle': 'P', 'bin_var': 'nTracks_Brunel'}, {'particle': 'Mu_nopt', 'bin_var': 'Brunel_P'}, {'particle': 'Mu_nopt', 'bin_var': 'Brunel_ETA'}, {'particle': 'Mu_nopt', 'bin_var': 'nTracks_Brunel'}, {'particle': 'e_B_Jpsi', 'bin_var': 'Brunel_P'}, {'particle': 'e_B_Jpsi', 'bin_var': 'Brunel_ETA'}, {'particle': 'e_B_Jpsi', 'bin_var': 'nTracks'}]
[I 260828 20:52:08 utils:819] Processed 258/258 files
[I 260828 20:52:08 utils:966] 161747300/165055762 (98.0%) events passed binning range cut
[I 260828 20:52:08 utils:966] 20217958/161747300 (12.5%) events passed 'Brunel_MC15TuneV1_ProbNNk<0.2&Brunel_MC15TuneV1_ProbNNghost<0.2' cut
[I 260828 20:52:08 make_eff_hists:270] Efficiency histograms saved to 'pidcalib_iso/run2-rdx-2016-md-K_nnknng_lt02lt02-p_eta_ntracks/effhists-Turbo16-down-K-Brunel_MC15TuneV1_ProbNNk<0.2&Brunel_MC15TuneV1_ProbNNghost<0.2-Brunel_P.Brunel_ETA.nTracks_Brunel-binning_iso.pkl'
Output folder: pidcalib_iso/run2-rdx-2016-md-Pi_nnpnng_gtlt-p_eta_ntracks
[I 260828 20:52:12 make_eff_hists:203] Running PIDCalib2 make_eff_hists with the config:
[I 260828 20:52:12 utils:153] ===============
[I 260828 20:52:12 utils:156] sample         : Turbo16
[I 260828 20:52:12 utils:156] magnet         : down
[I 260828 20:52:12 utils:156] particle       : Pi
[I 260828 20:52:12 utils:156] pid_cuts       : ['Brunel_MC15TuneV1_ProbNNp>0.4&Brunel_MC15TuneV1_ProbNNghost<0.3']
[I 260828 20:52:12 utils:156] bin_vars       : ['Brunel_P', 'Brunel_ETA', 'nTracks_Brunel']
[I 260828 20:52:12 utils:156] binning_files  : ['./binning_iso.json']
[I 260828 20:52:12 utils:156] output_dir     : pidcalib_iso/run2-rdx-2016-md-Pi_nnpnng_gtlt-p_eta_ntracks
[I 260828 20:52:12 utils:156] verbose        : False
[I 260828 20:52:12 utils:156] version        : 1.5.6
[I 260828 20:52:12 utils:157] ===============
[W 260828 20:52:12 make_eff_hists:207] No --cut specified. Cuts on PID samples should match your sample cuts.
[I 260828 20:52:12 utils:609] 258 calibration files from EOS will be processed
[I 260828 20:52:12 binning:543] Loading binnings from ./binning_iso.json
[W 260828 20:52:12 binning:581] The following custom binnings are not being used: [{'particle': 'K', 'bin_var': 'Brunel_P'}, {'particle': 'K', 'bin_var': 'Brunel_ETA'}, {'particle': 'K', 'bin_var': 'nTracks_Brunel'}, {'particle': 'P', 'bin_var': 'Brunel_P'}, {'particle': 'P', 'bin_var': 'Brunel_ETA'}, {'particle': 'P', 'bin_var': 'nTracks_Brunel'}, {'particle': 'Mu_nopt', 'bin_var': 'Brunel_P'}, {'particle': 'Mu_nopt', 'bin_var': 'Brunel_ETA'}, {'particle': 'Mu_nopt', 'bin_var': 'nTracks_Brunel'}, {'particle': 'e_B_Jpsi', 'bin_var': 'Brunel_P'}, {'particle': 'e_B_Jpsi', 'bin_var': 'Brunel_ETA'}, {'particle': 'e_B_Jpsi', 'bin_var': 'nTracks'}]
[I 260828 20:58:37 utils:819] Processed 258/258 files
[I 260828 20:58:37 utils:966] 162013807/165055762 (98.2%) events passed binning range cut
[I 260828 20:58:37 utils:966] 3544428/162013807 (2.2%) events passed 'Brunel_MC15TuneV1_ProbNNp>0.4&Brunel_MC15TuneV1_ProbNNghost<0.3' cut
[I 260828 20:58:37 make_eff_hists:270] Efficiency histograms saved to 'pidcalib_iso/run2-rdx-2016-md-Pi_nnpnng_gtlt-p_eta_ntracks/effhists-Turbo16-down-Pi-Brunel_MC15TuneV1_ProbNNp>0.4&Brunel_MC15TuneV1_ProbNNghost<0.3-Brunel_P.Brunel_ETA.nTracks_Brunel-binning_iso.pkl'
Output folder: pidcalib_iso/run2-rdx-2016-md-Pi_nnk_gt-p_eta_ntracks
[I 260828 20:58:39 make_eff_hists:203] Running PIDCalib2 make_eff_hists with the config:
[I 260828 20:58:39 utils:153] ===============
[I 260828 20:58:39 utils:156] sample         : Turbo16
[I 260828 20:58:39 utils:156] magnet         : down
[I 260828 20:58:39 utils:156] particle       : Pi
[I 260828 20:58:39 utils:156] pid_cuts       : ['Brunel_MC15TuneV1_ProbNNk>0.2']
[I 260828 20:58:39 utils:156] bin_vars       : ['Brunel_P', 'Brunel_ETA', 'nTracks_Brunel']
[I 260828 20:58:39 utils:156] binning_files  : ['./binning_iso.json']
[I 260828 20:58:39 utils:156] output_dir     : pidcalib_iso/run2-rdx-2016-md-Pi_nnk_gt-p_eta_ntracks
[I 260828 20:58:39 utils:156] verbose        : False
[I 260828 20:58:39 utils:156] version        : 1.5.6
[I 260828 20:58:39 utils:157] ===============
[W 260828 20:58:39 make_eff_hists:207] No --cut specified. Cuts on PID samples should match your sample cuts.
[I 260828 20:59:04 utils:609] 258 calibration files from EOS will be processed
[I 260828 20:59:04 binning:543] Loading binnings from ./binning_iso.json
[W 260828 20:59:04 binning:581] The following custom binnings are not being used: [{'particle': 'K', 'bin_var': 'Brunel_P'}, {'particle': 'K', 'bin_var': 'Brunel_ETA'}, {'particle': 'K', 'bin_var': 'nTracks_Brunel'}, {'particle': 'P', 'bin_var': 'Brunel_P'}, {'particle': 'P', 'bin_var': 'Brunel_ETA'}, {'particle': 'P', 'bin_var': 'nTracks_Brunel'}, {'particle': 'Mu_nopt', 'bin_var': 'Brunel_P'}, {'particle': 'Mu_nopt', 'bin_var': 'Brunel_ETA'}, {'particle': 'Mu_nopt', 'bin_var': 'nTracks_Brunel'}, {'particle': 'e_B_Jpsi', 'bin_var': 'Brunel_P'}, {'particle': 'e_B_Jpsi', 'bin_var': 'Brunel_ETA'}, {'particle': 'e_B_Jpsi', 'bin_var': 'nTracks'}]
[I 260828 21:05:06 utils:819] Processed 258/258 files
[I 260828 21:05:06 utils:966] 162013807/165055762 (98.2%) events passed binning range cut
[I 260828 21:05:06 utils:966] 20630977/162013807 (12.7%) events passed 'Brunel_MC15TuneV1_ProbNNk>0.2' cut
[I 260828 21:05:06 make_eff_hists:270] Efficiency histograms saved to 'pidcalib_iso/run2-rdx-2016-md-Pi_nnk_gt-p_eta_ntracks/effhists-Turbo16-down-Pi-Brunel_MC15TuneV1_ProbNNk>0.2-Brunel_P.Brunel_ETA.nTracks_Brunel-binning_iso.pkl'
Output folder: pidcalib_iso/run2-rdx-2016-md-Pi_nnknng_gt02lt02-p_eta_ntracks
[I 260828 21:05:10 make_eff_hists:203] Running PIDCalib2 make_eff_hists with the config:
[I 260828 21:05:10 utils:153] ===============
[I 260828 21:05:10 utils:156] sample         : Turbo16
[I 260828 21:05:10 utils:156] magnet         : down
[I 260828 21:05:10 utils:156] particle       : Pi
[I 260828 21:05:10 utils:156] pid_cuts       : ['Brunel_MC15TuneV1_ProbNNk>0.2&Brunel_MC15TuneV1_ProbNNghost<0.2']
[I 260828 21:05:10 utils:156] bin_vars       : ['Brunel_P', 'Brunel_ETA', 'nTracks_Brunel']
[I 260828 21:05:10 utils:156] binning_files  : ['./binning_iso.json']
[I 260828 21:05:10 utils:156] output_dir     : pidcalib_iso/run2-rdx-2016-md-Pi_nnknng_gt02lt02-p_eta_ntracks
[I 260828 21:05:10 utils:156] verbose        : False
[I 260828 21:05:10 utils:156] version        : 1.5.6
[I 260828 21:05:10 utils:157] ===============
[W 260828 21:05:10 make_eff_hists:207] No --cut specified. Cuts on PID samples should match your sample cuts.
[I 260828 21:05:10 utils:609] 258 calibration files from EOS will be processed
[I 260828 21:05:10 binning:543] Loading binnings from ./binning_iso.json
[W 260828 21:05:10 binning:581] The following custom binnings are not being used: [{'particle': 'K', 'bin_var': 'Brunel_P'}, {'particle': 'K', 'bin_var': 'Brunel_ETA'}, {'particle': 'K', 'bin_var': 'nTracks_Brunel'}, {'particle': 'P', 'bin_var': 'Brunel_P'}, {'particle': 'P', 'bin_var': 'Brunel_ETA'}, {'particle': 'P', 'bin_var': 'nTracks_Brunel'}, {'particle': 'Mu_nopt', 'bin_var': 'Brunel_P'}, {'particle': 'Mu_nopt', 'bin_var': 'Brunel_ETA'}, {'particle': 'Mu_nopt', 'bin_var': 'nTracks_Brunel'}, {'particle': 'e_B_Jpsi', 'bin_var': 'Brunel_P'}, {'particle': 'e_B_Jpsi', 'bin_var': 'Brunel_ETA'}, {'particle': 'e_B_Jpsi', 'bin_var': 'nTracks'}]
[I 260828 21:11:33 utils:819] Processed 258/258 files
[I 260828 21:11:33 utils:966] 162013807/165055762 (98.2%) events passed binning range cut
[I 260828 21:11:33 utils:966] 19325343/162013807 (11.9%) events passed 'Brunel_MC15TuneV1_ProbNNk>0.2&Brunel_MC15TuneV1_ProbNNghost<0.2' cut
[I 260828 21:11:33 make_eff_hists:270] Efficiency histograms saved to 'pidcalib_iso/run2-rdx-2016-md-Pi_nnknng_gt02lt02-p_eta_ntracks/effhists-Turbo16-down-Pi-Brunel_MC15TuneV1_ProbNNk>0.2&Brunel_MC15TuneV1_ProbNNghost<0.2-Brunel_P.Brunel_ETA.nTracks_Brunel-binning_iso.pkl'
Output folder: pidcalib_iso/run2-rdx-2016-md-Pi_nnknng_ltlt-p_eta_ntracks
[I 260828 21:11:36 make_eff_hists:203] Running PIDCalib2 make_eff_hists with the config:
[I 260828 21:11:36 utils:153] ===============
[I 260828 21:11:36 utils:156] sample         : Turbo16
[I 260828 21:11:36 utils:156] magnet         : down
[I 260828 21:11:36 utils:156] particle       : Pi
[I 260828 21:11:36 utils:156] pid_cuts       : ['Brunel_MC15TuneV1_ProbNNk<0.2&Brunel_MC15TuneV1_ProbNNghost<0.3']
[I 260828 21:11:36 utils:156] bin_vars       : ['Brunel_P', 'Brunel_ETA', 'nTracks_Brunel']
[I 260828 21:11:36 utils:156] binning_files  : ['./binning_iso.json']
[I 260828 21:11:36 utils:156] output_dir     : pidcalib_iso/run2-rdx-2016-md-Pi_nnknng_ltlt-p_eta_ntracks
[I 260828 21:11:36 utils:156] verbose        : False
[I 260828 21:11:36 utils:156] version        : 1.5.6
[I 260828 21:11:36 utils:157] ===============
[W 260828 21:11:36 make_eff_hists:207] No --cut specified. Cuts on PID samples should match your sample cuts.
[I 260828 21:11:43 utils:609] 258 calibration files from EOS will be processed
[I 260828 21:11:43 binning:543] Loading binnings from ./binning_iso.json
[W 260828 21:11:43 binning:581] The following custom binnings are not being used: [{'particle': 'K', 'bin_var': 'Brunel_P'}, {'particle': 'K', 'bin_var': 'Brunel_ETA'}, {'particle': 'K', 'bin_var': 'nTracks_Brunel'}, {'particle': 'P', 'bin_var': 'Brunel_P'}, {'particle': 'P', 'bin_var': 'Brunel_ETA'}, {'particle': 'P', 'bin_var': 'nTracks_Brunel'}, {'particle': 'Mu_nopt', 'bin_var': 'Brunel_P'}, {'particle': 'Mu_nopt', 'bin_var': 'Brunel_ETA'}, {'particle': 'Mu_nopt', 'bin_var': 'nTracks_Brunel'}, {'particle': 'e_B_Jpsi', 'bin_var': 'Brunel_P'}, {'particle': 'e_B_Jpsi', 'bin_var': 'Brunel_ETA'}, {'particle': 'e_B_Jpsi', 'bin_var': 'nTracks'}]
[I 260828 21:18:05 utils:819] Processed 258/258 files
[I 260828 21:18:05 utils:966] 162013807/165055762 (98.2%) events passed binning range cut
[I 260828 21:18:05 utils:966] 136129591/162013807 (84.0%) events passed 'Brunel_MC15TuneV1_ProbNNk<0.2&Brunel_MC15TuneV1_ProbNNghost<0.3' cut
[I 260828 21:18:05 make_eff_hists:270] Efficiency histograms saved to 'pidcalib_iso/run2-rdx-2016-md-Pi_nnknng_ltlt-p_eta_ntracks/effhists-Turbo16-down-Pi-Brunel_MC15TuneV1_ProbNNk<0.2&Brunel_MC15TuneV1_ProbNNghost<0.3-Brunel_P.Brunel_ETA.nTracks_Brunel-binning_iso.pkl'
Output folder: pidcalib_iso/run2-rdx-2016-md-Pi_nnp_gt-p_eta_ntracks
[I 260828 21:18:09 make_eff_hists:203] Running PIDCalib2 make_eff_hists with the config:
[I 260828 21:18:09 utils:153] ===============
[I 260828 21:18:09 utils:156] sample         : Turbo16
[I 260828 21:18:09 utils:156] magnet         : down
[I 260828 21:18:09 utils:156] particle       : Pi
[I 260828 21:18:09 utils:156] pid_cuts       : ['Brunel_MC15TuneV1_ProbNNp>0.4']
[I 260828 21:18:09 utils:156] bin_vars       : ['Brunel_P', 'Brunel_ETA', 'nTracks_Brunel']
[I 260828 21:18:09 utils:156] binning_files  : ['./binning_iso.json']
[I 260828 21:18:09 utils:156] output_dir     : pidcalib_iso/run2-rdx-2016-md-Pi_nnp_gt-p_eta_ntracks
[I 260828 21:18:09 utils:156] verbose        : False
[I 260828 21:18:09 utils:156] version        : 1.5.6
[I 260828 21:18:09 utils:157] ===============
[W 260828 21:18:09 make_eff_hists:207] No --cut specified. Cuts on PID samples should match your sample cuts.
[I 260828 21:18:09 utils:609] 258 calibration files from EOS will be processed
[I 260828 21:18:09 binning:543] Loading binnings from ./binning_iso.json
[W 260828 21:18:09 binning:581] The following custom binnings are not being used: [{'particle': 'K', 'bin_var': 'Brunel_P'}, {'particle': 'K', 'bin_var': 'Brunel_ETA'}, {'particle': 'K', 'bin_var': 'nTracks_Brunel'}, {'particle': 'P', 'bin_var': 'Brunel_P'}, {'particle': 'P', 'bin_var': 'Brunel_ETA'}, {'particle': 'P', 'bin_var': 'nTracks_Brunel'}, {'particle': 'Mu_nopt', 'bin_var': 'Brunel_P'}, {'particle': 'Mu_nopt', 'bin_var': 'Brunel_ETA'}, {'particle': 'Mu_nopt', 'bin_var': 'nTracks_Brunel'}, {'particle': 'e_B_Jpsi', 'bin_var': 'Brunel_P'}, {'particle': 'e_B_Jpsi', 'bin_var': 'Brunel_ETA'}, {'particle': 'e_B_Jpsi', 'bin_var': 'nTracks'}]
[I 260828 21:24:28 utils:819] Processed 258/258 files
[I 260828 21:24:28 utils:966] 162013807/165055762 (98.2%) events passed binning range cut
[I 260828 21:24:28 utils:966] 3829056/162013807 (2.4%) events passed 'Brunel_MC15TuneV1_ProbNNp>0.4' cut
[I 260828 21:24:28 make_eff_hists:270] Efficiency histograms saved to 'pidcalib_iso/run2-rdx-2016-md-Pi_nnp_gt-p_eta_ntracks/effhists-Turbo16-down-Pi-Brunel_MC15TuneV1_ProbNNp>0.4-Brunel_P.Brunel_ETA.nTracks_Brunel-binning_iso.pkl'
Output folder: pidcalib_iso/run2-rdx-2016-md-Pi_nnknng_gtlt-p_eta_ntracks
[I 260828 21:24:31 make_eff_hists:203] Running PIDCalib2 make_eff_hists with the config:
[I 260828 21:24:31 utils:153] ===============
[I 260828 21:24:31 utils:156] sample         : Turbo16
[I 260828 21:24:31 utils:156] magnet         : down
[I 260828 21:24:31 utils:156] particle       : Pi
[I 260828 21:24:31 utils:156] pid_cuts       : ['Brunel_MC15TuneV1_ProbNNk>0.2&Brunel_MC15TuneV1_ProbNNghost<0.3']
[I 260828 21:24:31 utils:156] bin_vars       : ['Brunel_P', 'Brunel_ETA', 'nTracks_Brunel']
[I 260828 21:24:31 utils:156] binning_files  : ['./binning_iso.json']
[I 260828 21:24:31 utils:156] output_dir     : pidcalib_iso/run2-rdx-2016-md-Pi_nnknng_gtlt-p_eta_ntracks
[I 260828 21:24:31 utils:156] verbose        : False
[I 260828 21:24:31 utils:156] version        : 1.5.6
[I 260828 21:24:31 utils:157] ===============
[W 260828 21:24:31 make_eff_hists:207] No --cut specified. Cuts on PID samples should match your sample cuts.
[I 260828 21:24:32 utils:609] 258 calibration files from EOS will be processed
[I 260828 21:24:32 binning:543] Loading binnings from ./binning_iso.json
[W 260828 21:24:32 binning:581] The following custom binnings are not being used: [{'particle': 'K', 'bin_var': 'Brunel_P'}, {'particle': 'K', 'bin_var': 'Brunel_ETA'}, {'particle': 'K', 'bin_var': 'nTracks_Brunel'}, {'particle': 'P', 'bin_var': 'Brunel_P'}, {'particle': 'P', 'bin_var': 'Brunel_ETA'}, {'particle': 'P', 'bin_var': 'nTracks_Brunel'}, {'particle': 'Mu_nopt', 'bin_var': 'Brunel_P'}, {'particle': 'Mu_nopt', 'bin_var': 'Brunel_ETA'}, {'particle': 'Mu_nopt', 'bin_var': 'nTracks_Brunel'}, {'particle': 'e_B_Jpsi', 'bin_var': 'Brunel_P'}, {'particle': 'e_B_Jpsi', 'bin_var': 'Brunel_ETA'}, {'particle': 'e_B_Jpsi', 'bin_var': 'nTracks'}]
[I 260828 21:30:58 utils:819] Processed 258/258 files
[I 260828 21:30:58 utils:966] 162013807/165055762 (98.2%) events passed binning range cut
[I 260828 21:30:58 utils:966] 19723644/162013807 (12.2%) events passed 'Brunel_MC15TuneV1_ProbNNk>0.2&Brunel_MC15TuneV1_ProbNNghost<0.3' cut
[I 260828 21:30:58 make_eff_hists:270] Efficiency histograms saved to 'pidcalib_iso/run2-rdx-2016-md-Pi_nnknng_gtlt-p_eta_ntracks/effhists-Turbo16-down-Pi-Brunel_MC15TuneV1_ProbNNk>0.2&Brunel_MC15TuneV1_ProbNNghost<0.3-Brunel_P.Brunel_ETA.nTracks_Brunel-binning_iso.pkl'
Output folder: pidcalib_iso/run2-rdx-2016-md-Pi_nnknng_lt02lt02-p_eta_ntracks
[I 260828 21:31:02 make_eff_hists:203] Running PIDCalib2 make_eff_hists with the config:
[I 260828 21:31:02 utils:153] ===============
[I 260828 21:31:02 utils:156] sample         : Turbo16
[I 260828 21:31:02 utils:156] magnet         : down
[I 260828 21:31:02 utils:156] particle       : Pi
[I 260828 21:31:02 utils:156] pid_cuts       : ['Brunel_MC15TuneV1_ProbNNk<0.2&Brunel_MC15TuneV1_ProbNNghost<0.2']
[I 260828 21:31:02 utils:156] bin_vars       : ['Brunel_P', 'Brunel_ETA', 'nTracks_Brunel']
[I 260828 21:31:02 utils:156] binning_files  : ['./binning_iso.json']
[I 260828 21:31:02 utils:156] output_dir     : pidcalib_iso/run2-rdx-2016-md-Pi_nnknng_lt02lt02-p_eta_ntracks
[I 260828 21:31:02 utils:156] verbose        : False
[I 260828 21:31:02 utils:156] version        : 1.5.6
[I 260828 21:31:02 utils:157] ===============
[W 260828 21:31:02 make_eff_hists:207] No --cut specified. Cuts on PID samples should match your sample cuts.
[I 260828 21:31:02 utils:609] 258 calibration files from EOS will be processed
[I 260828 21:31:02 binning:543] Loading binnings from ./binning_iso.json
[W 260828 21:31:02 binning:581] The following custom binnings are not being used: [{'particle': 'K', 'bin_var': 'Brunel_P'}, {'particle': 'K', 'bin_var': 'Brunel_ETA'}, {'particle': 'K', 'bin_var': 'nTracks_Brunel'}, {'particle': 'P', 'bin_var': 'Brunel_P'}, {'particle': 'P', 'bin_var': 'Brunel_ETA'}, {'particle': 'P', 'bin_var': 'nTracks_Brunel'}, {'particle': 'Mu_nopt', 'bin_var': 'Brunel_P'}, {'particle': 'Mu_nopt', 'bin_var': 'Brunel_ETA'}, {'particle': 'Mu_nopt', 'bin_var': 'nTracks_Brunel'}, {'particle': 'e_B_Jpsi', 'bin_var': 'Brunel_P'}, {'particle': 'e_B_Jpsi', 'bin_var': 'Brunel_ETA'}, {'particle': 'e_B_Jpsi', 'bin_var': 'nTracks'}]
[I 260828 21:37:30 utils:819] Processed 258/258 files
[I 260828 21:37:30 utils:966] 162013807/165055762 (98.2%) events passed binning range cut
[I 260828 21:37:30 utils:966] 133778025/162013807 (82.6%) events passed 'Brunel_MC15TuneV1_ProbNNk<0.2&Brunel_MC15TuneV1_ProbNNghost<0.2' cut
[I 260828 21:37:30 make_eff_hists:270] Efficiency histograms saved to 'pidcalib_iso/run2-rdx-2016-md-Pi_nnknng_lt02lt02-p_eta_ntracks/effhists-Turbo16-down-Pi-Brunel_MC15TuneV1_ProbNNk<0.2&Brunel_MC15TuneV1_ProbNNghost<0.2-Brunel_P.Brunel_ETA.nTracks_Brunel-binning_iso.pkl'
Output folder: pidcalib_iso/run2-rdx-2016-md-P_nnpnng_gtlt-p_eta_ntracks
[I 260828 21:37:33 make_eff_hists:203] Running PIDCalib2 make_eff_hists with the config:
[I 260828 21:37:33 utils:153] ===============
[I 260828 21:37:33 utils:156] sample         : Turbo16
[I 260828 21:37:33 utils:156] magnet         : down
[I 260828 21:37:33 utils:156] particle       : P
[I 260828 21:37:33 utils:156] pid_cuts       : ['Brunel_MC15TuneV1_ProbNNp>0.4&Brunel_MC15TuneV1_ProbNNghost<0.3']
[I 260828 21:37:33 utils:156] bin_vars       : ['Brunel_P', 'Brunel_ETA', 'nTracks_Brunel']
[I 260828 21:37:33 utils:156] binning_files  : ['./binning_iso.json']
[I 260828 21:37:33 utils:156] output_dir     : pidcalib_iso/run2-rdx-2016-md-P_nnpnng_gtlt-p_eta_ntracks
[I 260828 21:37:33 utils:156] verbose        : False
[I 260828 21:37:33 utils:156] version        : 1.5.6
[I 260828 21:37:33 utils:157] ===============
[W 260828 21:37:33 make_eff_hists:207] No --cut specified. Cuts on PID samples should match your sample cuts.
[I 260828 21:37:47 utils:609] 258 calibration files from EOS will be processed
[I 260828 21:37:47 binning:543] Loading binnings from ./binning_iso.json
[W 260828 21:37:47 binning:581] The following custom binnings are not being used: [{'particle': 'Pi', 'bin_var': 'Brunel_P'}, {'particle': 'Pi', 'bin_var': 'Brunel_ETA'}, {'particle': 'Pi', 'bin_var': 'nTracks_Brunel'}, {'particle': 'K', 'bin_var': 'Brunel_P'}, {'particle': 'K', 'bin_var': 'Brunel_ETA'}, {'particle': 'K', 'bin_var': 'nTracks_Brunel'}, {'particle': 'Mu_nopt', 'bin_var': 'Brunel_P'}, {'particle': 'Mu_nopt', 'bin_var': 'Brunel_ETA'}, {'particle': 'Mu_nopt', 'bin_var': 'nTracks_Brunel'}, {'particle': 'e_B_Jpsi', 'bin_var': 'Brunel_P'}, {'particle': 'e_B_Jpsi', 'bin_var': 'Brunel_ETA'}, {'particle': 'e_B_Jpsi', 'bin_var': 'nTracks'}]
[I 260828 21:47:18 utils:819] Processed 258/258 files
[I 260828 21:47:18 utils:966] 118730016/121259904 (97.9%) events passed binning range cut
[I 260828 21:47:18 utils:966] 97192553/118730016 (81.9%) events passed 'Brunel_MC15TuneV1_ProbNNp>0.4&Brunel_MC15TuneV1_ProbNNghost<0.3' cut
[I 260828 21:47:18 make_eff_hists:270] Efficiency histograms saved to 'pidcalib_iso/run2-rdx-2016-md-P_nnpnng_gtlt-p_eta_ntracks/effhists-Turbo16-down-P-Brunel_MC15TuneV1_ProbNNp>0.4&Brunel_MC15TuneV1_ProbNNghost<0.3-Brunel_P.Brunel_ETA.nTracks_Brunel-binning_iso.pkl'
Output folder: pidcalib_iso/run2-rdx-2016-md-P_nnk_gt-p_eta_ntracks
[I 260828 21:47:22 make_eff_hists:203] Running PIDCalib2 make_eff_hists with the config:
[I 260828 21:47:22 utils:153] ===============
[I 260828 21:47:22 utils:156] sample         : Turbo16
[I 260828 21:47:22 utils:156] magnet         : down
[I 260828 21:47:22 utils:156] particle       : P
[I 260828 21:47:22 utils:156] pid_cuts       : ['Brunel_MC15TuneV1_ProbNNk>0.2']
[I 260828 21:47:22 utils:156] bin_vars       : ['Brunel_P', 'Brunel_ETA', 'nTracks_Brunel']
[I 260828 21:47:22 utils:156] binning_files  : ['./binning_iso.json']
[I 260828 21:47:22 utils:156] output_dir     : pidcalib_iso/run2-rdx-2016-md-P_nnk_gt-p_eta_ntracks
[I 260828 21:47:22 utils:156] verbose        : False
[I 260828 21:47:22 utils:156] version        : 1.5.6
[I 260828 21:47:22 utils:157] ===============
[W 260828 21:47:22 make_eff_hists:207] No --cut specified. Cuts on PID samples should match your sample cuts.
[I 260828 21:47:22 utils:609] 258 calibration files from EOS will be processed
[I 260828 21:47:22 binning:543] Loading binnings from ./binning_iso.json
[W 260828 21:47:22 binning:581] The following custom binnings are not being used: [{'particle': 'Pi', 'bin_var': 'Brunel_P'}, {'particle': 'Pi', 'bin_var': 'Brunel_ETA'}, {'particle': 'Pi', 'bin_var': 'nTracks_Brunel'}, {'particle': 'K', 'bin_var': 'Brunel_P'}, {'particle': 'K', 'bin_var': 'Brunel_ETA'}, {'particle': 'K', 'bin_var': 'nTracks_Brunel'}, {'particle': 'Mu_nopt', 'bin_var': 'Brunel_P'}, {'particle': 'Mu_nopt', 'bin_var': 'Brunel_ETA'}, {'particle': 'Mu_nopt', 'bin_var': 'nTracks_Brunel'}, {'particle': 'e_B_Jpsi', 'bin_var': 'Brunel_P'}, {'particle': 'e_B_Jpsi', 'bin_var': 'Brunel_ETA'}, {'particle': 'e_B_Jpsi', 'bin_var': 'nTracks'}]
[I 260828 21:56:06 utils:819] Processed 258/258 files
[I 260828 21:56:06 utils:966] 118730016/121259904 (97.9%) events passed binning range cut
[I 260828 21:56:06 utils:966] 36949719/118730016 (31.1%) events passed 'Brunel_MC15TuneV1_ProbNNk>0.2' cut
[I 260828 21:56:06 make_eff_hists:270] Efficiency histograms saved to 'pidcalib_iso/run2-rdx-2016-md-P_nnk_gt-p_eta_ntracks/effhists-Turbo16-down-P-Brunel_MC15TuneV1_ProbNNk>0.2-Brunel_P.Brunel_ETA.nTracks_Brunel-binning_iso.pkl'
Output folder: pidcalib_iso/run2-rdx-2016-md-P_nnknng_gt02lt02-p_eta_ntracks
[I 260828 21:56:09 make_eff_hists:203] Running PIDCalib2 make_eff_hists with the config:
[I 260828 21:56:09 utils:153] ===============
[I 260828 21:56:09 utils:156] sample         : Turbo16
[I 260828 21:56:09 utils:156] magnet         : down
[I 260828 21:56:09 utils:156] particle       : P
[I 260828 21:56:09 utils:156] pid_cuts       : ['Brunel_MC15TuneV1_ProbNNk>0.2&Brunel_MC15TuneV1_ProbNNghost<0.2']
[I 260828 21:56:09 utils:156] bin_vars       : ['Brunel_P', 'Brunel_ETA', 'nTracks_Brunel']
[I 260828 21:56:09 utils:156] binning_files  : ['./binning_iso.json']
[I 260828 21:56:09 utils:156] output_dir     : pidcalib_iso/run2-rdx-2016-md-P_nnknng_gt02lt02-p_eta_ntracks
[I 260828 21:56:09 utils:156] verbose        : False
[I 260828 21:56:09 utils:156] version        : 1.5.6
[I 260828 21:56:09 utils:157] ===============
[W 260828 21:56:09 make_eff_hists:207] No --cut specified. Cuts on PID samples should match your sample cuts.
[I 260828 21:56:10 utils:609] 258 calibration files from EOS will be processed
[I 260828 21:56:10 binning:543] Loading binnings from ./binning_iso.json
[W 260828 21:56:10 binning:581] The following custom binnings are not being used: [{'particle': 'Pi', 'bin_var': 'Brunel_P'}, {'particle': 'Pi', 'bin_var': 'Brunel_ETA'}, {'particle': 'Pi', 'bin_var': 'nTracks_Brunel'}, {'particle': 'K', 'bin_var': 'Brunel_P'}, {'particle': 'K', 'bin_var': 'Brunel_ETA'}, {'particle': 'K', 'bin_var': 'nTracks_Brunel'}, {'particle': 'Mu_nopt', 'bin_var': 'Brunel_P'}, {'particle': 'Mu_nopt', 'bin_var': 'Brunel_ETA'}, {'particle': 'Mu_nopt', 'bin_var': 'nTracks_Brunel'}, {'particle': 'e_B_Jpsi', 'bin_var': 'Brunel_P'}, {'particle': 'e_B_Jpsi', 'bin_var': 'Brunel_ETA'}, {'particle': 'e_B_Jpsi', 'bin_var': 'nTracks'}]
[I 260828 22:05:40 utils:819] Processed 258/258 files
[I 260828 22:05:40 utils:966] 118730016/121259904 (97.9%) events passed binning range cut
[I 260828 22:05:40 utils:966] 33292135/118730016 (28.0%) events passed 'Brunel_MC15TuneV1_ProbNNk>0.2&Brunel_MC15TuneV1_ProbNNghost<0.2' cut
[I 260828 22:05:40 make_eff_hists:270] Efficiency histograms saved to 'pidcalib_iso/run2-rdx-2016-md-P_nnknng_gt02lt02-p_eta_ntracks/effhists-Turbo16-down-P-Brunel_MC15TuneV1_ProbNNk>0.2&Brunel_MC15TuneV1_ProbNNghost<0.2-Brunel_P.Brunel_ETA.nTracks_Brunel-binning_iso.pkl'
Output folder: pidcalib_iso/run2-rdx-2016-md-P_nnknng_ltlt-p_eta_ntracks
[I 260828 22:05:44 make_eff_hists:203] Running PIDCalib2 make_eff_hists with the config:
[I 260828 22:05:44 utils:153] ===============
[I 260828 22:05:44 utils:156] sample         : Turbo16
[I 260828 22:05:44 utils:156] magnet         : down
[I 260828 22:05:44 utils:156] particle       : P
[I 260828 22:05:44 utils:156] pid_cuts       : ['Brunel_MC15TuneV1_ProbNNk<0.2&Brunel_MC15TuneV1_ProbNNghost<0.3']
[I 260828 22:05:44 utils:156] bin_vars       : ['Brunel_P', 'Brunel_ETA', 'nTracks_Brunel']
[I 260828 22:05:44 utils:156] binning_files  : ['./binning_iso.json']
[I 260828 22:05:44 utils:156] output_dir     : pidcalib_iso/run2-rdx-2016-md-P_nnknng_ltlt-p_eta_ntracks
[I 260828 22:05:44 utils:156] verbose        : False
[I 260828 22:05:44 utils:156] version        : 1.5.6
[I 260828 22:05:44 utils:157] ===============
[W 260828 22:05:44 make_eff_hists:207] No --cut specified. Cuts on PID samples should match your sample cuts.
[I 260828 22:05:44 utils:609] 258 calibration files from EOS will be processed
[I 260828 22:05:44 binning:543] Loading binnings from ./binning_iso.json
[W 260828 22:05:44 binning:581] The following custom binnings are not being used: [{'particle': 'Pi', 'bin_var': 'Brunel_P'}, {'particle': 'Pi', 'bin_var': 'Brunel_ETA'}, {'particle': 'Pi', 'bin_var': 'nTracks_Brunel'}, {'particle': 'K', 'bin_var': 'Brunel_P'}, {'particle': 'K', 'bin_var': 'Brunel_ETA'}, {'particle': 'K', 'bin_var': 'nTracks_Brunel'}, {'particle': 'Mu_nopt', 'bin_var': 'Brunel_P'}, {'particle': 'Mu_nopt', 'bin_var': 'Brunel_ETA'}, {'particle': 'Mu_nopt', 'bin_var': 'nTracks_Brunel'}, {'particle': 'e_B_Jpsi', 'bin_var': 'Brunel_P'}, {'particle': 'e_B_Jpsi', 'bin_var': 'Brunel_ETA'}, {'particle': 'e_B_Jpsi', 'bin_var': 'nTracks'}]
[I 260828 22:15:12 utils:819] Processed 258/258 files
[I 260828 22:15:12 utils:966] 118730016/121259904 (97.9%) events passed binning range cut
[I 260828 22:15:12 utils:966] 75369491/118730016 (63.5%) events passed 'Brunel_MC15TuneV1_ProbNNk<0.2&Brunel_MC15TuneV1_ProbNNghost<0.3' cut
[I 260828 22:15:12 make_eff_hists:270] Efficiency histograms saved to 'pidcalib_iso/run2-rdx-2016-md-P_nnknng_ltlt-p_eta_ntracks/effhists-Turbo16-down-P-Brunel_MC15TuneV1_ProbNNk<0.2&Brunel_MC15TuneV1_ProbNNghost<0.3-Brunel_P.Brunel_ETA.nTracks_Brunel-binning_iso.pkl'
Output folder: pidcalib_iso/run2-rdx-2016-md-P_nnp_gt-p_eta_ntracks
[I 260828 22:15:15 make_eff_hists:203] Running PIDCalib2 make_eff_hists with the config:
[I 260828 22:15:15 utils:153] ===============
[I 260828 22:15:15 utils:156] sample         : Turbo16
[I 260828 22:15:15 utils:156] magnet         : down
[I 260828 22:15:15 utils:156] particle       : P
[I 260828 22:15:15 utils:156] pid_cuts       : ['Brunel_MC15TuneV1_ProbNNp>0.4']
[I 260828 22:15:15 utils:156] bin_vars       : ['Brunel_P', 'Brunel_ETA', 'nTracks_Brunel']
[I 260828 22:15:15 utils:156] binning_files  : ['./binning_iso.json']
[I 260828 22:15:15 utils:156] output_dir     : pidcalib_iso/run2-rdx-2016-md-P_nnp_gt-p_eta_ntracks
[I 260828 22:15:15 utils:156] verbose        : False
[I 260828 22:15:15 utils:156] version        : 1.5.6
[I 260828 22:15:15 utils:157] ===============
[W 260828 22:15:15 make_eff_hists:207] No --cut specified. Cuts on PID samples should match your sample cuts.
[I 260828 22:15:16 utils:609] 258 calibration files from EOS will be processed
[I 260828 22:15:16 binning:543] Loading binnings from ./binning_iso.json
[W 260828 22:15:16 binning:581] The following custom binnings are not being used: [{'particle': 'Pi', 'bin_var': 'Brunel_P'}, {'particle': 'Pi', 'bin_var': 'Brunel_ETA'}, {'particle': 'Pi', 'bin_var': 'nTracks_Brunel'}, {'particle': 'K', 'bin_var': 'Brunel_P'}, {'particle': 'K', 'bin_var': 'Brunel_ETA'}, {'particle': 'K', 'bin_var': 'nTracks_Brunel'}, {'particle': 'Mu_nopt', 'bin_var': 'Brunel_P'}, {'particle': 'Mu_nopt', 'bin_var': 'Brunel_ETA'}, {'particle': 'Mu_nopt', 'bin_var': 'nTracks_Brunel'}, {'particle': 'e_B_Jpsi', 'bin_var': 'Brunel_P'}, {'particle': 'e_B_Jpsi', 'bin_var': 'Brunel_ETA'}, {'particle': 'e_B_Jpsi', 'bin_var': 'nTracks'}]
[I 260828 22:24:00 utils:819] Processed 258/258 files
[I 260828 22:24:00 utils:966] 118730016/121259904 (97.9%) events passed binning range cut
[I 260828 22:24:00 utils:966] 102612910/118730016 (86.4%) events passed 'Brunel_MC15TuneV1_ProbNNp>0.4' cut
[I 260828 22:24:00 make_eff_hists:270] Efficiency histograms saved to 'pidcalib_iso/run2-rdx-2016-md-P_nnp_gt-p_eta_ntracks/effhists-Turbo16-down-P-Brunel_MC15TuneV1_ProbNNp>0.4-Brunel_P.Brunel_ETA.nTracks_Brunel-binning_iso.pkl'
Output folder: pidcalib_iso/run2-rdx-2016-md-P_nnknng_gtlt-p_eta_ntracks
[I 260828 22:24:03 make_eff_hists:203] Running PIDCalib2 make_eff_hists with the config:
[I 260828 22:24:03 utils:153] ===============
[I 260828 22:24:03 utils:156] sample         : Turbo16
[I 260828 22:24:03 utils:156] magnet         : down
[I 260828 22:24:03 utils:156] particle       : P
[I 260828 22:24:03 utils:156] pid_cuts       : ['Brunel_MC15TuneV1_ProbNNk>0.2&Brunel_MC15TuneV1_ProbNNghost<0.3']
[I 260828 22:24:03 utils:156] bin_vars       : ['Brunel_P', 'Brunel_ETA', 'nTracks_Brunel']
[I 260828 22:24:03 utils:156] binning_files  : ['./binning_iso.json']
[I 260828 22:24:03 utils:156] output_dir     : pidcalib_iso/run2-rdx-2016-md-P_nnknng_gtlt-p_eta_ntracks
[I 260828 22:24:03 utils:156] verbose        : False
[I 260828 22:24:03 utils:156] version        : 1.5.6
[I 260828 22:24:03 utils:157] ===============
[W 260828 22:24:03 make_eff_hists:207] No --cut specified. Cuts on PID samples should match your sample cuts.
[I 260828 22:24:03 utils:609] 258 calibration files from EOS will be processed
[I 260828 22:24:03 binning:543] Loading binnings from ./binning_iso.json
[W 260828 22:24:03 binning:581] The following custom binnings are not being used: [{'particle': 'Pi', 'bin_var': 'Brunel_P'}, {'particle': 'Pi', 'bin_var': 'Brunel_ETA'}, {'particle': 'Pi', 'bin_var': 'nTracks_Brunel'}, {'particle': 'K', 'bin_var': 'Brunel_P'}, {'particle': 'K', 'bin_var': 'Brunel_ETA'}, {'particle': 'K', 'bin_var': 'nTracks_Brunel'}, {'particle': 'Mu_nopt', 'bin_var': 'Brunel_P'}, {'particle': 'Mu_nopt', 'bin_var': 'Brunel_ETA'}, {'particle': 'Mu_nopt', 'bin_var': 'nTracks_Brunel'}, {'particle': 'e_B_Jpsi', 'bin_var': 'Brunel_P'}, {'particle': 'e_B_Jpsi', 'bin_var': 'Brunel_ETA'}, {'particle': 'e_B_Jpsi', 'bin_var': 'nTracks'}]
[I 260828 22:34:53 utils:819] Processed 258/258 files
[I 260828 22:34:53 utils:966] 118730016/121259904 (97.9%) events passed binning range cut
[I 260828 22:34:53 utils:966] 34369068/118730016 (28.9%) events passed 'Brunel_MC15TuneV1_ProbNNk>0.2&Brunel_MC15TuneV1_ProbNNghost<0.3' cut
[I 260828 22:34:53 make_eff_hists:270] Efficiency histograms saved to 'pidcalib_iso/run2-rdx-2016-md-P_nnknng_gtlt-p_eta_ntracks/effhists-Turbo16-down-P-Brunel_MC15TuneV1_ProbNNk>0.2&Brunel_MC15TuneV1_ProbNNghost<0.3-Brunel_P.Brunel_ETA.nTracks_Brunel-binning_iso.pkl'
Output folder: pidcalib_iso/run2-rdx-2016-md-P_nnknng_lt02lt02-p_eta_ntracks
[I 260828 22:34:56 make_eff_hists:203] Running PIDCalib2 make_eff_hists with the config:
[I 260828 22:34:56 utils:153] ===============
[I 260828 22:34:56 utils:156] sample         : Turbo16
[I 260828 22:34:56 utils:156] magnet         : down
[I 260828 22:34:56 utils:156] particle       : P
[I 260828 22:34:56 utils:156] pid_cuts       : ['Brunel_MC15TuneV1_ProbNNk<0.2&Brunel_MC15TuneV1_ProbNNghost<0.2']
[I 260828 22:34:56 utils:156] bin_vars       : ['Brunel_P', 'Brunel_ETA', 'nTracks_Brunel']
[I 260828 22:34:56 utils:156] binning_files  : ['./binning_iso.json']
[I 260828 22:34:56 utils:156] output_dir     : pidcalib_iso/run2-rdx-2016-md-P_nnknng_lt02lt02-p_eta_ntracks
[I 260828 22:34:56 utils:156] verbose        : False
[I 260828 22:34:56 utils:156] version        : 1.5.6
[I 260828 22:34:56 utils:157] ===============
[W 260828 22:34:56 make_eff_hists:207] No --cut specified. Cuts on PID samples should match your sample cuts.
[I 260828 22:34:57 utils:609] 258 calibration files from EOS will be processed
[I 260828 22:34:57 binning:543] Loading binnings from ./binning_iso.json
[W 260828 22:34:57 binning:581] The following custom binnings are not being used: [{'particle': 'Pi', 'bin_var': 'Brunel_P'}, {'particle': 'Pi', 'bin_var': 'Brunel_ETA'}, {'particle': 'Pi', 'bin_var': 'nTracks_Brunel'}, {'particle': 'K', 'bin_var': 'Brunel_P'}, {'particle': 'K', 'bin_var': 'Brunel_ETA'}, {'particle': 'K', 'bin_var': 'nTracks_Brunel'}, {'particle': 'Mu_nopt', 'bin_var': 'Brunel_P'}, {'particle': 'Mu_nopt', 'bin_var': 'Brunel_ETA'}, {'particle': 'Mu_nopt', 'bin_var': 'nTracks_Brunel'}, {'particle': 'e_B_Jpsi', 'bin_var': 'Brunel_P'}, {'particle': 'e_B_Jpsi', 'bin_var': 'Brunel_ETA'}, {'particle': 'e_B_Jpsi', 'bin_var': 'nTracks'}]
[I 260828 22:44:44 utils:819] Processed 258/258 files
[I 260828 22:44:44 utils:966] 118730016/121259904 (97.9%) events passed binning range cut
[I 260828 22:44:44 utils:966] 72891056/118730016 (61.4%) events passed 'Brunel_MC15TuneV1_ProbNNk<0.2&Brunel_MC15TuneV1_ProbNNghost<0.2' cut
[I 260828 22:44:44 make_eff_hists:270] Efficiency histograms saved to 'pidcalib_iso/run2-rdx-2016-md-P_nnknng_lt02lt02-p_eta_ntracks/effhists-Turbo16-down-P-Brunel_MC15TuneV1_ProbNNk<0.2&Brunel_MC15TuneV1_ProbNNghost<0.2-Brunel_P.Brunel_ETA.nTracks_Brunel-binning_iso.pkl'
Output folder: pidcalib_iso/run2-rdx-2016-md-Mu_nopt_nnpnng_gtlt-p_eta_ntracks
[I 260828 22:44:47 make_eff_hists:203] Running PIDCalib2 make_eff_hists with the config:
[I 260828 22:44:47 utils:153] ===============
[I 260828 22:44:47 utils:156] sample         : Turbo16
[I 260828 22:44:47 utils:156] magnet         : down
[I 260828 22:44:47 utils:156] particle       : Mu_nopt
[I 260828 22:44:47 utils:156] pid_cuts       : ['Brunel_MC15TuneV1_ProbNNp>0.4&Brunel_MC15TuneV1_ProbNNghost<0.3']
[I 260828 22:44:47 utils:156] bin_vars       : ['Brunel_P', 'Brunel_ETA', 'nTracks_Brunel']
[I 260828 22:44:47 utils:156] binning_files  : ['./binning_iso.json']
[I 260828 22:44:47 utils:156] output_dir     : pidcalib_iso/run2-rdx-2016-md-Mu_nopt_nnpnng_gtlt-p_eta_ntracks
[I 260828 22:44:47 utils:156] verbose        : False
[I 260828 22:44:47 utils:156] version        : 1.5.6
[I 260828 22:44:47 utils:157] ===============
[W 260828 22:44:47 make_eff_hists:207] No --cut specified. Cuts on PID samples should match your sample cuts.
[I 260828 22:44:47 utils:609] 28 calibration files from EOS will be processed
[I 260828 22:44:47 binning:543] Loading binnings from ./binning_iso.json
[W 260828 22:44:47 binning:581] The following custom binnings are not being used: [{'particle': 'Pi', 'bin_var': 'Brunel_P'}, {'particle': 'Pi', 'bin_var': 'Brunel_ETA'}, {'particle': 'Pi', 'bin_var': 'nTracks_Brunel'}, {'particle': 'K', 'bin_var': 'Brunel_P'}, {'particle': 'K', 'bin_var': 'Brunel_ETA'}, {'particle': 'K', 'bin_var': 'nTracks_Brunel'}, {'particle': 'P', 'bin_var': 'Brunel_P'}, {'particle': 'P', 'bin_var': 'Brunel_ETA'}, {'particle': 'P', 'bin_var': 'nTracks_Brunel'}, {'particle': 'e_B_Jpsi', 'bin_var': 'Brunel_P'}, {'particle': 'e_B_Jpsi', 'bin_var': 'Brunel_ETA'}, {'particle': 'e_B_Jpsi', 'bin_var': 'nTracks'}]
[I 260828 22:46:43 utils:819] Processed 28/28 files
[I 260828 22:46:43 utils:966] 59536408/60339195 (98.7%) events passed binning range cut
[I 260828 22:46:43 utils:966] 4893723/59536408 (8.2%) events passed 'Brunel_MC15TuneV1_ProbNNp>0.4&Brunel_MC15TuneV1_ProbNNghost<0.3' cut
[I 260828 22:46:43 make_eff_hists:270] Efficiency histograms saved to 'pidcalib_iso/run2-rdx-2016-md-Mu_nopt_nnpnng_gtlt-p_eta_ntracks/effhists-Turbo16-down-Mu_nopt-Brunel_MC15TuneV1_ProbNNp>0.4&Brunel_MC15TuneV1_ProbNNghost<0.3-Brunel_P.Brunel_ETA.nTracks_Brunel-binning_iso.pkl'
Output folder: pidcalib_iso/run2-rdx-2016-md-Mu_nopt_nnk_gt-p_eta_ntracks
[I 260828 22:46:46 make_eff_hists:203] Running PIDCalib2 make_eff_hists with the config:
[I 260828 22:46:46 utils:153] ===============
[I 260828 22:46:46 utils:156] sample         : Turbo16
[I 260828 22:46:46 utils:156] magnet         : down
[I 260828 22:46:46 utils:156] particle       : Mu_nopt
[I 260828 22:46:46 utils:156] pid_cuts       : ['Brunel_MC15TuneV1_ProbNNk>0.2']
[I 260828 22:46:46 utils:156] bin_vars       : ['Brunel_P', 'Brunel_ETA', 'nTracks_Brunel']
[I 260828 22:46:46 utils:156] binning_files  : ['./binning_iso.json']
[I 260828 22:46:46 utils:156] output_dir     : pidcalib_iso/run2-rdx-2016-md-Mu_nopt_nnk_gt-p_eta_ntracks
[I 260828 22:46:46 utils:156] verbose        : False
[I 260828 22:46:46 utils:156] version        : 1.5.6
[I 260828 22:46:46 utils:157] ===============
[W 260828 22:46:46 make_eff_hists:207] No --cut specified. Cuts on PID samples should match your sample cuts.
[I 260828 22:46:46 utils:609] 28 calibration files from EOS will be processed
[I 260828 22:46:46 binning:543] Loading binnings from ./binning_iso.json
[W 260828 22:46:46 binning:581] The following custom binnings are not being used: [{'particle': 'Pi', 'bin_var': 'Brunel_P'}, {'particle': 'Pi', 'bin_var': 'Brunel_ETA'}, {'particle': 'Pi', 'bin_var': 'nTracks_Brunel'}, {'particle': 'K', 'bin_var': 'Brunel_P'}, {'particle': 'K', 'bin_var': 'Brunel_ETA'}, {'particle': 'K', 'bin_var': 'nTracks_Brunel'}, {'particle': 'P', 'bin_var': 'Brunel_P'}, {'particle': 'P', 'bin_var': 'Brunel_ETA'}, {'particle': 'P', 'bin_var': 'nTracks_Brunel'}, {'particle': 'e_B_Jpsi', 'bin_var': 'Brunel_P'}, {'particle': 'e_B_Jpsi', 'bin_var': 'Brunel_ETA'}, {'particle': 'e_B_Jpsi', 'bin_var': 'nTracks'}]
[I 260828 22:48:12 utils:819] Processed 28/28 files
[I 260828 22:48:12 utils:966] 59536408/60339195 (98.7%) events passed binning range cut
[I 260828 22:48:12 utils:966] 8473626/59536408 (14.2%) events passed 'Brunel_MC15TuneV1_ProbNNk>0.2' cut
[I 260828 22:48:12 make_eff_hists:270] Efficiency histograms saved to 'pidcalib_iso/run2-rdx-2016-md-Mu_nopt_nnk_gt-p_eta_ntracks/effhists-Turbo16-down-Mu_nopt-Brunel_MC15TuneV1_ProbNNk>0.2-Brunel_P.Brunel_ETA.nTracks_Brunel-binning_iso.pkl'
Output folder: pidcalib_iso/run2-rdx-2016-md-Mu_nopt_nnknng_gt02lt02-p_eta_ntracks
[I 260828 22:48:15 make_eff_hists:203] Running PIDCalib2 make_eff_hists with the config:
[I 260828 22:48:15 utils:153] ===============
[I 260828 22:48:15 utils:156] sample         : Turbo16
[I 260828 22:48:15 utils:156] magnet         : down
[I 260828 22:48:15 utils:156] particle       : Mu_nopt
[I 260828 22:48:15 utils:156] pid_cuts       : ['Brunel_MC15TuneV1_ProbNNk>0.2&Brunel_MC15TuneV1_ProbNNghost<0.2']
[I 260828 22:48:15 utils:156] bin_vars       : ['Brunel_P', 'Brunel_ETA', 'nTracks_Brunel']
[I 260828 22:48:15 utils:156] binning_files  : ['./binning_iso.json']
[I 260828 22:48:15 utils:156] output_dir     : pidcalib_iso/run2-rdx-2016-md-Mu_nopt_nnknng_gt02lt02-p_eta_ntracks
[I 260828 22:48:15 utils:156] verbose        : False
[I 260828 22:48:15 utils:156] version        : 1.5.6
[I 260828 22:48:15 utils:157] ===============
[W 260828 22:48:15 make_eff_hists:207] No --cut specified. Cuts on PID samples should match your sample cuts.
[I 260828 22:48:15 utils:609] 28 calibration files from EOS will be processed
[I 260828 22:48:15 binning:543] Loading binnings from ./binning_iso.json
[W 260828 22:48:15 binning:581] The following custom binnings are not being used: [{'particle': 'Pi', 'bin_var': 'Brunel_P'}, {'particle': 'Pi', 'bin_var': 'Brunel_ETA'}, {'particle': 'Pi', 'bin_var': 'nTracks_Brunel'}, {'particle': 'K', 'bin_var': 'Brunel_P'}, {'particle': 'K', 'bin_var': 'Brunel_ETA'}, {'particle': 'K', 'bin_var': 'nTracks_Brunel'}, {'particle': 'P', 'bin_var': 'Brunel_P'}, {'particle': 'P', 'bin_var': 'Brunel_ETA'}, {'particle': 'P', 'bin_var': 'nTracks_Brunel'}, {'particle': 'e_B_Jpsi', 'bin_var': 'Brunel_P'}, {'particle': 'e_B_Jpsi', 'bin_var': 'Brunel_ETA'}, {'particle': 'e_B_Jpsi', 'bin_var': 'nTracks'}]
[I 260828 22:50:04 utils:819] Processed 28/28 files
[I 260828 22:50:04 utils:966] 59536408/60339195 (98.7%) events passed binning range cut
[I 260828 22:50:04 utils:966] 7206961/59536408 (12.1%) events passed 'Brunel_MC15TuneV1_ProbNNk>0.2&Brunel_MC15TuneV1_ProbNNghost<0.2' cut
[I 260828 22:50:04 make_eff_hists:270] Efficiency histograms saved to 'pidcalib_iso/run2-rdx-2016-md-Mu_nopt_nnknng_gt02lt02-p_eta_ntracks/effhists-Turbo16-down-Mu_nopt-Brunel_MC15TuneV1_ProbNNk>0.2&Brunel_MC15TuneV1_ProbNNghost<0.2-Brunel_P.Brunel_ETA.nTracks_Brunel-binning_iso.pkl'
Output folder: pidcalib_iso/run2-rdx-2016-md-Mu_nopt_nnknng_ltlt-p_eta_ntracks
[I 260828 22:50:08 make_eff_hists:203] Running PIDCalib2 make_eff_hists with the config:
[I 260828 22:50:08 utils:153] ===============
[I 260828 22:50:08 utils:156] sample         : Turbo16
[I 260828 22:50:08 utils:156] magnet         : down
[I 260828 22:50:08 utils:156] particle       : Mu_nopt
[I 260828 22:50:08 utils:156] pid_cuts       : ['Brunel_MC15TuneV1_ProbNNk<0.2&Brunel_MC15TuneV1_ProbNNghost<0.3']
[I 260828 22:50:08 utils:156] bin_vars       : ['Brunel_P', 'Brunel_ETA', 'nTracks_Brunel']
[I 260828 22:50:08 utils:156] binning_files  : ['./binning_iso.json']
[I 260828 22:50:08 utils:156] output_dir     : pidcalib_iso/run2-rdx-2016-md-Mu_nopt_nnknng_ltlt-p_eta_ntracks
[I 260828 22:50:08 utils:156] verbose        : False
[I 260828 22:50:08 utils:156] version        : 1.5.6
[I 260828 22:50:08 utils:157] ===============
[W 260828 22:50:08 make_eff_hists:207] No --cut specified. Cuts on PID samples should match your sample cuts.
[I 260828 22:50:08 utils:609] 28 calibration files from EOS will be processed
[I 260828 22:50:08 binning:543] Loading binnings from ./binning_iso.json
[W 260828 22:50:08 binning:581] The following custom binnings are not being used: [{'particle': 'Pi', 'bin_var': 'Brunel_P'}, {'particle': 'Pi', 'bin_var': 'Brunel_ETA'}, {'particle': 'Pi', 'bin_var': 'nTracks_Brunel'}, {'particle': 'K', 'bin_var': 'Brunel_P'}, {'particle': 'K', 'bin_var': 'Brunel_ETA'}, {'particle': 'K', 'bin_var': 'nTracks_Brunel'}, {'particle': 'P', 'bin_var': 'Brunel_P'}, {'particle': 'P', 'bin_var': 'Brunel_ETA'}, {'particle': 'P', 'bin_var': 'nTracks_Brunel'}, {'particle': 'e_B_Jpsi', 'bin_var': 'Brunel_P'}, {'particle': 'e_B_Jpsi', 'bin_var': 'Brunel_ETA'}, {'particle': 'e_B_Jpsi', 'bin_var': 'nTracks'}]
[I 260828 22:51:58 utils:819] Processed 28/28 files
[I 260828 22:51:58 utils:966] 59536408/60339195 (98.7%) events passed binning range cut
[I 260828 22:51:58 utils:966] 47294959/59536408 (79.4%) events passed 'Brunel_MC15TuneV1_ProbNNk<0.2&Brunel_MC15TuneV1_ProbNNghost<0.3' cut
[I 260828 22:51:59 make_eff_hists:270] Efficiency histograms saved to 'pidcalib_iso/run2-rdx-2016-md-Mu_nopt_nnknng_ltlt-p_eta_ntracks/effhists-Turbo16-down-Mu_nopt-Brunel_MC15TuneV1_ProbNNk<0.2&Brunel_MC15TuneV1_ProbNNghost<0.3-Brunel_P.Brunel_ETA.nTracks_Brunel-binning_iso.pkl'
Output folder: pidcalib_iso/run2-rdx-2016-md-Mu_nopt_nnp_gt-p_eta_ntracks
[I 260828 22:52:02 make_eff_hists:203] Running PIDCalib2 make_eff_hists with the config:
[I 260828 22:52:02 utils:153] ===============
[I 260828 22:52:02 utils:156] sample         : Turbo16
[I 260828 22:52:02 utils:156] magnet         : down
[I 260828 22:52:02 utils:156] particle       : Mu_nopt
[I 260828 22:52:02 utils:156] pid_cuts       : ['Brunel_MC15TuneV1_ProbNNp>0.4']
[I 260828 22:52:02 utils:156] bin_vars       : ['Brunel_P', 'Brunel_ETA', 'nTracks_Brunel']
[I 260828 22:52:02 utils:156] binning_files  : ['./binning_iso.json']
[I 260828 22:52:02 utils:156] output_dir     : pidcalib_iso/run2-rdx-2016-md-Mu_nopt_nnp_gt-p_eta_ntracks
[I 260828 22:52:02 utils:156] verbose        : False
[I 260828 22:52:02 utils:156] version        : 1.5.6
[I 260828 22:52:02 utils:157] ===============
[W 260828 22:52:02 make_eff_hists:207] No --cut specified. Cuts on PID samples should match your sample cuts.
[I 260828 22:52:02 utils:609] 28 calibration files from EOS will be processed
[I 260828 22:52:02 binning:543] Loading binnings from ./binning_iso.json
[W 260828 22:52:02 binning:581] The following custom binnings are not being used: [{'particle': 'Pi', 'bin_var': 'Brunel_P'}, {'particle': 'Pi', 'bin_var': 'Brunel_ETA'}, {'particle': 'Pi', 'bin_var': 'nTracks_Brunel'}, {'particle': 'K', 'bin_var': 'Brunel_P'}, {'particle': 'K', 'bin_var': 'Brunel_ETA'}, {'particle': 'K', 'bin_var': 'nTracks_Brunel'}, {'particle': 'P', 'bin_var': 'Brunel_P'}, {'particle': 'P', 'bin_var': 'Brunel_ETA'}, {'particle': 'P', 'bin_var': 'nTracks_Brunel'}, {'particle': 'e_B_Jpsi', 'bin_var': 'Brunel_P'}, {'particle': 'e_B_Jpsi', 'bin_var': 'Brunel_ETA'}, {'particle': 'e_B_Jpsi', 'bin_var': 'nTracks'}]
[I 260828 22:53:28 utils:819] Processed 28/28 files
[I 260828 22:53:28 utils:966] 59536408/60339195 (98.7%) events passed binning range cut
[I 260828 22:53:28 utils:966] 5406184/59536408 (9.1%) events passed 'Brunel_MC15TuneV1_ProbNNp>0.4' cut
[I 260828 22:53:28 make_eff_hists:270] Efficiency histograms saved to 'pidcalib_iso/run2-rdx-2016-md-Mu_nopt_nnp_gt-p_eta_ntracks/effhists-Turbo16-down-Mu_nopt-Brunel_MC15TuneV1_ProbNNp>0.4-Brunel_P.Brunel_ETA.nTracks_Brunel-binning_iso.pkl'
Output folder: pidcalib_iso/run2-rdx-2016-md-Mu_nopt_nnknng_gtlt-p_eta_ntracks
[I 260828 22:53:31 make_eff_hists:203] Running PIDCalib2 make_eff_hists with the config:
[I 260828 22:53:31 utils:153] ===============
[I 260828 22:53:31 utils:156] sample         : Turbo16
[I 260828 22:53:31 utils:156] magnet         : down
[I 260828 22:53:31 utils:156] particle       : Mu_nopt
[I 260828 22:53:31 utils:156] pid_cuts       : ['Brunel_MC15TuneV1_ProbNNk>0.2&Brunel_MC15TuneV1_ProbNNghost<0.3']
[I 260828 22:53:31 utils:156] bin_vars       : ['Brunel_P', 'Brunel_ETA', 'nTracks_Brunel']
[I 260828 22:53:31 utils:156] binning_files  : ['./binning_iso.json']
[I 260828 22:53:31 utils:156] output_dir     : pidcalib_iso/run2-rdx-2016-md-Mu_nopt_nnknng_gtlt-p_eta_ntracks
[I 260828 22:53:31 utils:156] verbose        : False
[I 260828 22:53:31 utils:156] version        : 1.5.6
[I 260828 22:53:31 utils:157] ===============
[W 260828 22:53:31 make_eff_hists:207] No --cut specified. Cuts on PID samples should match your sample cuts.
[I 260828 22:53:31 utils:609] 28 calibration files from EOS will be processed
[I 260828 22:53:31 binning:543] Loading binnings from ./binning_iso.json
[W 260828 22:53:31 binning:581] The following custom binnings are not being used: [{'particle': 'Pi', 'bin_var': 'Brunel_P'}, {'particle': 'Pi', 'bin_var': 'Brunel_ETA'}, {'particle': 'Pi', 'bin_var': 'nTracks_Brunel'}, {'particle': 'K', 'bin_var': 'Brunel_P'}, {'particle': 'K', 'bin_var': 'Brunel_ETA'}, {'particle': 'K', 'bin_var': 'nTracks_Brunel'}, {'particle': 'P', 'bin_var': 'Brunel_P'}, {'particle': 'P', 'bin_var': 'Brunel_ETA'}, {'particle': 'P', 'bin_var': 'nTracks_Brunel'}, {'particle': 'e_B_Jpsi', 'bin_var': 'Brunel_P'}, {'particle': 'e_B_Jpsi', 'bin_var': 'Brunel_ETA'}, {'particle': 'e_B_Jpsi', 'bin_var': 'nTracks'}]
[I 260828 22:55:19 utils:819] Processed 28/28 files
[I 260828 22:55:19 utils:966] 59536408/60339195 (98.7%) events passed binning range cut
[I 260828 22:55:19 utils:966] 7482947/59536408 (12.6%) events passed 'Brunel_MC15TuneV1_ProbNNk>0.2&Brunel_MC15TuneV1_ProbNNghost<0.3' cut
[I 260828 22:55:19 make_eff_hists:270] Efficiency histograms saved to 'pidcalib_iso/run2-rdx-2016-md-Mu_nopt_nnknng_gtlt-p_eta_ntracks/effhists-Turbo16-down-Mu_nopt-Brunel_MC15TuneV1_ProbNNk>0.2&Brunel_MC15TuneV1_ProbNNghost<0.3-Brunel_P.Brunel_ETA.nTracks_Brunel-binning_iso.pkl'
Output folder: pidcalib_iso/run2-rdx-2016-md-Mu_nopt_nnknng_lt02lt02-p_eta_ntracks
[I 260828 22:55:21 make_eff_hists:203] Running PIDCalib2 make_eff_hists with the config:
[I 260828 22:55:21 utils:153] ===============
[I 260828 22:55:21 utils:156] sample         : Turbo16
[I 260828 22:55:21 utils:156] magnet         : down
[I 260828 22:55:21 utils:156] particle       : Mu_nopt
[I 260828 22:55:21 utils:156] pid_cuts       : ['Brunel_MC15TuneV1_ProbNNk<0.2&Brunel_MC15TuneV1_ProbNNghost<0.2']
[I 260828 22:55:21 utils:156] bin_vars       : ['Brunel_P', 'Brunel_ETA', 'nTracks_Brunel']
[I 260828 22:55:21 utils:156] binning_files  : ['./binning_iso.json']
[I 260828 22:55:21 utils:156] output_dir     : pidcalib_iso/run2-rdx-2016-md-Mu_nopt_nnknng_lt02lt02-p_eta_ntracks
[I 260828 22:55:21 utils:156] verbose        : False
[I 260828 22:55:21 utils:156] version        : 1.5.6
[I 260828 22:55:21 utils:157] ===============
[W 260828 22:55:21 make_eff_hists:207] No --cut specified. Cuts on PID samples should match your sample cuts.
[I 260828 22:55:21 utils:609] 28 calibration files from EOS will be processed
[I 260828 22:55:21 binning:543] Loading binnings from ./binning_iso.json
[W 260828 22:55:21 binning:581] The following custom binnings are not being used: [{'particle': 'Pi', 'bin_var': 'Brunel_P'}, {'particle': 'Pi', 'bin_var': 'Brunel_ETA'}, {'particle': 'Pi', 'bin_var': 'nTracks_Brunel'}, {'particle': 'K', 'bin_var': 'Brunel_P'}, {'particle': 'K', 'bin_var': 'Brunel_ETA'}, {'particle': 'K', 'bin_var': 'nTracks_Brunel'}, {'particle': 'P', 'bin_var': 'Brunel_P'}, {'particle': 'P', 'bin_var': 'Brunel_ETA'}, {'particle': 'P', 'bin_var': 'nTracks_Brunel'}, {'particle': 'e_B_Jpsi', 'bin_var': 'Brunel_P'}, {'particle': 'e_B_Jpsi', 'bin_var': 'Brunel_ETA'}, {'particle': 'e_B_Jpsi', 'bin_var': 'nTracks'}]
[I 260828 22:57:24 utils:819] Processed 28/28 files
[I 260828 22:57:24 utils:966] 59536408/60339195 (98.7%) events passed binning range cut
[I 260828 22:57:24 utils:966] 46232702/59536408 (77.7%) events passed 'Brunel_MC15TuneV1_ProbNNk<0.2&Brunel_MC15TuneV1_ProbNNghost<0.2' cut
[I 260828 22:57:24 make_eff_hists:270] Efficiency histograms saved to 'pidcalib_iso/run2-rdx-2016-md-Mu_nopt_nnknng_lt02lt02-p_eta_ntracks/effhists-Turbo16-down-Mu_nopt-Brunel_MC15TuneV1_ProbNNk<0.2&Brunel_MC15TuneV1_ProbNNghost<0.2-Brunel_P.Brunel_ETA.nTracks_Brunel-binning_iso.pkl'
Output folder: pidcalib_iso/run2-rdx-2016-md-e_B_Jpsi_nnpnng_gtlt-p_eta_ntracks
[I 260828 22:57:27 make_eff_hists:203] Running PIDCalib2 make_eff_hists with the config:
[I 260828 22:57:27 utils:153] ===============
[I 260828 22:57:27 utils:156] sample         : Electron16
[I 260828 22:57:27 utils:156] magnet         : down
[I 260828 22:57:27 utils:156] particle       : e_B_Jpsi
[I 260828 22:57:27 utils:156] pid_cuts       : ['Brunel_MC15TuneV1_ProbNNp>0.4&Brunel_MC15TuneV1_ProbNNghost<0.3']
[I 260828 22:57:27 utils:156] bin_vars       : ['Brunel_P', 'Brunel_ETA', 'nTracks']
[I 260828 22:57:27 utils:156] binning_files  : ['./binning_iso.json']
[I 260828 22:57:27 utils:156] output_dir     : pidcalib_iso/run2-rdx-2016-md-e_B_Jpsi_nnpnng_gtlt-p_eta_ntracks
[I 260828 22:57:27 utils:156] verbose        : False
[I 260828 22:57:27 utils:156] version        : 1.5.6
[I 260828 22:57:27 utils:157] ===============
[W 260828 22:57:27 make_eff_hists:207] No --cut specified. Cuts on PID samples should match your sample cuts.
[I 260828 22:57:27 utils:609] 1 calibration files from EOS will be processed
[I 260828 22:57:27 binning:543] Loading binnings from ./binning_iso.json
[W 260828 22:57:27 binning:581] The following custom binnings are not being used: [{'particle': 'Pi', 'bin_var': 'Brunel_P'}, {'particle': 'Pi', 'bin_var': 'Brunel_ETA'}, {'particle': 'Pi', 'bin_var': 'nTracks_Brunel'}, {'particle': 'K', 'bin_var': 'Brunel_P'}, {'particle': 'K', 'bin_var': 'Brunel_ETA'}, {'particle': 'K', 'bin_var': 'nTracks_Brunel'}, {'particle': 'P', 'bin_var': 'Brunel_P'}, {'particle': 'P', 'bin_var': 'Brunel_ETA'}, {'particle': 'P', 'bin_var': 'nTracks_Brunel'}, {'particle': 'Mu_nopt', 'bin_var': 'Brunel_P'}, {'particle': 'Mu_nopt', 'bin_var': 'Brunel_ETA'}, {'particle': 'Mu_nopt', 'bin_var': 'nTracks_Brunel'}]
[I 260828 22:57:28 utils:819] Processed 1/1 files
[I 260828 22:57:28 utils:966] 222989/225601 (98.8%) events passed binning range cut
[I 260828 22:57:28 utils:966] 9260/222989 (4.2%) events passed 'Brunel_MC15TuneV1_ProbNNp>0.4&Brunel_MC15TuneV1_ProbNNghost<0.3' cut
[I 260828 22:57:28 make_eff_hists:270] Efficiency histograms saved to 'pidcalib_iso/run2-rdx-2016-md-e_B_Jpsi_nnpnng_gtlt-p_eta_ntracks/effhists-Electron16-down-e_B_Jpsi-Brunel_MC15TuneV1_ProbNNp>0.4&Brunel_MC15TuneV1_ProbNNghost<0.3-Brunel_P.Brunel_ETA.nTracks-binning_iso.pkl'
Output folder: pidcalib_iso/run2-rdx-2016-md-e_B_Jpsi_nnk_gt-p_eta_ntracks
[I 260828 22:57:31 make_eff_hists:203] Running PIDCalib2 make_eff_hists with the config:
[I 260828 22:57:31 utils:153] ===============
[I 260828 22:57:31 utils:156] sample         : Electron16
[I 260828 22:57:31 utils:156] magnet         : down
[I 260828 22:57:31 utils:156] particle       : e_B_Jpsi
[I 260828 22:57:31 utils:156] pid_cuts       : ['Brunel_MC15TuneV1_ProbNNk>0.2']
[I 260828 22:57:31 utils:156] bin_vars       : ['Brunel_P', 'Brunel_ETA', 'nTracks']
[I 260828 22:57:31 utils:156] binning_files  : ['./binning_iso.json']
[I 260828 22:57:31 utils:156] output_dir     : pidcalib_iso/run2-rdx-2016-md-e_B_Jpsi_nnk_gt-p_eta_ntracks
[I 260828 22:57:31 utils:156] verbose        : False
[I 260828 22:57:31 utils:156] version        : 1.5.6
[I 260828 22:57:31 utils:157] ===============
[W 260828 22:57:31 make_eff_hists:207] No --cut specified. Cuts on PID samples should match your sample cuts.
[I 260828 22:57:31 utils:609] 1 calibration files from EOS will be processed
[I 260828 22:57:31 binning:543] Loading binnings from ./binning_iso.json
[W 260828 22:57:31 binning:581] The following custom binnings are not being used: [{'particle': 'Pi', 'bin_var': 'Brunel_P'}, {'particle': 'Pi', 'bin_var': 'Brunel_ETA'}, {'particle': 'Pi', 'bin_var': 'nTracks_Brunel'}, {'particle': 'K', 'bin_var': 'Brunel_P'}, {'particle': 'K', 'bin_var': 'Brunel_ETA'}, {'particle': 'K', 'bin_var': 'nTracks_Brunel'}, {'particle': 'P', 'bin_var': 'Brunel_P'}, {'particle': 'P', 'bin_var': 'Brunel_ETA'}, {'particle': 'P', 'bin_var': 'nTracks_Brunel'}, {'particle': 'Mu_nopt', 'bin_var': 'Brunel_P'}, {'particle': 'Mu_nopt', 'bin_var': 'Brunel_ETA'}, {'particle': 'Mu_nopt', 'bin_var': 'nTracks_Brunel'}]
[I 260828 22:57:32 utils:819] Processed 1/1 files
[I 260828 22:57:32 utils:966] 222989/225601 (98.8%) events passed binning range cut
[I 260828 22:57:32 utils:966] 31621/222989 (14.2%) events passed 'Brunel_MC15TuneV1_ProbNNk>0.2' cut
[I 260828 22:57:32 make_eff_hists:270] Efficiency histograms saved to 'pidcalib_iso/run2-rdx-2016-md-e_B_Jpsi_nnk_gt-p_eta_ntracks/effhists-Electron16-down-e_B_Jpsi-Brunel_MC15TuneV1_ProbNNk>0.2-Brunel_P.Brunel_ETA.nTracks-binning_iso.pkl'
Output folder: pidcalib_iso/run2-rdx-2016-md-e_B_Jpsi_nnknng_gt02lt02-p_eta_ntracks
[I 260828 22:57:35 make_eff_hists:203] Running PIDCalib2 make_eff_hists with the config:
[I 260828 22:57:35 utils:153] ===============
[I 260828 22:57:35 utils:156] sample         : Electron16
[I 260828 22:57:35 utils:156] magnet         : down
[I 260828 22:57:35 utils:156] particle       : e_B_Jpsi
[I 260828 22:57:35 utils:156] pid_cuts       : ['Brunel_MC15TuneV1_ProbNNk>0.2&Brunel_MC15TuneV1_ProbNNghost<0.2']
[I 260828 22:57:35 utils:156] bin_vars       : ['Brunel_P', 'Brunel_ETA', 'nTracks']
[I 260828 22:57:35 utils:156] binning_files  : ['./binning_iso.json']
[I 260828 22:57:35 utils:156] output_dir     : pidcalib_iso/run2-rdx-2016-md-e_B_Jpsi_nnknng_gt02lt02-p_eta_ntracks
[I 260828 22:57:35 utils:156] verbose        : False
[I 260828 22:57:35 utils:156] version        : 1.5.6
[I 260828 22:57:35 utils:157] ===============
[W 260828 22:57:35 make_eff_hists:207] No --cut specified. Cuts on PID samples should match your sample cuts.
[I 260828 22:57:35 utils:609] 1 calibration files from EOS will be processed
[I 260828 22:57:35 binning:543] Loading binnings from ./binning_iso.json
[W 260828 22:57:35 binning:581] The following custom binnings are not being used: [{'particle': 'Pi', 'bin_var': 'Brunel_P'}, {'particle': 'Pi', 'bin_var': 'Brunel_ETA'}, {'particle': 'Pi', 'bin_var': 'nTracks_Brunel'}, {'particle': 'K', 'bin_var': 'Brunel_P'}, {'particle': 'K', 'bin_var': 'Brunel_ETA'}, {'particle': 'K', 'bin_var': 'nTracks_Brunel'}, {'particle': 'P', 'bin_var': 'Brunel_P'}, {'particle': 'P', 'bin_var': 'Brunel_ETA'}, {'particle': 'P', 'bin_var': 'nTracks_Brunel'}, {'particle': 'Mu_nopt', 'bin_var': 'Brunel_P'}, {'particle': 'Mu_nopt', 'bin_var': 'Brunel_ETA'}, {'particle': 'Mu_nopt', 'bin_var': 'nTracks_Brunel'}]
[I 260828 22:57:36 utils:819] Processed 1/1 files
[I 260828 22:57:36 utils:966] 222989/225601 (98.8%) events passed binning range cut
[I 260828 22:57:36 utils:966] 25424/222989 (11.4%) events passed 'Brunel_MC15TuneV1_ProbNNk>0.2&Brunel_MC15TuneV1_ProbNNghost<0.2' cut
[I 260828 22:57:36 make_eff_hists:270] Efficiency histograms saved to 'pidcalib_iso/run2-rdx-2016-md-e_B_Jpsi_nnknng_gt02lt02-p_eta_ntracks/effhists-Electron16-down-e_B_Jpsi-Brunel_MC15TuneV1_ProbNNk>0.2&Brunel_MC15TuneV1_ProbNNghost<0.2-Brunel_P.Brunel_ETA.nTracks-binning_iso.pkl'
Output folder: pidcalib_iso/run2-rdx-2016-md-e_B_Jpsi_nnknng_ltlt-p_eta_ntracks
[I 260828 22:57:38 make_eff_hists:203] Running PIDCalib2 make_eff_hists with the config:
[I 260828 22:57:38 utils:153] ===============
[I 260828 22:57:38 utils:156] sample         : Electron16
[I 260828 22:57:38 utils:156] magnet         : down
[I 260828 22:57:38 utils:156] particle       : e_B_Jpsi
[I 260828 22:57:38 utils:156] pid_cuts       : ['Brunel_MC15TuneV1_ProbNNk<0.2&Brunel_MC15TuneV1_ProbNNghost<0.3']
[I 260828 22:57:38 utils:156] bin_vars       : ['Brunel_P', 'Brunel_ETA', 'nTracks']
[I 260828 22:57:38 utils:156] binning_files  : ['./binning_iso.json']
[I 260828 22:57:38 utils:156] output_dir     : pidcalib_iso/run2-rdx-2016-md-e_B_Jpsi_nnknng_ltlt-p_eta_ntracks
[I 260828 22:57:38 utils:156] verbose        : False
[I 260828 22:57:38 utils:156] version        : 1.5.6
[I 260828 22:57:38 utils:157] ===============
[W 260828 22:57:38 make_eff_hists:207] No --cut specified. Cuts on PID samples should match your sample cuts.
[I 260828 22:57:38 utils:609] 1 calibration files from EOS will be processed
[I 260828 22:57:38 binning:543] Loading binnings from ./binning_iso.json
[W 260828 22:57:38 binning:581] The following custom binnings are not being used: [{'particle': 'Pi', 'bin_var': 'Brunel_P'}, {'particle': 'Pi', 'bin_var': 'Brunel_ETA'}, {'particle': 'Pi', 'bin_var': 'nTracks_Brunel'}, {'particle': 'K', 'bin_var': 'Brunel_P'}, {'particle': 'K', 'bin_var': 'Brunel_ETA'}, {'particle': 'K', 'bin_var': 'nTracks_Brunel'}, {'particle': 'P', 'bin_var': 'Brunel_P'}, {'particle': 'P', 'bin_var': 'Brunel_ETA'}, {'particle': 'P', 'bin_var': 'nTracks_Brunel'}, {'particle': 'Mu_nopt', 'bin_var': 'Brunel_P'}, {'particle': 'Mu_nopt', 'bin_var': 'Brunel_ETA'}, {'particle': 'Mu_nopt', 'bin_var': 'nTracks_Brunel'}]
[I 260828 22:57:39 utils:819] Processed 1/1 files
[I 260828 22:57:39 utils:966] 222989/225601 (98.8%) events passed binning range cut
[I 260828 22:57:39 utils:966] 162392/222989 (72.8%) events passed 'Brunel_MC15TuneV1_ProbNNk<0.2&Brunel_MC15TuneV1_ProbNNghost<0.3' cut
[I 260828 22:57:39 make_eff_hists:270] Efficiency histograms saved to 'pidcalib_iso/run2-rdx-2016-md-e_B_Jpsi_nnknng_ltlt-p_eta_ntracks/effhists-Electron16-down-e_B_Jpsi-Brunel_MC15TuneV1_ProbNNk<0.2&Brunel_MC15TuneV1_ProbNNghost<0.3-Brunel_P.Brunel_ETA.nTracks-binning_iso.pkl'
Output folder: pidcalib_iso/run2-rdx-2016-md-e_B_Jpsi_nnp_gt-p_eta_ntracks
[I 260828 22:57:41 make_eff_hists:203] Running PIDCalib2 make_eff_hists with the config:
[I 260828 22:57:41 utils:153] ===============
[I 260828 22:57:41 utils:156] sample         : Electron16
[I 260828 22:57:41 utils:156] magnet         : down
[I 260828 22:57:41 utils:156] particle       : e_B_Jpsi
[I 260828 22:57:41 utils:156] pid_cuts       : ['Brunel_MC15TuneV1_ProbNNp>0.4']
[I 260828 22:57:41 utils:156] bin_vars       : ['Brunel_P', 'Brunel_ETA', 'nTracks']
[I 260828 22:57:41 utils:156] binning_files  : ['./binning_iso.json']
[I 260828 22:57:41 utils:156] output_dir     : pidcalib_iso/run2-rdx-2016-md-e_B_Jpsi_nnp_gt-p_eta_ntracks
[I 260828 22:57:41 utils:156] verbose        : False
[I 260828 22:57:41 utils:156] version        : 1.5.6
[I 260828 22:57:41 utils:157] ===============
[W 260828 22:57:41 make_eff_hists:207] No --cut specified. Cuts on PID samples should match your sample cuts.
[I 260828 22:57:41 utils:609] 1 calibration files from EOS will be processed
[I 260828 22:57:41 binning:543] Loading binnings from ./binning_iso.json
[W 260828 22:57:41 binning:581] The following custom binnings are not being used: [{'particle': 'Pi', 'bin_var': 'Brunel_P'}, {'particle': 'Pi', 'bin_var': 'Brunel_ETA'}, {'particle': 'Pi', 'bin_var': 'nTracks_Brunel'}, {'particle': 'K', 'bin_var': 'Brunel_P'}, {'particle': 'K', 'bin_var': 'Brunel_ETA'}, {'particle': 'K', 'bin_var': 'nTracks_Brunel'}, {'particle': 'P', 'bin_var': 'Brunel_P'}, {'particle': 'P', 'bin_var': 'Brunel_ETA'}, {'particle': 'P', 'bin_var': 'nTracks_Brunel'}, {'particle': 'Mu_nopt', 'bin_var': 'Brunel_P'}, {'particle': 'Mu_nopt', 'bin_var': 'Brunel_ETA'}, {'particle': 'Mu_nopt', 'bin_var': 'nTracks_Brunel'}]
[I 260828 22:57:42 utils:819] Processed 1/1 files
[I 260828 22:57:42 utils:966] 222989/225601 (98.8%) events passed binning range cut
[I 260828 22:57:42 utils:966] 10411/222989 (4.7%) events passed 'Brunel_MC15TuneV1_ProbNNp>0.4' cut
[I 260828 22:57:42 make_eff_hists:270] Efficiency histograms saved to 'pidcalib_iso/run2-rdx-2016-md-e_B_Jpsi_nnp_gt-p_eta_ntracks/effhists-Electron16-down-e_B_Jpsi-Brunel_MC15TuneV1_ProbNNp>0.4-Brunel_P.Brunel_ETA.nTracks-binning_iso.pkl'
Output folder: pidcalib_iso/run2-rdx-2016-md-e_B_Jpsi_nnknng_gtlt-p_eta_ntracks
[I 260828 22:57:44 make_eff_hists:203] Running PIDCalib2 make_eff_hists with the config:
[I 260828 22:57:44 utils:153] ===============
[I 260828 22:57:44 utils:156] sample         : Electron16
[I 260828 22:57:44 utils:156] magnet         : down
[I 260828 22:57:44 utils:156] particle       : e_B_Jpsi
[I 260828 22:57:44 utils:156] pid_cuts       : ['Brunel_MC15TuneV1_ProbNNk>0.2&Brunel_MC15TuneV1_ProbNNghost<0.3']
[I 260828 22:57:44 utils:156] bin_vars       : ['Brunel_P', 'Brunel_ETA', 'nTracks']
[I 260828 22:57:44 utils:156] binning_files  : ['./binning_iso.json']
[I 260828 22:57:44 utils:156] output_dir     : pidcalib_iso/run2-rdx-2016-md-e_B_Jpsi_nnknng_gtlt-p_eta_ntracks
[I 260828 22:57:44 utils:156] verbose        : False
[I 260828 22:57:44 utils:156] version        : 1.5.6
[I 260828 22:57:44 utils:157] ===============
[W 260828 22:57:44 make_eff_hists:207] No --cut specified. Cuts on PID samples should match your sample cuts.
[I 260828 22:57:44 utils:609] 1 calibration files from EOS will be processed
[I 260828 22:57:44 binning:543] Loading binnings from ./binning_iso.json
[W 260828 22:57:44 binning:581] The following custom binnings are not being used: [{'particle': 'Pi', 'bin_var': 'Brunel_P'}, {'particle': 'Pi', 'bin_var': 'Brunel_ETA'}, {'particle': 'Pi', 'bin_var': 'nTracks_Brunel'}, {'particle': 'K', 'bin_var': 'Brunel_P'}, {'particle': 'K', 'bin_var': 'Brunel_ETA'}, {'particle': 'K', 'bin_var': 'nTracks_Brunel'}, {'particle': 'P', 'bin_var': 'Brunel_P'}, {'particle': 'P', 'bin_var': 'Brunel_ETA'}, {'particle': 'P', 'bin_var': 'nTracks_Brunel'}, {'particle': 'Mu_nopt', 'bin_var': 'Brunel_P'}, {'particle': 'Mu_nopt', 'bin_var': 'Brunel_ETA'}, {'particle': 'Mu_nopt', 'bin_var': 'nTracks_Brunel'}]
[I 260828 22:57:45 utils:819] Processed 1/1 files
[I 260828 22:57:45 utils:966] 222989/225601 (98.8%) events passed binning range cut
[I 260828 22:57:45 utils:966] 27215/222989 (12.2%) events passed 'Brunel_MC15TuneV1_ProbNNk>0.2&Brunel_MC15TuneV1_ProbNNghost<0.3' cut
[I 260828 22:57:45 make_eff_hists:270] Efficiency histograms saved to 'pidcalib_iso/run2-rdx-2016-md-e_B_Jpsi_nnknng_gtlt-p_eta_ntracks/effhists-Electron16-down-e_B_Jpsi-Brunel_MC15TuneV1_ProbNNk>0.2&Brunel_MC15TuneV1_ProbNNghost<0.3-Brunel_P.Brunel_ETA.nTracks-binning_iso.pkl'
Output folder: pidcalib_iso/run2-rdx-2016-md-e_B_Jpsi_nnknng_lt02lt02-p_eta_ntracks
[I 260828 22:57:47 make_eff_hists:203] Running PIDCalib2 make_eff_hists with the config:
[I 260828 22:57:47 utils:153] ===============
[I 260828 22:57:47 utils:156] sample         : Electron16
[I 260828 22:57:47 utils:156] magnet         : down
[I 260828 22:57:47 utils:156] particle       : e_B_Jpsi
[I 260828 22:57:47 utils:156] pid_cuts       : ['Brunel_MC15TuneV1_ProbNNk<0.2&Brunel_MC15TuneV1_ProbNNghost<0.2']
[I 260828 22:57:47 utils:156] bin_vars       : ['Brunel_P', 'Brunel_ETA', 'nTracks']
[I 260828 22:57:47 utils:156] binning_files  : ['./binning_iso.json']
[I 260828 22:57:47 utils:156] output_dir     : pidcalib_iso/run2-rdx-2016-md-e_B_Jpsi_nnknng_lt02lt02-p_eta_ntracks
[I 260828 22:57:47 utils:156] verbose        : False
[I 260828 22:57:47 utils:156] version        : 1.5.6
[I 260828 22:57:47 utils:157] ===============
[W 260828 22:57:47 make_eff_hists:207] No --cut specified. Cuts on PID samples should match your sample cuts.
[I 260828 22:57:47 utils:609] 1 calibration files from EOS will be processed
[I 260828 22:57:47 binning:543] Loading binnings from ./binning_iso.json
[W 260828 22:57:47 binning:581] The following custom binnings are not being used: [{'particle': 'Pi', 'bin_var': 'Brunel_P'}, {'particle': 'Pi', 'bin_var': 'Brunel_ETA'}, {'particle': 'Pi', 'bin_var': 'nTracks_Brunel'}, {'particle': 'K', 'bin_var': 'Brunel_P'}, {'particle': 'K', 'bin_var': 'Brunel_ETA'}, {'particle': 'K', 'bin_var': 'nTracks_Brunel'}, {'particle': 'P', 'bin_var': 'Brunel_P'}, {'particle': 'P', 'bin_var': 'Brunel_ETA'}, {'particle': 'P', 'bin_var': 'nTracks_Brunel'}, {'particle': 'Mu_nopt', 'bin_var': 'Brunel_P'}, {'particle': 'Mu_nopt', 'bin_var': 'Brunel_ETA'}, {'particle': 'Mu_nopt', 'bin_var': 'nTracks_Brunel'}]
[I 260828 22:57:48 utils:819] Processed 1/1 files
[I 260828 22:57:48 utils:966] 222989/225601 (98.8%) events passed binning range cut
[I 260828 22:57:48 utils:966] 153742/222989 (68.9%) events passed 'Brunel_MC15TuneV1_ProbNNk<0.2&Brunel_MC15TuneV1_ProbNNghost<0.2' cut
[I 260828 22:57:48 make_eff_hists:270] Efficiency histograms saved to 'pidcalib_iso/run2-rdx-2016-md-e_B_Jpsi_nnknng_lt02lt02-p_eta_ntracks/effhists-Electron16-down-e_B_Jpsi-Brunel_MC15TuneV1_ProbNNk<0.2&Brunel_MC15TuneV1_ProbNNghost<0.2-Brunel_P.Brunel_ETA.nTracks-binning_iso.pkl'
Output folder: pidcalib_iso/run2-rdx-2016-mu-K_nnpnng_gtlt-p_eta_ntracks
[I 260828 22:57:50 make_eff_hists:203] Running PIDCalib2 make_eff_hists with the config:
[I 260828 22:57:50 utils:153] ===============
[I 260828 22:57:50 utils:156] sample         : Turbo16
[I 260828 22:57:50 utils:156] magnet         : up
[I 260828 22:57:50 utils:156] particle       : K
[I 260828 22:57:50 utils:156] pid_cuts       : ['Brunel_MC15TuneV1_ProbNNp>0.4&Brunel_MC15TuneV1_ProbNNghost<0.3']
[I 260828 22:57:50 utils:156] bin_vars       : ['Brunel_P', 'Brunel_ETA', 'nTracks_Brunel']
[I 260828 22:57:50 utils:156] binning_files  : ['./binning_iso.json']
[I 260828 22:57:50 utils:156] output_dir     : pidcalib_iso/run2-rdx-2016-mu-K_nnpnng_gtlt-p_eta_ntracks
[I 260828 22:57:50 utils:156] verbose        : False
[I 260828 22:57:50 utils:156] version        : 1.5.6
[I 260828 22:57:50 utils:157] ===============
[W 260828 22:57:50 make_eff_hists:207] No --cut specified. Cuts on PID samples should match your sample cuts.
[I 260828 22:57:52 utils:609] 238 calibration files from EOS will be processed
[I 260828 22:57:52 binning:543] Loading binnings from ./binning_iso.json
[W 260828 22:57:52 binning:581] The following custom binnings are not being used: [{'particle': 'Pi', 'bin_var': 'Brunel_P'}, {'particle': 'Pi', 'bin_var': 'Brunel_ETA'}, {'particle': 'Pi', 'bin_var': 'nTracks_Brunel'}, {'particle': 'P', 'bin_var': 'Brunel_P'}, {'particle': 'P', 'bin_var': 'Brunel_ETA'}, {'particle': 'P', 'bin_var': 'nTracks_Brunel'}, {'particle': 'Mu_nopt', 'bin_var': 'Brunel_P'}, {'particle': 'Mu_nopt', 'bin_var': 'Brunel_ETA'}, {'particle': 'Mu_nopt', 'bin_var': 'nTracks_Brunel'}, {'particle': 'e_B_Jpsi', 'bin_var': 'Brunel_P'}, {'particle': 'e_B_Jpsi', 'bin_var': 'Brunel_ETA'}, {'particle': 'e_B_Jpsi', 'bin_var': 'nTracks'}]
[I 260828 23:03:49 utils:819] Processed 238/238 files
[I 260828 23:03:49 utils:966] 149452639/152482619 (98.0%) events passed binning range cut
[I 260828 23:03:49 utils:966] 22937394/149452639 (15.3%) events passed 'Brunel_MC15TuneV1_ProbNNp>0.4&Brunel_MC15TuneV1_ProbNNghost<0.3' cut
[I 260828 23:03:49 make_eff_hists:270] Efficiency histograms saved to 'pidcalib_iso/run2-rdx-2016-mu-K_nnpnng_gtlt-p_eta_ntracks/effhists-Turbo16-up-K-Brunel_MC15TuneV1_ProbNNp>0.4&Brunel_MC15TuneV1_ProbNNghost<0.3-Brunel_P.Brunel_ETA.nTracks_Brunel-binning_iso.pkl'
Output folder: pidcalib_iso/run2-rdx-2016-mu-K_nnk_gt-p_eta_ntracks
[I 260828 23:03:52 make_eff_hists:203] Running PIDCalib2 make_eff_hists with the config:
[I 260828 23:03:52 utils:153] ===============
[I 260828 23:03:52 utils:156] sample         : Turbo16
[I 260828 23:03:52 utils:156] magnet         : up
[I 260828 23:03:52 utils:156] particle       : K
[I 260828 23:03:52 utils:156] pid_cuts       : ['Brunel_MC15TuneV1_ProbNNk>0.2']
[I 260828 23:03:52 utils:156] bin_vars       : ['Brunel_P', 'Brunel_ETA', 'nTracks_Brunel']
[I 260828 23:03:52 utils:156] binning_files  : ['./binning_iso.json']
[I 260828 23:03:52 utils:156] output_dir     : pidcalib_iso/run2-rdx-2016-mu-K_nnk_gt-p_eta_ntracks
[I 260828 23:03:52 utils:156] verbose        : False
[I 260828 23:03:52 utils:156] version        : 1.5.6
[I 260828 23:03:52 utils:157] ===============
[W 260828 23:03:52 make_eff_hists:207] No --cut specified. Cuts on PID samples should match your sample cuts.
[I 260828 23:03:52 utils:609] 238 calibration files from EOS will be processed
[I 260828 23:03:52 binning:543] Loading binnings from ./binning_iso.json
[W 260828 23:03:52 binning:581] The following custom binnings are not being used: [{'particle': 'Pi', 'bin_var': 'Brunel_P'}, {'particle': 'Pi', 'bin_var': 'Brunel_ETA'}, {'particle': 'Pi', 'bin_var': 'nTracks_Brunel'}, {'particle': 'P', 'bin_var': 'Brunel_P'}, {'particle': 'P', 'bin_var': 'Brunel_ETA'}, {'particle': 'P', 'bin_var': 'nTracks_Brunel'}, {'particle': 'Mu_nopt', 'bin_var': 'Brunel_P'}, {'particle': 'Mu_nopt', 'bin_var': 'Brunel_ETA'}, {'particle': 'Mu_nopt', 'bin_var': 'nTracks_Brunel'}, {'particle': 'e_B_Jpsi', 'bin_var': 'Brunel_P'}, {'particle': 'e_B_Jpsi', 'bin_var': 'Brunel_ETA'}, {'particle': 'e_B_Jpsi', 'bin_var': 'nTracks'}]
[I 260828 23:10:19 utils:819] Processed 238/238 files
[I 260828 23:10:19 utils:966] 149452639/152482619 (98.0%) events passed binning range cut
[I 260828 23:10:19 utils:966] 128113254/149452639 (85.7%) events passed 'Brunel_MC15TuneV1_ProbNNk>0.2' cut
[I 260828 23:10:19 make_eff_hists:270] Efficiency histograms saved to 'pidcalib_iso/run2-rdx-2016-mu-K_nnk_gt-p_eta_ntracks/effhists-Turbo16-up-K-Brunel_MC15TuneV1_ProbNNk>0.2-Brunel_P.Brunel_ETA.nTracks_Brunel-binning_iso.pkl'
Output folder: pidcalib_iso/run2-rdx-2016-mu-K_nnknng_gt02lt02-p_eta_ntracks
[I 260828 23:10:23 make_eff_hists:203] Running PIDCalib2 make_eff_hists with the config:
[I 260828 23:10:23 utils:153] ===============
[I 260828 23:10:23 utils:156] sample         : Turbo16
[I 260828 23:10:23 utils:156] magnet         : up
[I 260828 23:10:23 utils:156] particle       : K
[I 260828 23:10:23 utils:156] pid_cuts       : ['Brunel_MC15TuneV1_ProbNNk>0.2&Brunel_MC15TuneV1_ProbNNghost<0.2']
[I 260828 23:10:23 utils:156] bin_vars       : ['Brunel_P', 'Brunel_ETA', 'nTracks_Brunel']
[I 260828 23:10:23 utils:156] binning_files  : ['./binning_iso.json']
[I 260828 23:10:23 utils:156] output_dir     : pidcalib_iso/run2-rdx-2016-mu-K_nnknng_gt02lt02-p_eta_ntracks
[I 260828 23:10:23 utils:156] verbose        : False
[I 260828 23:10:23 utils:156] version        : 1.5.6
[I 260828 23:10:23 utils:157] ===============
[W 260828 23:10:23 make_eff_hists:207] No --cut specified. Cuts on PID samples should match your sample cuts.
[I 260828 23:10:26 utils:609] 238 calibration files from EOS will be processed
[I 260828 23:10:26 binning:543] Loading binnings from ./binning_iso.json
[W 260828 23:10:26 binning:581] The following custom binnings are not being used: [{'particle': 'Pi', 'bin_var': 'Brunel_P'}, {'particle': 'Pi', 'bin_var': 'Brunel_ETA'}, {'particle': 'Pi', 'bin_var': 'nTracks_Brunel'}, {'particle': 'P', 'bin_var': 'Brunel_P'}, {'particle': 'P', 'bin_var': 'Brunel_ETA'}, {'particle': 'P', 'bin_var': 'nTracks_Brunel'}, {'particle': 'Mu_nopt', 'bin_var': 'Brunel_P'}, {'particle': 'Mu_nopt', 'bin_var': 'Brunel_ETA'}, {'particle': 'Mu_nopt', 'bin_var': 'nTracks_Brunel'}, {'particle': 'e_B_Jpsi', 'bin_var': 'Brunel_P'}, {'particle': 'e_B_Jpsi', 'bin_var': 'Brunel_ETA'}, {'particle': 'e_B_Jpsi', 'bin_var': 'nTracks'}]
[I 260828 23:16:47 utils:819] Processed 238/238 files
[I 260828 23:16:47 utils:966] 149452639/152482619 (98.0%) events passed binning range cut
[I 260828 23:16:47 utils:966] 122053439/149452639 (81.7%) events passed 'Brunel_MC15TuneV1_ProbNNk>0.2&Brunel_MC15TuneV1_ProbNNghost<0.2' cut
[I 260828 23:16:47 make_eff_hists:270] Efficiency histograms saved to 'pidcalib_iso/run2-rdx-2016-mu-K_nnknng_gt02lt02-p_eta_ntracks/effhists-Turbo16-up-K-Brunel_MC15TuneV1_ProbNNk>0.2&Brunel_MC15TuneV1_ProbNNghost<0.2-Brunel_P.Brunel_ETA.nTracks_Brunel-binning_iso.pkl'
Output folder: pidcalib_iso/run2-rdx-2016-mu-K_nnknng_ltlt-p_eta_ntracks
[I 260828 23:16:51 make_eff_hists:203] Running PIDCalib2 make_eff_hists with the config:
[I 260828 23:16:51 utils:153] ===============
[I 260828 23:16:51 utils:156] sample         : Turbo16
[I 260828 23:16:51 utils:156] magnet         : up
[I 260828 23:16:51 utils:156] particle       : K
[I 260828 23:16:51 utils:156] pid_cuts       : ['Brunel_MC15TuneV1_ProbNNk<0.2&Brunel_MC15TuneV1_ProbNNghost<0.3']
[I 260828 23:16:51 utils:156] bin_vars       : ['Brunel_P', 'Brunel_ETA', 'nTracks_Brunel']
[I 260828 23:16:51 utils:156] binning_files  : ['./binning_iso.json']
[I 260828 23:16:51 utils:156] output_dir     : pidcalib_iso/run2-rdx-2016-mu-K_nnknng_ltlt-p_eta_ntracks
[I 260828 23:16:51 utils:156] verbose        : False
[I 260828 23:16:51 utils:156] version        : 1.5.6
[I 260828 23:16:51 utils:157] ===============
[W 260828 23:16:51 make_eff_hists:207] No --cut specified. Cuts on PID samples should match your sample cuts.
[I 260828 23:16:51 utils:609] 238 calibration files from EOS will be processed
[I 260828 23:16:51 binning:543] Loading binnings from ./binning_iso.json
[W 260828 23:16:51 binning:581] The following custom binnings are not being used: [{'particle': 'Pi', 'bin_var': 'Brunel_P'}, {'particle': 'Pi', 'bin_var': 'Brunel_ETA'}, {'particle': 'Pi', 'bin_var': 'nTracks_Brunel'}, {'particle': 'P', 'bin_var': 'Brunel_P'}, {'particle': 'P', 'bin_var': 'Brunel_ETA'}, {'particle': 'P', 'bin_var': 'nTracks_Brunel'}, {'particle': 'Mu_nopt', 'bin_var': 'Brunel_P'}, {'particle': 'Mu_nopt', 'bin_var': 'Brunel_ETA'}, {'particle': 'Mu_nopt', 'bin_var': 'nTracks_Brunel'}, {'particle': 'e_B_Jpsi', 'bin_var': 'Brunel_P'}, {'particle': 'e_B_Jpsi', 'bin_var': 'Brunel_ETA'}, {'particle': 'e_B_Jpsi', 'bin_var': 'nTracks'}]
[I 260828 23:22:58 utils:819] Processed 238/238 files
[I 260828 23:22:58 utils:966] 149452639/152482619 (98.0%) events passed binning range cut
[I 260828 23:22:58 utils:966] 19115398/149452639 (12.8%) events passed 'Brunel_MC15TuneV1_ProbNNk<0.2&Brunel_MC15TuneV1_ProbNNghost<0.3' cut
[I 260828 23:22:58 make_eff_hists:270] Efficiency histograms saved to 'pidcalib_iso/run2-rdx-2016-mu-K_nnknng_ltlt-p_eta_ntracks/effhists-Turbo16-up-K-Brunel_MC15TuneV1_ProbNNk<0.2&Brunel_MC15TuneV1_ProbNNghost<0.3-Brunel_P.Brunel_ETA.nTracks_Brunel-binning_iso.pkl'
Output folder: pidcalib_iso/run2-rdx-2016-mu-K_nnp_gt-p_eta_ntracks
[I 260828 23:23:01 make_eff_hists:203] Running PIDCalib2 make_eff_hists with the config:
[I 260828 23:23:01 utils:153] ===============
[I 260828 23:23:01 utils:156] sample         : Turbo16
[I 260828 23:23:01 utils:156] magnet         : up
[I 260828 23:23:01 utils:156] particle       : K
[I 260828 23:23:01 utils:156] pid_cuts       : ['Brunel_MC15TuneV1_ProbNNp>0.4']
[I 260828 23:23:01 utils:156] bin_vars       : ['Brunel_P', 'Brunel_ETA', 'nTracks_Brunel']
[I 260828 23:23:01 utils:156] binning_files  : ['./binning_iso.json']
[I 260828 23:23:01 utils:156] output_dir     : pidcalib_iso/run2-rdx-2016-mu-K_nnp_gt-p_eta_ntracks
[I 260828 23:23:01 utils:156] verbose        : False
[I 260828 23:23:01 utils:156] version        : 1.5.6
[I 260828 23:23:01 utils:157] ===============
[W 260828 23:23:01 make_eff_hists:207] No --cut specified. Cuts on PID samples should match your sample cuts.
[I 260828 23:23:09 utils:609] 238 calibration files from EOS will be processed
[I 260828 23:23:09 binning:543] Loading binnings from ./binning_iso.json
[W 260828 23:23:09 binning:581] The following custom binnings are not being used: [{'particle': 'Pi', 'bin_var': 'Brunel_P'}, {'particle': 'Pi', 'bin_var': 'Brunel_ETA'}, {'particle': 'Pi', 'bin_var': 'nTracks_Brunel'}, {'particle': 'P', 'bin_var': 'Brunel_P'}, {'particle': 'P', 'bin_var': 'Brunel_ETA'}, {'particle': 'P', 'bin_var': 'nTracks_Brunel'}, {'particle': 'Mu_nopt', 'bin_var': 'Brunel_P'}, {'particle': 'Mu_nopt', 'bin_var': 'Brunel_ETA'}, {'particle': 'Mu_nopt', 'bin_var': 'nTracks_Brunel'}, {'particle': 'e_B_Jpsi', 'bin_var': 'Brunel_P'}, {'particle': 'e_B_Jpsi', 'bin_var': 'Brunel_ETA'}, {'particle': 'e_B_Jpsi', 'bin_var': 'nTracks'}]
[I 260828 23:29:13 utils:819] Processed 238/238 files
[I 260828 23:29:13 utils:966] 149452639/152482619 (98.0%) events passed binning range cut
[I 260828 23:29:13 utils:966] 23783701/149452639 (15.9%) events passed 'Brunel_MC15TuneV1_ProbNNp>0.4' cut
[I 260828 23:29:13 make_eff_hists:270] Efficiency histograms saved to 'pidcalib_iso/run2-rdx-2016-mu-K_nnp_gt-p_eta_ntracks/effhists-Turbo16-up-K-Brunel_MC15TuneV1_ProbNNp>0.4-Brunel_P.Brunel_ETA.nTracks_Brunel-binning_iso.pkl'
Output folder: pidcalib_iso/run2-rdx-2016-mu-K_nnknng_gtlt-p_eta_ntracks
[I 260828 23:29:16 make_eff_hists:203] Running PIDCalib2 make_eff_hists with the config:
[I 260828 23:29:16 utils:153] ===============
[I 260828 23:29:16 utils:156] sample         : Turbo16
[I 260828 23:29:16 utils:156] magnet         : up
[I 260828 23:29:16 utils:156] particle       : K
[I 260828 23:29:16 utils:156] pid_cuts       : ['Brunel_MC15TuneV1_ProbNNk>0.2&Brunel_MC15TuneV1_ProbNNghost<0.3']
[I 260828 23:29:16 utils:156] bin_vars       : ['Brunel_P', 'Brunel_ETA', 'nTracks_Brunel']
[I 260828 23:29:16 utils:156] binning_files  : ['./binning_iso.json']
[I 260828 23:29:16 utils:156] output_dir     : pidcalib_iso/run2-rdx-2016-mu-K_nnknng_gtlt-p_eta_ntracks
[I 260828 23:29:16 utils:156] verbose        : False
[I 260828 23:29:16 utils:156] version        : 1.5.6
[I 260828 23:29:16 utils:157] ===============
[W 260828 23:29:16 make_eff_hists:207] No --cut specified. Cuts on PID samples should match your sample cuts.
[I 260828 23:29:16 utils:609] 238 calibration files from EOS will be processed
[I 260828 23:29:16 binning:543] Loading binnings from ./binning_iso.json
[W 260828 23:29:16 binning:581] The following custom binnings are not being used: [{'particle': 'Pi', 'bin_var': 'Brunel_P'}, {'particle': 'Pi', 'bin_var': 'Brunel_ETA'}, {'particle': 'Pi', 'bin_var': 'nTracks_Brunel'}, {'particle': 'P', 'bin_var': 'Brunel_P'}, {'particle': 'P', 'bin_var': 'Brunel_ETA'}, {'particle': 'P', 'bin_var': 'nTracks_Brunel'}, {'particle': 'Mu_nopt', 'bin_var': 'Brunel_P'}, {'particle': 'Mu_nopt', 'bin_var': 'Brunel_ETA'}, {'particle': 'Mu_nopt', 'bin_var': 'nTracks_Brunel'}, {'particle': 'e_B_Jpsi', 'bin_var': 'Brunel_P'}, {'particle': 'e_B_Jpsi', 'bin_var': 'Brunel_ETA'}, {'particle': 'e_B_Jpsi', 'bin_var': 'nTracks'}]
[I 260828 23:35:30 utils:819] Processed 238/238 files
[I 260828 23:35:30 utils:966] 149452639/152482619 (98.0%) events passed binning range cut
[I 260828 23:35:30 utils:966] 124018605/149452639 (83.0%) events passed 'Brunel_MC15TuneV1_ProbNNk>0.2&Brunel_MC15TuneV1_ProbNNghost<0.3' cut
[I 260828 23:35:30 make_eff_hists:270] Efficiency histograms saved to 'pidcalib_iso/run2-rdx-2016-mu-K_nnknng_gtlt-p_eta_ntracks/effhists-Turbo16-up-K-Brunel_MC15TuneV1_ProbNNk>0.2&Brunel_MC15TuneV1_ProbNNghost<0.3-Brunel_P.Brunel_ETA.nTracks_Brunel-binning_iso.pkl'
Output folder: pidcalib_iso/run2-rdx-2016-mu-K_nnknng_lt02lt02-p_eta_ntracks
[I 260828 23:35:33 make_eff_hists:203] Running PIDCalib2 make_eff_hists with the config:
[I 260828 23:35:33 utils:153] ===============
[I 260828 23:35:33 utils:156] sample         : Turbo16
[I 260828 23:35:33 utils:156] magnet         : up
[I 260828 23:35:33 utils:156] particle       : K
[I 260828 23:35:33 utils:156] pid_cuts       : ['Brunel_MC15TuneV1_ProbNNk<0.2&Brunel_MC15TuneV1_ProbNNghost<0.2']
[I 260828 23:35:33 utils:156] bin_vars       : ['Brunel_P', 'Brunel_ETA', 'nTracks_Brunel']
[I 260828 23:35:33 utils:156] binning_files  : ['./binning_iso.json']
[I 260828 23:35:33 utils:156] output_dir     : pidcalib_iso/run2-rdx-2016-mu-K_nnknng_lt02lt02-p_eta_ntracks
[I 260828 23:35:33 utils:156] verbose        : False
[I 260828 23:35:33 utils:156] version        : 1.5.6
[I 260828 23:35:33 utils:157] ===============
[W 260828 23:35:33 make_eff_hists:207] No --cut specified. Cuts on PID samples should match your sample cuts.
[I 260828 23:35:34 utils:609] 238 calibration files from EOS will be processed
[I 260828 23:35:34 binning:543] Loading binnings from ./binning_iso.json
[W 260828 23:35:34 binning:581] The following custom binnings are not being used: [{'particle': 'Pi', 'bin_var': 'Brunel_P'}, {'particle': 'Pi', 'bin_var': 'Brunel_ETA'}, {'particle': 'Pi', 'bin_var': 'nTracks_Brunel'}, {'particle': 'P', 'bin_var': 'Brunel_P'}, {'particle': 'P', 'bin_var': 'Brunel_ETA'}, {'particle': 'P', 'bin_var': 'nTracks_Brunel'}, {'particle': 'Mu_nopt', 'bin_var': 'Brunel_P'}, {'particle': 'Mu_nopt', 'bin_var': 'Brunel_ETA'}, {'particle': 'Mu_nopt', 'bin_var': 'nTracks_Brunel'}, {'particle': 'e_B_Jpsi', 'bin_var': 'Brunel_P'}, {'particle': 'e_B_Jpsi', 'bin_var': 'Brunel_ETA'}, {'particle': 'e_B_Jpsi', 'bin_var': 'nTracks'}]
[I 260828 23:41:41 utils:819] Processed 238/238 files
[I 260828 23:41:41 utils:966] 149452639/152482619 (98.0%) events passed binning range cut
[I 260828 23:41:41 utils:966] 18458051/149452639 (12.4%) events passed 'Brunel_MC15TuneV1_ProbNNk<0.2&Brunel_MC15TuneV1_ProbNNghost<0.2' cut
[I 260828 23:41:41 make_eff_hists:270] Efficiency histograms saved to 'pidcalib_iso/run2-rdx-2016-mu-K_nnknng_lt02lt02-p_eta_ntracks/effhists-Turbo16-up-K-Brunel_MC15TuneV1_ProbNNk<0.2&Brunel_MC15TuneV1_ProbNNghost<0.2-Brunel_P.Brunel_ETA.nTracks_Brunel-binning_iso.pkl'
Output folder: pidcalib_iso/run2-rdx-2016-mu-Pi_nnpnng_gtlt-p_eta_ntracks
[I 260828 23:41:45 make_eff_hists:203] Running PIDCalib2 make_eff_hists with the config:
[I 260828 23:41:45 utils:153] ===============
[I 260828 23:41:45 utils:156] sample         : Turbo16
[I 260828 23:41:45 utils:156] magnet         : up
[I 260828 23:41:45 utils:156] particle       : Pi
[I 260828 23:41:45 utils:156] pid_cuts       : ['Brunel_MC15TuneV1_ProbNNp>0.4&Brunel_MC15TuneV1_ProbNNghost<0.3']
[I 260828 23:41:45 utils:156] bin_vars       : ['Brunel_P', 'Brunel_ETA', 'nTracks_Brunel']
[I 260828 23:41:45 utils:156] binning_files  : ['./binning_iso.json']
[I 260828 23:41:45 utils:156] output_dir     : pidcalib_iso/run2-rdx-2016-mu-Pi_nnpnng_gtlt-p_eta_ntracks
[I 260828 23:41:45 utils:156] verbose        : False
[I 260828 23:41:45 utils:156] version        : 1.5.6
[I 260828 23:41:45 utils:157] ===============
[W 260828 23:41:45 make_eff_hists:207] No --cut specified. Cuts on PID samples should match your sample cuts.
[I 260828 23:41:45 utils:609] 238 calibration files from EOS will be processed
[I 260828 23:41:45 binning:543] Loading binnings from ./binning_iso.json
[W 260828 23:41:45 binning:581] The following custom binnings are not being used: [{'particle': 'K', 'bin_var': 'Brunel_P'}, {'particle': 'K', 'bin_var': 'Brunel_ETA'}, {'particle': 'K', 'bin_var': 'nTracks_Brunel'}, {'particle': 'P', 'bin_var': 'Brunel_P'}, {'particle': 'P', 'bin_var': 'Brunel_ETA'}, {'particle': 'P', 'bin_var': 'nTracks_Brunel'}, {'particle': 'Mu_nopt', 'bin_var': 'Brunel_P'}, {'particle': 'Mu_nopt', 'bin_var': 'Brunel_ETA'}, {'particle': 'Mu_nopt', 'bin_var': 'nTracks_Brunel'}, {'particle': 'e_B_Jpsi', 'bin_var': 'Brunel_P'}, {'particle': 'e_B_Jpsi', 'bin_var': 'Brunel_ETA'}, {'particle': 'e_B_Jpsi', 'bin_var': 'nTracks'}]
[I 260828 23:47:53 utils:819] Processed 238/238 files
[I 260828 23:47:53 utils:966] 149688448/152482619 (98.2%) events passed binning range cut
[I 260828 23:47:53 utils:966] 2960881/149688448 (2.0%) events passed 'Brunel_MC15TuneV1_ProbNNp>0.4&Brunel_MC15TuneV1_ProbNNghost<0.3' cut
[I 260828 23:47:53 make_eff_hists:270] Efficiency histograms saved to 'pidcalib_iso/run2-rdx-2016-mu-Pi_nnpnng_gtlt-p_eta_ntracks/effhists-Turbo16-up-Pi-Brunel_MC15TuneV1_ProbNNp>0.4&Brunel_MC15TuneV1_ProbNNghost<0.3-Brunel_P.Brunel_ETA.nTracks_Brunel-binning_iso.pkl'
Output folder: pidcalib_iso/run2-rdx-2016-mu-Pi_nnk_gt-p_eta_ntracks
[I 260828 23:47:56 make_eff_hists:203] Running PIDCalib2 make_eff_hists with the config:
[I 260828 23:47:56 utils:153] ===============
[I 260828 23:47:56 utils:156] sample         : Turbo16
[I 260828 23:47:56 utils:156] magnet         : up
[I 260828 23:47:56 utils:156] particle       : Pi
[I 260828 23:47:56 utils:156] pid_cuts       : ['Brunel_MC15TuneV1_ProbNNk>0.2']
[I 260828 23:47:56 utils:156] bin_vars       : ['Brunel_P', 'Brunel_ETA', 'nTracks_Brunel']
[I 260828 23:47:56 utils:156] binning_files  : ['./binning_iso.json']
[I 260828 23:47:56 utils:156] output_dir     : pidcalib_iso/run2-rdx-2016-mu-Pi_nnk_gt-p_eta_ntracks
[I 260828 23:47:56 utils:156] verbose        : False
[I 260828 23:47:56 utils:156] version        : 1.5.6
[I 260828 23:47:56 utils:157] ===============
[W 260828 23:47:56 make_eff_hists:207] No --cut specified. Cuts on PID samples should match your sample cuts.
[I 260828 23:47:58 utils:609] 238 calibration files from EOS will be processed
[I 260828 23:47:58 binning:543] Loading binnings from ./binning_iso.json
[W 260828 23:47:58 binning:581] The following custom binnings are not being used: [{'particle': 'K', 'bin_var': 'Brunel_P'}, {'particle': 'K', 'bin_var': 'Brunel_ETA'}, {'particle': 'K', 'bin_var': 'nTracks_Brunel'}, {'particle': 'P', 'bin_var': 'Brunel_P'}, {'particle': 'P', 'bin_var': 'Brunel_ETA'}, {'particle': 'P', 'bin_var': 'nTracks_Brunel'}, {'particle': 'Mu_nopt', 'bin_var': 'Brunel_P'}, {'particle': 'Mu_nopt', 'bin_var': 'Brunel_ETA'}, {'particle': 'Mu_nopt', 'bin_var': 'nTracks_Brunel'}, {'particle': 'e_B_Jpsi', 'bin_var': 'Brunel_P'}, {'particle': 'e_B_Jpsi', 'bin_var': 'Brunel_ETA'}, {'particle': 'e_B_Jpsi', 'bin_var': 'nTracks'}]
[I 260828 23:54:01 utils:819] Processed 238/238 files
[I 260828 23:54:01 utils:966] 149688448/152482619 (98.2%) events passed binning range cut
[I 260828 23:54:01 utils:966] 18351347/149688448 (12.3%) events passed 'Brunel_MC15TuneV1_ProbNNk>0.2' cut
[I 260828 23:54:01 make_eff_hists:270] Efficiency histograms saved to 'pidcalib_iso/run2-rdx-2016-mu-Pi_nnk_gt-p_eta_ntracks/effhists-Turbo16-up-Pi-Brunel_MC15TuneV1_ProbNNk>0.2-Brunel_P.Brunel_ETA.nTracks_Brunel-binning_iso.pkl'
Output folder: pidcalib_iso/run2-rdx-2016-mu-Pi_nnknng_gt02lt02-p_eta_ntracks
[I 260828 23:54:04 make_eff_hists:203] Running PIDCalib2 make_eff_hists with the config:
[I 260828 23:54:04 utils:153] ===============
[I 260828 23:54:04 utils:156] sample         : Turbo16
[I 260828 23:54:04 utils:156] magnet         : up
[I 260828 23:54:04 utils:156] particle       : Pi
[I 260828 23:54:04 utils:156] pid_cuts       : ['Brunel_MC15TuneV1_ProbNNk>0.2&Brunel_MC15TuneV1_ProbNNghost<0.2']
[I 260828 23:54:04 utils:156] bin_vars       : ['Brunel_P', 'Brunel_ETA', 'nTracks_Brunel']
[I 260828 23:54:04 utils:156] binning_files  : ['./binning_iso.json']
[I 260828 23:54:04 utils:156] output_dir     : pidcalib_iso/run2-rdx-2016-mu-Pi_nnknng_gt02lt02-p_eta_ntracks
[I 260828 23:54:04 utils:156] verbose        : False
[I 260828 23:54:04 utils:156] version        : 1.5.6
[I 260828 23:54:04 utils:157] ===============
[W 260828 23:54:04 make_eff_hists:207] No --cut specified. Cuts on PID samples should match your sample cuts.
[I 260828 23:54:04 utils:609] 238 calibration files from EOS will be processed
[I 260828 23:54:04 binning:543] Loading binnings from ./binning_iso.json
[W 260828 23:54:04 binning:581] The following custom binnings are not being used: [{'particle': 'K', 'bin_var': 'Brunel_P'}, {'particle': 'K', 'bin_var': 'Brunel_ETA'}, {'particle': 'K', 'bin_var': 'nTracks_Brunel'}, {'particle': 'P', 'bin_var': 'Brunel_P'}, {'particle': 'P', 'bin_var': 'Brunel_ETA'}, {'particle': 'P', 'bin_var': 'nTracks_Brunel'}, {'particle': 'Mu_nopt', 'bin_var': 'Brunel_P'}, {'particle': 'Mu_nopt', 'bin_var': 'Brunel_ETA'}, {'particle': 'Mu_nopt', 'bin_var': 'nTracks_Brunel'}, {'particle': 'e_B_Jpsi', 'bin_var': 'Brunel_P'}, {'particle': 'e_B_Jpsi', 'bin_var': 'Brunel_ETA'}, {'particle': 'e_B_Jpsi', 'bin_var': 'nTracks'}]
[I 260829 00:01:16 utils:819] Processed 238/238 files
[I 260829 00:01:16 utils:966] 149688448/152482619 (98.2%) events passed binning range cut
[I 260829 00:01:16 utils:966] 17214673/149688448 (11.5%) events passed 'Brunel_MC15TuneV1_ProbNNk>0.2&Brunel_MC15TuneV1_ProbNNghost<0.2' cut
[I 260829 00:01:16 make_eff_hists:270] Efficiency histograms saved to 'pidcalib_iso/run2-rdx-2016-mu-Pi_nnknng_gt02lt02-p_eta_ntracks/effhists-Turbo16-up-Pi-Brunel_MC15TuneV1_ProbNNk>0.2&Brunel_MC15TuneV1_ProbNNghost<0.2-Brunel_P.Brunel_ETA.nTracks_Brunel-binning_iso.pkl'
Output folder: pidcalib_iso/run2-rdx-2016-mu-Pi_nnknng_ltlt-p_eta_ntracks
[I 260829 00:01:20 make_eff_hists:203] Running PIDCalib2 make_eff_hists with the config:
[I 260829 00:01:20 utils:153] ===============
[I 260829 00:01:20 utils:156] sample         : Turbo16
[I 260829 00:01:20 utils:156] magnet         : up
[I 260829 00:01:20 utils:156] particle       : Pi
[I 260829 00:01:20 utils:156] pid_cuts       : ['Brunel_MC15TuneV1_ProbNNk<0.2&Brunel_MC15TuneV1_ProbNNghost<0.3']
[I 260829 00:01:20 utils:156] bin_vars       : ['Brunel_P', 'Brunel_ETA', 'nTracks_Brunel']
[I 260829 00:01:20 utils:156] binning_files  : ['./binning_iso.json']
[I 260829 00:01:20 utils:156] output_dir     : pidcalib_iso/run2-rdx-2016-mu-Pi_nnknng_ltlt-p_eta_ntracks
[I 260829 00:01:20 utils:156] verbose        : False
[I 260829 00:01:20 utils:156] version        : 1.5.6
[I 260829 00:01:20 utils:157] ===============
[W 260829 00:01:20 make_eff_hists:207] No --cut specified. Cuts on PID samples should match your sample cuts.
[I 260829 00:01:21 utils:609] 238 calibration files from EOS will be processed
[I 260829 00:01:21 binning:543] Loading binnings from ./binning_iso.json
[W 260829 00:01:21 binning:581] The following custom binnings are not being used: [{'particle': 'K', 'bin_var': 'Brunel_P'}, {'particle': 'K', 'bin_var': 'Brunel_ETA'}, {'particle': 'K', 'bin_var': 'nTracks_Brunel'}, {'particle': 'P', 'bin_var': 'Brunel_P'}, {'particle': 'P', 'bin_var': 'Brunel_ETA'}, {'particle': 'P', 'bin_var': 'nTracks_Brunel'}, {'particle': 'Mu_nopt', 'bin_var': 'Brunel_P'}, {'particle': 'Mu_nopt', 'bin_var': 'Brunel_ETA'}, {'particle': 'Mu_nopt', 'bin_var': 'nTracks_Brunel'}, {'particle': 'e_B_Jpsi', 'bin_var': 'Brunel_P'}, {'particle': 'e_B_Jpsi', 'bin_var': 'Brunel_ETA'}, {'particle': 'e_B_Jpsi', 'bin_var': 'nTracks'}]
[I 260829 00:07:32 utils:819] Processed 238/238 files
[I 260829 00:07:32 utils:966] 149688448/152482619 (98.2%) events passed binning range cut
[I 260829 00:07:32 utils:966] 126662581/149688448 (84.6%) events passed 'Brunel_MC15TuneV1_ProbNNk<0.2&Brunel_MC15TuneV1_ProbNNghost<0.3' cut
[I 260829 00:07:32 make_eff_hists:270] Efficiency histograms saved to 'pidcalib_iso/run2-rdx-2016-mu-Pi_nnknng_ltlt-p_eta_ntracks/effhists-Turbo16-up-Pi-Brunel_MC15TuneV1_ProbNNk<0.2&Brunel_MC15TuneV1_ProbNNghost<0.3-Brunel_P.Brunel_ETA.nTracks_Brunel-binning_iso.pkl'
Output folder: pidcalib_iso/run2-rdx-2016-mu-Pi_nnp_gt-p_eta_ntracks
[I 260829 00:07:35 make_eff_hists:203] Running PIDCalib2 make_eff_hists with the config:
[I 260829 00:07:35 utils:153] ===============
[I 260829 00:07:35 utils:156] sample         : Turbo16
[I 260829 00:07:35 utils:156] magnet         : up
[I 260829 00:07:35 utils:156] particle       : Pi
[I 260829 00:07:35 utils:156] pid_cuts       : ['Brunel_MC15TuneV1_ProbNNp>0.4']
[I 260829 00:07:35 utils:156] bin_vars       : ['Brunel_P', 'Brunel_ETA', 'nTracks_Brunel']
[I 260829 00:07:35 utils:156] binning_files  : ['./binning_iso.json']
[I 260829 00:07:35 utils:156] output_dir     : pidcalib_iso/run2-rdx-2016-mu-Pi_nnp_gt-p_eta_ntracks
[I 260829 00:07:35 utils:156] verbose        : False
[I 260829 00:07:35 utils:156] version        : 1.5.6
[I 260829 00:07:35 utils:157] ===============
[W 260829 00:07:35 make_eff_hists:207] No --cut specified. Cuts on PID samples should match your sample cuts.
[I 260829 00:07:35 utils:609] 238 calibration files from EOS will be processed
[I 260829 00:07:35 binning:543] Loading binnings from ./binning_iso.json
[W 260829 00:07:35 binning:581] The following custom binnings are not being used: [{'particle': 'K', 'bin_var': 'Brunel_P'}, {'particle': 'K', 'bin_var': 'Brunel_ETA'}, {'particle': 'K', 'bin_var': 'nTracks_Brunel'}, {'particle': 'P', 'bin_var': 'Brunel_P'}, {'particle': 'P', 'bin_var': 'Brunel_ETA'}, {'particle': 'P', 'bin_var': 'nTracks_Brunel'}, {'particle': 'Mu_nopt', 'bin_var': 'Brunel_P'}, {'particle': 'Mu_nopt', 'bin_var': 'Brunel_ETA'}, {'particle': 'Mu_nopt', 'bin_var': 'nTracks_Brunel'}, {'particle': 'e_B_Jpsi', 'bin_var': 'Brunel_P'}, {'particle': 'e_B_Jpsi', 'bin_var': 'Brunel_ETA'}, {'particle': 'e_B_Jpsi', 'bin_var': 'nTracks'}]
[I 260829 00:13:42 utils:819] Processed 238/238 files
[I 260829 00:13:42 utils:966] 149688448/152482619 (98.2%) events passed binning range cut
[I 260829 00:13:42 utils:966] 3202371/149688448 (2.1%) events passed 'Brunel_MC15TuneV1_ProbNNp>0.4' cut
[I 260829 00:13:43 make_eff_hists:270] Efficiency histograms saved to 'pidcalib_iso/run2-rdx-2016-mu-Pi_nnp_gt-p_eta_ntracks/effhists-Turbo16-up-Pi-Brunel_MC15TuneV1_ProbNNp>0.4-Brunel_P.Brunel_ETA.nTracks_Brunel-binning_iso.pkl'
Output folder: pidcalib_iso/run2-rdx-2016-mu-Pi_nnknng_gtlt-p_eta_ntracks
[I 260829 00:13:47 make_eff_hists:203] Running PIDCalib2 make_eff_hists with the config:
[I 260829 00:13:47 utils:153] ===============
[I 260829 00:13:47 utils:156] sample         : Turbo16
[I 260829 00:13:47 utils:156] magnet         : up
[I 260829 00:13:47 utils:156] particle       : Pi
[I 260829 00:13:47 utils:156] pid_cuts       : ['Brunel_MC15TuneV1_ProbNNk>0.2&Brunel_MC15TuneV1_ProbNNghost<0.3']
[I 260829 00:13:47 utils:156] bin_vars       : ['Brunel_P', 'Brunel_ETA', 'nTracks_Brunel']
[I 260829 00:13:47 utils:156] binning_files  : ['./binning_iso.json']
[I 260829 00:13:47 utils:156] output_dir     : pidcalib_iso/run2-rdx-2016-mu-Pi_nnknng_gtlt-p_eta_ntracks
[I 260829 00:13:47 utils:156] verbose        : False
[I 260829 00:13:47 utils:156] version        : 1.5.6
[I 260829 00:13:47 utils:157] ===============
[W 260829 00:13:47 make_eff_hists:207] No --cut specified. Cuts on PID samples should match your sample cuts.
[I 260829 00:13:51 utils:609] 238 calibration files from EOS will be processed
[I 260829 00:13:51 binning:543] Loading binnings from ./binning_iso.json
[W 260829 00:13:51 binning:581] The following custom binnings are not being used: [{'particle': 'K', 'bin_var': 'Brunel_P'}, {'particle': 'K', 'bin_var': 'Brunel_ETA'}, {'particle': 'K', 'bin_var': 'nTracks_Brunel'}, {'particle': 'P', 'bin_var': 'Brunel_P'}, {'particle': 'P', 'bin_var': 'Brunel_ETA'}, {'particle': 'P', 'bin_var': 'nTracks_Brunel'}, {'particle': 'Mu_nopt', 'bin_var': 'Brunel_P'}, {'particle': 'Mu_nopt', 'bin_var': 'Brunel_ETA'}, {'particle': 'Mu_nopt', 'bin_var': 'nTracks_Brunel'}, {'particle': 'e_B_Jpsi', 'bin_var': 'Brunel_P'}, {'particle': 'e_B_Jpsi', 'bin_var': 'Brunel_ETA'}, {'particle': 'e_B_Jpsi', 'bin_var': 'nTracks'}]
[I 260829 00:19:59 utils:819] Processed 238/238 files
[I 260829 00:19:59 utils:966] 149688448/152482619 (98.2%) events passed binning range cut
[I 260829 00:19:59 utils:966] 17563567/149688448 (11.7%) events passed 'Brunel_MC15TuneV1_ProbNNk>0.2&Brunel_MC15TuneV1_ProbNNghost<0.3' cut
[I 260829 00:19:59 make_eff_hists:270] Efficiency histograms saved to 'pidcalib_iso/run2-rdx-2016-mu-Pi_nnknng_gtlt-p_eta_ntracks/effhists-Turbo16-up-Pi-Brunel_MC15TuneV1_ProbNNk>0.2&Brunel_MC15TuneV1_ProbNNghost<0.3-Brunel_P.Brunel_ETA.nTracks_Brunel-binning_iso.pkl'
Output folder: pidcalib_iso/run2-rdx-2016-mu-Pi_nnknng_lt02lt02-p_eta_ntracks
[I 260829 00:20:02 make_eff_hists:203] Running PIDCalib2 make_eff_hists with the config:
[I 260829 00:20:02 utils:153] ===============
[I 260829 00:20:02 utils:156] sample         : Turbo16
[I 260829 00:20:02 utils:156] magnet         : up
[I 260829 00:20:02 utils:156] particle       : Pi
[I 260829 00:20:02 utils:156] pid_cuts       : ['Brunel_MC15TuneV1_ProbNNk<0.2&Brunel_MC15TuneV1_ProbNNghost<0.2']
[I 260829 00:20:02 utils:156] bin_vars       : ['Brunel_P', 'Brunel_ETA', 'nTracks_Brunel']
[I 260829 00:20:02 utils:156] binning_files  : ['./binning_iso.json']
[I 260829 00:20:02 utils:156] output_dir     : pidcalib_iso/run2-rdx-2016-mu-Pi_nnknng_lt02lt02-p_eta_ntracks
[I 260829 00:20:02 utils:156] verbose        : False
[I 260829 00:20:02 utils:156] version        : 1.5.6
[I 260829 00:20:02 utils:157] ===============
[W 260829 00:20:02 make_eff_hists:207] No --cut specified. Cuts on PID samples should match your sample cuts.
[I 260829 00:20:02 utils:609] 238 calibration files from EOS will be processed
[I 260829 00:20:02 binning:543] Loading binnings from ./binning_iso.json
[W 260829 00:20:02 binning:581] The following custom binnings are not being used: [{'particle': 'K', 'bin_var': 'Brunel_P'}, {'particle': 'K', 'bin_var': 'Brunel_ETA'}, {'particle': 'K', 'bin_var': 'nTracks_Brunel'}, {'particle': 'P', 'bin_var': 'Brunel_P'}, {'particle': 'P', 'bin_var': 'Brunel_ETA'}, {'particle': 'P', 'bin_var': 'nTracks_Brunel'}, {'particle': 'Mu_nopt', 'bin_var': 'Brunel_P'}, {'particle': 'Mu_nopt', 'bin_var': 'Brunel_ETA'}, {'particle': 'Mu_nopt', 'bin_var': 'nTracks_Brunel'}, {'particle': 'e_B_Jpsi', 'bin_var': 'Brunel_P'}, {'particle': 'e_B_Jpsi', 'bin_var': 'Brunel_ETA'}, {'particle': 'e_B_Jpsi', 'bin_var': 'nTracks'}]
[I 260829 00:26:49 utils:819] Processed 238/238 files
[I 260829 00:26:49 utils:966] 149688448/152482619 (98.2%) events passed binning range cut
[I 260829 00:26:49 utils:966] 124540362/149688448 (83.2%) events passed 'Brunel_MC15TuneV1_ProbNNk<0.2&Brunel_MC15TuneV1_ProbNNghost<0.2' cut
[I 260829 00:26:49 make_eff_hists:270] Efficiency histograms saved to 'pidcalib_iso/run2-rdx-2016-mu-Pi_nnknng_lt02lt02-p_eta_ntracks/effhists-Turbo16-up-Pi-Brunel_MC15TuneV1_ProbNNk<0.2&Brunel_MC15TuneV1_ProbNNghost<0.2-Brunel_P.Brunel_ETA.nTracks_Brunel-binning_iso.pkl'
Output folder: pidcalib_iso/run2-rdx-2016-mu-P_nnpnng_gtlt-p_eta_ntracks
[I 260829 00:26:52 make_eff_hists:203] Running PIDCalib2 make_eff_hists with the config:
[I 260829 00:26:52 utils:153] ===============
[I 260829 00:26:52 utils:156] sample         : Turbo16
[I 260829 00:26:52 utils:156] magnet         : up
[I 260829 00:26:52 utils:156] particle       : P
[I 260829 00:26:52 utils:156] pid_cuts       : ['Brunel_MC15TuneV1_ProbNNp>0.4&Brunel_MC15TuneV1_ProbNNghost<0.3']
[I 260829 00:26:52 utils:156] bin_vars       : ['Brunel_P', 'Brunel_ETA', 'nTracks_Brunel']
[I 260829 00:26:52 utils:156] binning_files  : ['./binning_iso.json']
[I 260829 00:26:52 utils:156] output_dir     : pidcalib_iso/run2-rdx-2016-mu-P_nnpnng_gtlt-p_eta_ntracks
[I 260829 00:26:52 utils:156] verbose        : False
[I 260829 00:26:52 utils:156] version        : 1.5.6
[I 260829 00:26:52 utils:157] ===============
[W 260829 00:26:52 make_eff_hists:207] No --cut specified. Cuts on PID samples should match your sample cuts.
[I 260829 00:26:53 utils:609] 238 calibration files from EOS will be processed
[I 260829 00:26:54 binning:543] Loading binnings from ./binning_iso.json
[W 260829 00:26:54 binning:581] The following custom binnings are not being used: [{'particle': 'Pi', 'bin_var': 'Brunel_P'}, {'particle': 'Pi', 'bin_var': 'Brunel_ETA'}, {'particle': 'Pi', 'bin_var': 'nTracks_Brunel'}, {'particle': 'K', 'bin_var': 'Brunel_P'}, {'particle': 'K', 'bin_var': 'Brunel_ETA'}, {'particle': 'K', 'bin_var': 'nTracks_Brunel'}, {'particle': 'Mu_nopt', 'bin_var': 'Brunel_P'}, {'particle': 'Mu_nopt', 'bin_var': 'Brunel_ETA'}, {'particle': 'Mu_nopt', 'bin_var': 'nTracks_Brunel'}, {'particle': 'e_B_Jpsi', 'bin_var': 'Brunel_P'}, {'particle': 'e_B_Jpsi', 'bin_var': 'Brunel_ETA'}, {'particle': 'e_B_Jpsi', 'bin_var': 'nTracks'}]
[I 260829 00:37:39 utils:819] Processed 238/238 files
[I 260829 00:37:39 utils:966] 104509610/106763653 (97.9%) events passed binning range cut
[I 260829 00:37:39 utils:966] 85663222/104509610 (82.0%) events passed 'Brunel_MC15TuneV1_ProbNNp>0.4&Brunel_MC15TuneV1_ProbNNghost<0.3' cut
[I 260829 00:37:39 make_eff_hists:270] Efficiency histograms saved to 'pidcalib_iso/run2-rdx-2016-mu-P_nnpnng_gtlt-p_eta_ntracks/effhists-Turbo16-up-P-Brunel_MC15TuneV1_ProbNNp>0.4&Brunel_MC15TuneV1_ProbNNghost<0.3-Brunel_P.Brunel_ETA.nTracks_Brunel-binning_iso.pkl'
Output folder: pidcalib_iso/run2-rdx-2016-mu-P_nnk_gt-p_eta_ntracks
[I 260829 00:37:42 make_eff_hists:203] Running PIDCalib2 make_eff_hists with the config:
[I 260829 00:37:42 utils:153] ===============
[I 260829 00:37:42 utils:156] sample         : Turbo16
[I 260829 00:37:42 utils:156] magnet         : up
[I 260829 00:37:42 utils:156] particle       : P
[I 260829 00:37:42 utils:156] pid_cuts       : ['Brunel_MC15TuneV1_ProbNNk>0.2']
[I 260829 00:37:42 utils:156] bin_vars       : ['Brunel_P', 'Brunel_ETA', 'nTracks_Brunel']
[I 260829 00:37:42 utils:156] binning_files  : ['./binning_iso.json']
[I 260829 00:37:42 utils:156] output_dir     : pidcalib_iso/run2-rdx-2016-mu-P_nnk_gt-p_eta_ntracks
[I 260829 00:37:42 utils:156] verbose        : False
[I 260829 00:37:42 utils:156] version        : 1.5.6
[I 260829 00:37:42 utils:157] ===============
[W 260829 00:37:42 make_eff_hists:207] No --cut specified. Cuts on PID samples should match your sample cuts.
[I 260829 00:37:52 utils:609] 238 calibration files from EOS will be processed
[I 260829 00:37:52 binning:543] Loading binnings from ./binning_iso.json
[W 260829 00:37:52 binning:581] The following custom binnings are not being used: [{'particle': 'Pi', 'bin_var': 'Brunel_P'}, {'particle': 'Pi', 'bin_var': 'Brunel_ETA'}, {'particle': 'Pi', 'bin_var': 'nTracks_Brunel'}, {'particle': 'K', 'bin_var': 'Brunel_P'}, {'particle': 'K', 'bin_var': 'Brunel_ETA'}, {'particle': 'K', 'bin_var': 'nTracks_Brunel'}, {'particle': 'Mu_nopt', 'bin_var': 'Brunel_P'}, {'particle': 'Mu_nopt', 'bin_var': 'Brunel_ETA'}, {'particle': 'Mu_nopt', 'bin_var': 'nTracks_Brunel'}, {'particle': 'e_B_Jpsi', 'bin_var': 'Brunel_P'}, {'particle': 'e_B_Jpsi', 'bin_var': 'Brunel_ETA'}, {'particle': 'e_B_Jpsi', 'bin_var': 'nTracks'}]
[I 260829 00:45:51 utils:819] Processed 238/238 files
[I 260829 00:45:51 utils:966] 104509610/106763653 (97.9%) events passed binning range cut
[I 260829 00:45:51 utils:966] 32184665/104509610 (30.8%) events passed 'Brunel_MC15TuneV1_ProbNNk>0.2' cut
[I 260829 00:45:51 make_eff_hists:270] Efficiency histograms saved to 'pidcalib_iso/run2-rdx-2016-mu-P_nnk_gt-p_eta_ntracks/effhists-Turbo16-up-P-Brunel_MC15TuneV1_ProbNNk>0.2-Brunel_P.Brunel_ETA.nTracks_Brunel-binning_iso.pkl'
Output folder: pidcalib_iso/run2-rdx-2016-mu-P_nnknng_gt02lt02-p_eta_ntracks
[I 260829 00:45:54 make_eff_hists:203] Running PIDCalib2 make_eff_hists with the config:
[I 260829 00:45:54 utils:153] ===============
[I 260829 00:45:54 utils:156] sample         : Turbo16
[I 260829 00:45:54 utils:156] magnet         : up
[I 260829 00:45:54 utils:156] particle       : P
[I 260829 00:45:54 utils:156] pid_cuts       : ['Brunel_MC15TuneV1_ProbNNk>0.2&Brunel_MC15TuneV1_ProbNNghost<0.2']
[I 260829 00:45:54 utils:156] bin_vars       : ['Brunel_P', 'Brunel_ETA', 'nTracks_Brunel']
[I 260829 00:45:54 utils:156] binning_files  : ['./binning_iso.json']
[I 260829 00:45:54 utils:156] output_dir     : pidcalib_iso/run2-rdx-2016-mu-P_nnknng_gt02lt02-p_eta_ntracks
[I 260829 00:45:54 utils:156] verbose        : False
[I 260829 00:45:54 utils:156] version        : 1.5.6
[I 260829 00:45:54 utils:157] ===============
[W 260829 00:45:54 make_eff_hists:207] No --cut specified. Cuts on PID samples should match your sample cuts.
[I 260829 00:45:54 utils:609] 238 calibration files from EOS will be processed
[I 260829 00:45:54 binning:543] Loading binnings from ./binning_iso.json
[W 260829 00:45:54 binning:581] The following custom binnings are not being used: [{'particle': 'Pi', 'bin_var': 'Brunel_P'}, {'particle': 'Pi', 'bin_var': 'Brunel_ETA'}, {'particle': 'Pi', 'bin_var': 'nTracks_Brunel'}, {'particle': 'K', 'bin_var': 'Brunel_P'}, {'particle': 'K', 'bin_var': 'Brunel_ETA'}, {'particle': 'K', 'bin_var': 'nTracks_Brunel'}, {'particle': 'Mu_nopt', 'bin_var': 'Brunel_P'}, {'particle': 'Mu_nopt', 'bin_var': 'Brunel_ETA'}, {'particle': 'Mu_nopt', 'bin_var': 'nTracks_Brunel'}, {'particle': 'e_B_Jpsi', 'bin_var': 'Brunel_P'}, {'particle': 'e_B_Jpsi', 'bin_var': 'Brunel_ETA'}, {'particle': 'e_B_Jpsi', 'bin_var': 'nTracks'}]
[I 260829 00:55:31 utils:819] Processed 238/238 files
[I 260829 00:55:31 utils:966] 104509610/106763653 (97.9%) events passed binning range cut
[I 260829 00:55:31 utils:966] 28993360/104509610 (27.7%) events passed 'Brunel_MC15TuneV1_ProbNNk>0.2&Brunel_MC15TuneV1_ProbNNghost<0.2' cut
[I 260829 00:55:31 make_eff_hists:270] Efficiency histograms saved to 'pidcalib_iso/run2-rdx-2016-mu-P_nnknng_gt02lt02-p_eta_ntracks/effhists-Turbo16-up-P-Brunel_MC15TuneV1_ProbNNk>0.2&Brunel_MC15TuneV1_ProbNNghost<0.2-Brunel_P.Brunel_ETA.nTracks_Brunel-binning_iso.pkl'
Output folder: pidcalib_iso/run2-rdx-2016-mu-P_nnknng_ltlt-p_eta_ntracks
[I 260829 00:55:34 make_eff_hists:203] Running PIDCalib2 make_eff_hists with the config:
[I 260829 00:55:34 utils:153] ===============
[I 260829 00:55:34 utils:156] sample         : Turbo16
[I 260829 00:55:34 utils:156] magnet         : up
[I 260829 00:55:34 utils:156] particle       : P
[I 260829 00:55:34 utils:156] pid_cuts       : ['Brunel_MC15TuneV1_ProbNNk<0.2&Brunel_MC15TuneV1_ProbNNghost<0.3']
[I 260829 00:55:34 utils:156] bin_vars       : ['Brunel_P', 'Brunel_ETA', 'nTracks_Brunel']
[I 260829 00:55:34 utils:156] binning_files  : ['./binning_iso.json']
[I 260829 00:55:34 utils:156] output_dir     : pidcalib_iso/run2-rdx-2016-mu-P_nnknng_ltlt-p_eta_ntracks
[I 260829 00:55:34 utils:156] verbose        : False
[I 260829 00:55:34 utils:156] version        : 1.5.6
[I 260829 00:55:34 utils:157] ===============
[W 260829 00:55:34 make_eff_hists:207] No --cut specified. Cuts on PID samples should match your sample cuts.
[I 260829 00:55:36 utils:609] 238 calibration files from EOS will be processed
[I 260829 00:55:36 binning:543] Loading binnings from ./binning_iso.json
[W 260829 00:55:36 binning:581] The following custom binnings are not being used: [{'particle': 'Pi', 'bin_var': 'Brunel_P'}, {'particle': 'Pi', 'bin_var': 'Brunel_ETA'}, {'particle': 'Pi', 'bin_var': 'nTracks_Brunel'}, {'particle': 'K', 'bin_var': 'Brunel_P'}, {'particle': 'K', 'bin_var': 'Brunel_ETA'}, {'particle': 'K', 'bin_var': 'nTracks_Brunel'}, {'particle': 'Mu_nopt', 'bin_var': 'Brunel_P'}, {'particle': 'Mu_nopt', 'bin_var': 'Brunel_ETA'}, {'particle': 'Mu_nopt', 'bin_var': 'nTracks_Brunel'}, {'particle': 'e_B_Jpsi', 'bin_var': 'Brunel_P'}, {'particle': 'e_B_Jpsi', 'bin_var': 'Brunel_ETA'}, {'particle': 'e_B_Jpsi', 'bin_var': 'nTracks'}]
[I 260829 01:04:38 utils:819] Processed 238/238 files
[I 260829 01:04:38 utils:966] 104509610/106763653 (97.9%) events passed binning range cut
[I 260829 01:04:38 utils:966] 66707075/104509610 (63.8%) events passed 'Brunel_MC15TuneV1_ProbNNk<0.2&Brunel_MC15TuneV1_ProbNNghost<0.3' cut
[I 260829 01:04:38 make_eff_hists:270] Efficiency histograms saved to 'pidcalib_iso/run2-rdx-2016-mu-P_nnknng_ltlt-p_eta_ntracks/effhists-Turbo16-up-P-Brunel_MC15TuneV1_ProbNNk<0.2&Brunel_MC15TuneV1_ProbNNghost<0.3-Brunel_P.Brunel_ETA.nTracks_Brunel-binning_iso.pkl'
Output folder: pidcalib_iso/run2-rdx-2016-mu-P_nnp_gt-p_eta_ntracks
[I 260829 01:04:41 make_eff_hists:203] Running PIDCalib2 make_eff_hists with the config:
[I 260829 01:04:41 utils:153] ===============
[I 260829 01:04:41 utils:156] sample         : Turbo16
[I 260829 01:04:41 utils:156] magnet         : up
[I 260829 01:04:41 utils:156] particle       : P
[I 260829 01:04:41 utils:156] pid_cuts       : ['Brunel_MC15TuneV1_ProbNNp>0.4']
[I 260829 01:04:41 utils:156] bin_vars       : ['Brunel_P', 'Brunel_ETA', 'nTracks_Brunel']
[I 260829 01:04:41 utils:156] binning_files  : ['./binning_iso.json']
[I 260829 01:04:41 utils:156] output_dir     : pidcalib_iso/run2-rdx-2016-mu-P_nnp_gt-p_eta_ntracks
[I 260829 01:04:41 utils:156] verbose        : False
[I 260829 01:04:41 utils:156] version        : 1.5.6
[I 260829 01:04:41 utils:157] ===============
[W 260829 01:04:41 make_eff_hists:207] No --cut specified. Cuts on PID samples should match your sample cuts.
[I 260829 01:04:41 utils:609] 238 calibration files from EOS will be processed
[I 260829 01:04:41 binning:543] Loading binnings from ./binning_iso.json
[W 260829 01:04:41 binning:581] The following custom binnings are not being used: [{'particle': 'Pi', 'bin_var': 'Brunel_P'}, {'particle': 'Pi', 'bin_var': 'Brunel_ETA'}, {'particle': 'Pi', 'bin_var': 'nTracks_Brunel'}, {'particle': 'K', 'bin_var': 'Brunel_P'}, {'particle': 'K', 'bin_var': 'Brunel_ETA'}, {'particle': 'K', 'bin_var': 'nTracks_Brunel'}, {'particle': 'Mu_nopt', 'bin_var': 'Brunel_P'}, {'particle': 'Mu_nopt', 'bin_var': 'Brunel_ETA'}, {'particle': 'Mu_nopt', 'bin_var': 'nTracks_Brunel'}, {'particle': 'e_B_Jpsi', 'bin_var': 'Brunel_P'}, {'particle': 'e_B_Jpsi', 'bin_var': 'Brunel_ETA'}, {'particle': 'e_B_Jpsi', 'bin_var': 'nTracks'}]
[I 260829 01:12:45 utils:819] Processed 238/238 files
[I 260829 01:12:45 utils:966] 104509610/106763653 (97.9%) events passed binning range cut
[I 260829 01:12:45 utils:966] 90406016/104509610 (86.5%) events passed 'Brunel_MC15TuneV1_ProbNNp>0.4' cut
[I 260829 01:12:45 make_eff_hists:270] Efficiency histograms saved to 'pidcalib_iso/run2-rdx-2016-mu-P_nnp_gt-p_eta_ntracks/effhists-Turbo16-up-P-Brunel_MC15TuneV1_ProbNNp>0.4-Brunel_P.Brunel_ETA.nTracks_Brunel-binning_iso.pkl'
Output folder: pidcalib_iso/run2-rdx-2016-mu-P_nnknng_gtlt-p_eta_ntracks
[I 260829 01:12:48 make_eff_hists:203] Running PIDCalib2 make_eff_hists with the config:
[I 260829 01:12:48 utils:153] ===============
[I 260829 01:12:48 utils:156] sample         : Turbo16
[I 260829 01:12:48 utils:156] magnet         : up
[I 260829 01:12:48 utils:156] particle       : P
[I 260829 01:12:48 utils:156] pid_cuts       : ['Brunel_MC15TuneV1_ProbNNk>0.2&Brunel_MC15TuneV1_ProbNNghost<0.3']
[I 260829 01:12:48 utils:156] bin_vars       : ['Brunel_P', 'Brunel_ETA', 'nTracks_Brunel']
[I 260829 01:12:48 utils:156] binning_files  : ['./binning_iso.json']
[I 260829 01:12:48 utils:156] output_dir     : pidcalib_iso/run2-rdx-2016-mu-P_nnknng_gtlt-p_eta_ntracks
[I 260829 01:12:48 utils:156] verbose        : False
[I 260829 01:12:48 utils:156] version        : 1.5.6
[I 260829 01:12:48 utils:157] ===============
[W 260829 01:12:48 make_eff_hists:207] No --cut specified. Cuts on PID samples should match your sample cuts.
[I 260829 01:12:54 utils:609] 238 calibration files from EOS will be processed
[I 260829 01:12:54 binning:543] Loading binnings from ./binning_iso.json
[W 260829 01:12:54 binning:581] The following custom binnings are not being used: [{'particle': 'Pi', 'bin_var': 'Brunel_P'}, {'particle': 'Pi', 'bin_var': 'Brunel_ETA'}, {'particle': 'Pi', 'bin_var': 'nTracks_Brunel'}, {'particle': 'K', 'bin_var': 'Brunel_P'}, {'particle': 'K', 'bin_var': 'Brunel_ETA'}, {'particle': 'K', 'bin_var': 'nTracks_Brunel'}, {'particle': 'Mu_nopt', 'bin_var': 'Brunel_P'}, {'particle': 'Mu_nopt', 'bin_var': 'Brunel_ETA'}, {'particle': 'Mu_nopt', 'bin_var': 'nTracks_Brunel'}, {'particle': 'e_B_Jpsi', 'bin_var': 'Brunel_P'}, {'particle': 'e_B_Jpsi', 'bin_var': 'Brunel_ETA'}, {'particle': 'e_B_Jpsi', 'bin_var': 'nTracks'}]
[I 260829 01:22:25 utils:819] Processed 238/238 files
[I 260829 01:22:25 utils:966] 104509610/106763653 (97.9%) events passed binning range cut
[I 260829 01:22:25 utils:966] 29935618/104509610 (28.6%) events passed 'Brunel_MC15TuneV1_ProbNNk>0.2&Brunel_MC15TuneV1_ProbNNghost<0.3' cut
[I 260829 01:22:25 make_eff_hists:270] Efficiency histograms saved to 'pidcalib_iso/run2-rdx-2016-mu-P_nnknng_gtlt-p_eta_ntracks/effhists-Turbo16-up-P-Brunel_MC15TuneV1_ProbNNk>0.2&Brunel_MC15TuneV1_ProbNNghost<0.3-Brunel_P.Brunel_ETA.nTracks_Brunel-binning_iso.pkl'
Output folder: pidcalib_iso/run2-rdx-2016-mu-P_nnknng_lt02lt02-p_eta_ntracks
[I 260829 01:22:29 make_eff_hists:203] Running PIDCalib2 make_eff_hists with the config:
[I 260829 01:22:29 utils:153] ===============
[I 260829 01:22:29 utils:156] sample         : Turbo16
[I 260829 01:22:29 utils:156] magnet         : up
[I 260829 01:22:29 utils:156] particle       : P
[I 260829 01:22:29 utils:156] pid_cuts       : ['Brunel_MC15TuneV1_ProbNNk<0.2&Brunel_MC15TuneV1_ProbNNghost<0.2']
[I 260829 01:22:29 utils:156] bin_vars       : ['Brunel_P', 'Brunel_ETA', 'nTracks_Brunel']
[I 260829 01:22:29 utils:156] binning_files  : ['./binning_iso.json']
[I 260829 01:22:29 utils:156] output_dir     : pidcalib_iso/run2-rdx-2016-mu-P_nnknng_lt02lt02-p_eta_ntracks
[I 260829 01:22:29 utils:156] verbose        : False
[I 260829 01:22:29 utils:156] version        : 1.5.6
[I 260829 01:22:29 utils:157] ===============
[W 260829 01:22:29 make_eff_hists:207] No --cut specified. Cuts on PID samples should match your sample cuts.
[I 260829 01:22:29 utils:609] 238 calibration files from EOS will be processed
[I 260829 01:22:29 binning:543] Loading binnings from ./binning_iso.json
[W 260829 01:22:29 binning:581] The following custom binnings are not being used: [{'particle': 'Pi', 'bin_var': 'Brunel_P'}, {'particle': 'Pi', 'bin_var': 'Brunel_ETA'}, {'particle': 'Pi', 'bin_var': 'nTracks_Brunel'}, {'particle': 'K', 'bin_var': 'Brunel_P'}, {'particle': 'K', 'bin_var': 'Brunel_ETA'}, {'particle': 'K', 'bin_var': 'nTracks_Brunel'}, {'particle': 'Mu_nopt', 'bin_var': 'Brunel_P'}, {'particle': 'Mu_nopt', 'bin_var': 'Brunel_ETA'}, {'particle': 'Mu_nopt', 'bin_var': 'nTracks_Brunel'}, {'particle': 'e_B_Jpsi', 'bin_var': 'Brunel_P'}, {'particle': 'e_B_Jpsi', 'bin_var': 'Brunel_ETA'}, {'particle': 'e_B_Jpsi', 'bin_var': 'nTracks'}]
[I 260829 01:31:28 utils:819] Processed 238/238 files
[I 260829 01:31:28 utils:966] 104509610/106763653 (97.9%) events passed binning range cut
[I 260829 01:31:28 utils:966] 64501602/104509610 (61.7%) events passed 'Brunel_MC15TuneV1_ProbNNk<0.2&Brunel_MC15TuneV1_ProbNNghost<0.2' cut
[I 260829 01:31:28 make_eff_hists:270] Efficiency histograms saved to 'pidcalib_iso/run2-rdx-2016-mu-P_nnknng_lt02lt02-p_eta_ntracks/effhists-Turbo16-up-P-Brunel_MC15TuneV1_ProbNNk<0.2&Brunel_MC15TuneV1_ProbNNghost<0.2-Brunel_P.Brunel_ETA.nTracks_Brunel-binning_iso.pkl'
Output folder: pidcalib_iso/run2-rdx-2016-mu-Mu_nopt_nnpnng_gtlt-p_eta_ntracks
[I 260829 01:31:32 make_eff_hists:203] Running PIDCalib2 make_eff_hists with the config:
[I 260829 01:31:32 utils:153] ===============
[I 260829 01:31:32 utils:156] sample         : Turbo16
[I 260829 01:31:32 utils:156] magnet         : up
[I 260829 01:31:32 utils:156] particle       : Mu_nopt
[I 260829 01:31:32 utils:156] pid_cuts       : ['Brunel_MC15TuneV1_ProbNNp>0.4&Brunel_MC15TuneV1_ProbNNghost<0.3']
[I 260829 01:31:32 utils:156] bin_vars       : ['Brunel_P', 'Brunel_ETA', 'nTracks_Brunel']
[I 260829 01:31:32 utils:156] binning_files  : ['./binning_iso.json']
[I 260829 01:31:32 utils:156] output_dir     : pidcalib_iso/run2-rdx-2016-mu-Mu_nopt_nnpnng_gtlt-p_eta_ntracks
[I 260829 01:31:32 utils:156] verbose        : False
[I 260829 01:31:32 utils:156] version        : 1.5.6
[I 260829 01:31:32 utils:157] ===============
[W 260829 01:31:32 make_eff_hists:207] No --cut specified. Cuts on PID samples should match your sample cuts.
[I 260829 01:31:32 utils:609] 24 calibration files from EOS will be processed
[I 260829 01:31:32 binning:543] Loading binnings from ./binning_iso.json
[W 260829 01:31:32 binning:581] The following custom binnings are not being used: [{'particle': 'Pi', 'bin_var': 'Brunel_P'}, {'particle': 'Pi', 'bin_var': 'Brunel_ETA'}, {'particle': 'Pi', 'bin_var': 'nTracks_Brunel'}, {'particle': 'K', 'bin_var': 'Brunel_P'}, {'particle': 'K', 'bin_var': 'Brunel_ETA'}, {'particle': 'K', 'bin_var': 'nTracks_Brunel'}, {'particle': 'P', 'bin_var': 'Brunel_P'}, {'particle': 'P', 'bin_var': 'Brunel_ETA'}, {'particle': 'P', 'bin_var': 'nTracks_Brunel'}, {'particle': 'e_B_Jpsi', 'bin_var': 'Brunel_P'}, {'particle': 'e_B_Jpsi', 'bin_var': 'Brunel_ETA'}, {'particle': 'e_B_Jpsi', 'bin_var': 'nTracks'}]
[I 260829 01:33:55 utils:819] Processed 24/24 files
[I 260829 01:33:55 utils:966] 58885056/59648256 (98.7%) events passed binning range cut
[I 260829 01:33:55 utils:966] 4862390/58885056 (8.3%) events passed 'Brunel_MC15TuneV1_ProbNNp>0.4&Brunel_MC15TuneV1_ProbNNghost<0.3' cut
[W 260829 01:33:55 utils:122] There are 1 negative bins in the 'eff_Brunel_MC15TuneV1_ProbNNp>0.4&Brunel_MC15TuneV1_ProbNNghost<0.3' efficiency histogram! You might want to change the binning.
[I 260829 01:33:55 make_eff_hists:270] Efficiency histograms saved to 'pidcalib_iso/run2-rdx-2016-mu-Mu_nopt_nnpnng_gtlt-p_eta_ntracks/effhists-Turbo16-up-Mu_nopt-Brunel_MC15TuneV1_ProbNNp>0.4&Brunel_MC15TuneV1_ProbNNghost<0.3-Brunel_P.Brunel_ETA.nTracks_Brunel-binning_iso.pkl'
Output folder: pidcalib_iso/run2-rdx-2016-mu-Mu_nopt_nnk_gt-p_eta_ntracks
[I 260829 01:33:58 make_eff_hists:203] Running PIDCalib2 make_eff_hists with the config:
[I 260829 01:33:58 utils:153] ===============
[I 260829 01:33:58 utils:156] sample         : Turbo16
[I 260829 01:33:58 utils:156] magnet         : up
[I 260829 01:33:58 utils:156] particle       : Mu_nopt
[I 260829 01:33:58 utils:156] pid_cuts       : ['Brunel_MC15TuneV1_ProbNNk>0.2']
[I 260829 01:33:58 utils:156] bin_vars       : ['Brunel_P', 'Brunel_ETA', 'nTracks_Brunel']
[I 260829 01:33:58 utils:156] binning_files  : ['./binning_iso.json']
[I 260829 01:33:58 utils:156] output_dir     : pidcalib_iso/run2-rdx-2016-mu-Mu_nopt_nnk_gt-p_eta_ntracks
[I 260829 01:33:58 utils:156] verbose        : False
[I 260829 01:33:58 utils:156] version        : 1.5.6
[I 260829 01:33:58 utils:157] ===============
[W 260829 01:33:58 make_eff_hists:207] No --cut specified. Cuts on PID samples should match your sample cuts.
[I 260829 01:33:58 utils:609] 24 calibration files from EOS will be processed
[I 260829 01:33:58 binning:543] Loading binnings from ./binning_iso.json
[W 260829 01:33:58 binning:581] The following custom binnings are not being used: [{'particle': 'Pi', 'bin_var': 'Brunel_P'}, {'particle': 'Pi', 'bin_var': 'Brunel_ETA'}, {'particle': 'Pi', 'bin_var': 'nTracks_Brunel'}, {'particle': 'K', 'bin_var': 'Brunel_P'}, {'particle': 'K', 'bin_var': 'Brunel_ETA'}, {'particle': 'K', 'bin_var': 'nTracks_Brunel'}, {'particle': 'P', 'bin_var': 'Brunel_P'}, {'particle': 'P', 'bin_var': 'Brunel_ETA'}, {'particle': 'P', 'bin_var': 'nTracks_Brunel'}, {'particle': 'e_B_Jpsi', 'bin_var': 'Brunel_P'}, {'particle': 'e_B_Jpsi', 'bin_var': 'Brunel_ETA'}, {'particle': 'e_B_Jpsi', 'bin_var': 'nTracks'}]
[I 260829 01:35:44 utils:819] Processed 24/24 files
[I 260829 01:35:44 utils:966] 58885056/59648256 (98.7%) events passed binning range cut
[I 260829 01:35:44 utils:966] 8343265/58885056 (14.2%) events passed 'Brunel_MC15TuneV1_ProbNNk>0.2' cut
[I 260829 01:35:44 make_eff_hists:270] Efficiency histograms saved to 'pidcalib_iso/run2-rdx-2016-mu-Mu_nopt_nnk_gt-p_eta_ntracks/effhists-Turbo16-up-Mu_nopt-Brunel_MC15TuneV1_ProbNNk>0.2-Brunel_P.Brunel_ETA.nTracks_Brunel-binning_iso.pkl'
Output folder: pidcalib_iso/run2-rdx-2016-mu-Mu_nopt_nnknng_gt02lt02-p_eta_ntracks
[I 260829 01:35:47 make_eff_hists:203] Running PIDCalib2 make_eff_hists with the config:
[I 260829 01:35:47 utils:153] ===============
[I 260829 01:35:47 utils:156] sample         : Turbo16
[I 260829 01:35:47 utils:156] magnet         : up
[I 260829 01:35:47 utils:156] particle       : Mu_nopt
[I 260829 01:35:47 utils:156] pid_cuts       : ['Brunel_MC15TuneV1_ProbNNk>0.2&Brunel_MC15TuneV1_ProbNNghost<0.2']
[I 260829 01:35:47 utils:156] bin_vars       : ['Brunel_P', 'Brunel_ETA', 'nTracks_Brunel']
[I 260829 01:35:47 utils:156] binning_files  : ['./binning_iso.json']
[I 260829 01:35:47 utils:156] output_dir     : pidcalib_iso/run2-rdx-2016-mu-Mu_nopt_nnknng_gt02lt02-p_eta_ntracks
[I 260829 01:35:47 utils:156] verbose        : False
[I 260829 01:35:47 utils:156] version        : 1.5.6
[I 260829 01:35:47 utils:157] ===============
[W 260829 01:35:47 make_eff_hists:207] No --cut specified. Cuts on PID samples should match your sample cuts.
[I 260829 01:35:47 utils:609] 24 calibration files from EOS will be processed
[I 260829 01:35:47 binning:543] Loading binnings from ./binning_iso.json
[W 260829 01:35:47 binning:581] The following custom binnings are not being used: [{'particle': 'Pi', 'bin_var': 'Brunel_P'}, {'particle': 'Pi', 'bin_var': 'Brunel_ETA'}, {'particle': 'Pi', 'bin_var': 'nTracks_Brunel'}, {'particle': 'K', 'bin_var': 'Brunel_P'}, {'particle': 'K', 'bin_var': 'Brunel_ETA'}, {'particle': 'K', 'bin_var': 'nTracks_Brunel'}, {'particle': 'P', 'bin_var': 'Brunel_P'}, {'particle': 'P', 'bin_var': 'Brunel_ETA'}, {'particle': 'P', 'bin_var': 'nTracks_Brunel'}, {'particle': 'e_B_Jpsi', 'bin_var': 'Brunel_P'}, {'particle': 'e_B_Jpsi', 'bin_var': 'Brunel_ETA'}, {'particle': 'e_B_Jpsi', 'bin_var': 'nTracks'}]
[I 260829 01:37:52 utils:819] Processed 24/24 files
[I 260829 01:37:52 utils:966] 58885056/59648256 (98.7%) events passed binning range cut
[I 260829 01:37:52 utils:966] 7107070/58885056 (12.1%) events passed 'Brunel_MC15TuneV1_ProbNNk>0.2&Brunel_MC15TuneV1_ProbNNghost<0.2' cut
[I 260829 01:37:52 make_eff_hists:270] Efficiency histograms saved to 'pidcalib_iso/run2-rdx-2016-mu-Mu_nopt_nnknng_gt02lt02-p_eta_ntracks/effhists-Turbo16-up-Mu_nopt-Brunel_MC15TuneV1_ProbNNk>0.2&Brunel_MC15TuneV1_ProbNNghost<0.2-Brunel_P.Brunel_ETA.nTracks_Brunel-binning_iso.pkl'
Output folder: pidcalib_iso/run2-rdx-2016-mu-Mu_nopt_nnknng_ltlt-p_eta_ntracks
[I 260829 01:37:55 make_eff_hists:203] Running PIDCalib2 make_eff_hists with the config:
[I 260829 01:37:55 utils:153] ===============
[I 260829 01:37:55 utils:156] sample         : Turbo16
[I 260829 01:37:55 utils:156] magnet         : up
[I 260829 01:37:55 utils:156] particle       : Mu_nopt
[I 260829 01:37:55 utils:156] pid_cuts       : ['Brunel_MC15TuneV1_ProbNNk<0.2&Brunel_MC15TuneV1_ProbNNghost<0.3']
[I 260829 01:37:55 utils:156] bin_vars       : ['Brunel_P', 'Brunel_ETA', 'nTracks_Brunel']
[I 260829 01:37:55 utils:156] binning_files  : ['./binning_iso.json']
[I 260829 01:37:55 utils:156] output_dir     : pidcalib_iso/run2-rdx-2016-mu-Mu_nopt_nnknng_ltlt-p_eta_ntracks
[I 260829 01:37:55 utils:156] verbose        : False
[I 260829 01:37:55 utils:156] version        : 1.5.6
[I 260829 01:37:55 utils:157] ===============
[W 260829 01:37:55 make_eff_hists:207] No --cut specified. Cuts on PID samples should match your sample cuts.
[I 260829 01:37:55 utils:609] 24 calibration files from EOS will be processed
[I 260829 01:37:55 binning:543] Loading binnings from ./binning_iso.json
[W 260829 01:37:55 binning:581] The following custom binnings are not being used: [{'particle': 'Pi', 'bin_var': 'Brunel_P'}, {'particle': 'Pi', 'bin_var': 'Brunel_ETA'}, {'particle': 'Pi', 'bin_var': 'nTracks_Brunel'}, {'particle': 'K', 'bin_var': 'Brunel_P'}, {'particle': 'K', 'bin_var': 'Brunel_ETA'}, {'particle': 'K', 'bin_var': 'nTracks_Brunel'}, {'particle': 'P', 'bin_var': 'Brunel_P'}, {'particle': 'P', 'bin_var': 'Brunel_ETA'}, {'particle': 'P', 'bin_var': 'nTracks_Brunel'}, {'particle': 'e_B_Jpsi', 'bin_var': 'Brunel_P'}, {'particle': 'e_B_Jpsi', 'bin_var': 'Brunel_ETA'}, {'particle': 'e_B_Jpsi', 'bin_var': 'nTracks'}]
[I 260829 01:40:23 utils:819] Processed 24/24 files
[I 260829 01:40:23 utils:966] 58885056/59648256 (98.7%) events passed binning range cut
[I 260829 01:40:23 utils:966] 46855924/58885056 (79.6%) events passed 'Brunel_MC15TuneV1_ProbNNk<0.2&Brunel_MC15TuneV1_ProbNNghost<0.3' cut
[I 260829 01:40:23 make_eff_hists:270] Efficiency histograms saved to 'pidcalib_iso/run2-rdx-2016-mu-Mu_nopt_nnknng_ltlt-p_eta_ntracks/effhists-Turbo16-up-Mu_nopt-Brunel_MC15TuneV1_ProbNNk<0.2&Brunel_MC15TuneV1_ProbNNghost<0.3-Brunel_P.Brunel_ETA.nTracks_Brunel-binning_iso.pkl'
Output folder: pidcalib_iso/run2-rdx-2016-mu-Mu_nopt_nnp_gt-p_eta_ntracks
[I 260829 01:40:26 make_eff_hists:203] Running PIDCalib2 make_eff_hists with the config:
[I 260829 01:40:26 utils:153] ===============
[I 260829 01:40:26 utils:156] sample         : Turbo16
[I 260829 01:40:26 utils:156] magnet         : up
[I 260829 01:40:26 utils:156] particle       : Mu_nopt
[I 260829 01:40:26 utils:156] pid_cuts       : ['Brunel_MC15TuneV1_ProbNNp>0.4']
[I 260829 01:40:26 utils:156] bin_vars       : ['Brunel_P', 'Brunel_ETA', 'nTracks_Brunel']
[I 260829 01:40:26 utils:156] binning_files  : ['./binning_iso.json']
[I 260829 01:40:26 utils:156] output_dir     : pidcalib_iso/run2-rdx-2016-mu-Mu_nopt_nnp_gt-p_eta_ntracks
[I 260829 01:40:26 utils:156] verbose        : False
[I 260829 01:40:26 utils:156] version        : 1.5.6
[I 260829 01:40:26 utils:157] ===============
[W 260829 01:40:26 make_eff_hists:207] No --cut specified. Cuts on PID samples should match your sample cuts.
[I 260829 01:40:26 utils:609] 24 calibration files from EOS will be processed
[I 260829 01:40:26 binning:543] Loading binnings from ./binning_iso.json
[W 260829 01:40:26 binning:581] The following custom binnings are not being used: [{'particle': 'Pi', 'bin_var': 'Brunel_P'}, {'particle': 'Pi', 'bin_var': 'Brunel_ETA'}, {'particle': 'Pi', 'bin_var': 'nTracks_Brunel'}, {'particle': 'K', 'bin_var': 'Brunel_P'}, {'particle': 'K', 'bin_var': 'Brunel_ETA'}, {'particle': 'K', 'bin_var': 'nTracks_Brunel'}, {'particle': 'P', 'bin_var': 'Brunel_P'}, {'particle': 'P', 'bin_var': 'Brunel_ETA'}, {'particle': 'P', 'bin_var': 'nTracks_Brunel'}, {'particle': 'e_B_Jpsi', 'bin_var': 'Brunel_P'}, {'particle': 'e_B_Jpsi', 'bin_var': 'Brunel_ETA'}, {'particle': 'e_B_Jpsi', 'bin_var': 'nTracks'}]
[I 260829 01:42:19 utils:819] Processed 24/24 files
[I 260829 01:42:19 utils:966] 58885056/59648256 (98.7%) events passed binning range cut
[I 260829 01:42:19 utils:966] 5372480/58885056 (9.1%) events passed 'Brunel_MC15TuneV1_ProbNNp>0.4' cut
[I 260829 01:42:19 make_eff_hists:270] Efficiency histograms saved to 'pidcalib_iso/run2-rdx-2016-mu-Mu_nopt_nnp_gt-p_eta_ntracks/effhists-Turbo16-up-Mu_nopt-Brunel_MC15TuneV1_ProbNNp>0.4-Brunel_P.Brunel_ETA.nTracks_Brunel-binning_iso.pkl'
Output folder: pidcalib_iso/run2-rdx-2016-mu-Mu_nopt_nnknng_gtlt-p_eta_ntracks
[I 260829 01:42:22 make_eff_hists:203] Running PIDCalib2 make_eff_hists with the config:
[I 260829 01:42:22 utils:153] ===============
[I 260829 01:42:22 utils:156] sample         : Turbo16
[I 260829 01:42:22 utils:156] magnet         : up
[I 260829 01:42:22 utils:156] particle       : Mu_nopt
[I 260829 01:42:22 utils:156] pid_cuts       : ['Brunel_MC15TuneV1_ProbNNk>0.2&Brunel_MC15TuneV1_ProbNNghost<0.3']
[I 260829 01:42:22 utils:156] bin_vars       : ['Brunel_P', 'Brunel_ETA', 'nTracks_Brunel']
[I 260829 01:42:22 utils:156] binning_files  : ['./binning_iso.json']
[I 260829 01:42:22 utils:156] output_dir     : pidcalib_iso/run2-rdx-2016-mu-Mu_nopt_nnknng_gtlt-p_eta_ntracks
[I 260829 01:42:22 utils:156] verbose        : False
[I 260829 01:42:22 utils:156] version        : 1.5.6
[I 260829 01:42:22 utils:157] ===============
[W 260829 01:42:22 make_eff_hists:207] No --cut specified. Cuts on PID samples should match your sample cuts.
[I 260829 01:42:22 utils:609] 24 calibration files from EOS will be processed
[I 260829 01:42:22 binning:543] Loading binnings from ./binning_iso.json
[W 260829 01:42:22 binning:581] The following custom binnings are not being used: [{'particle': 'Pi', 'bin_var': 'Brunel_P'}, {'particle': 'Pi', 'bin_var': 'Brunel_ETA'}, {'particle': 'Pi', 'bin_var': 'nTracks_Brunel'}, {'particle': 'K', 'bin_var': 'Brunel_P'}, {'particle': 'K', 'bin_var': 'Brunel_ETA'}, {'particle': 'K', 'bin_var': 'nTracks_Brunel'}, {'particle': 'P', 'bin_var': 'Brunel_P'}, {'particle': 'P', 'bin_var': 'Brunel_ETA'}, {'particle': 'P', 'bin_var': 'nTracks_Brunel'}, {'particle': 'e_B_Jpsi', 'bin_var': 'Brunel_P'}, {'particle': 'e_B_Jpsi', 'bin_var': 'Brunel_ETA'}, {'particle': 'e_B_Jpsi', 'bin_var': 'nTracks'}]
[I 260829 01:45:09 utils:819] Processed 24/24 files
[I 260829 01:45:09 utils:966] 58885056/59648256 (98.7%) events passed binning range cut
[I 260829 01:45:09 utils:966] 7376685/58885056 (12.5%) events passed 'Brunel_MC15TuneV1_ProbNNk>0.2&Brunel_MC15TuneV1_ProbNNghost<0.3' cut
[I 260829 01:45:09 make_eff_hists:270] Efficiency histograms saved to 'pidcalib_iso/run2-rdx-2016-mu-Mu_nopt_nnknng_gtlt-p_eta_ntracks/effhists-Turbo16-up-Mu_nopt-Brunel_MC15TuneV1_ProbNNk>0.2&Brunel_MC15TuneV1_ProbNNghost<0.3-Brunel_P.Brunel_ETA.nTracks_Brunel-binning_iso.pkl'
Output folder: pidcalib_iso/run2-rdx-2016-mu-Mu_nopt_nnknng_lt02lt02-p_eta_ntracks
[I 260829 01:45:13 make_eff_hists:203] Running PIDCalib2 make_eff_hists with the config:
[I 260829 01:45:13 utils:153] ===============
[I 260829 01:45:13 utils:156] sample         : Turbo16
[I 260829 01:45:13 utils:156] magnet         : up
[I 260829 01:45:13 utils:156] particle       : Mu_nopt
[I 260829 01:45:13 utils:156] pid_cuts       : ['Brunel_MC15TuneV1_ProbNNk<0.2&Brunel_MC15TuneV1_ProbNNghost<0.2']
[I 260829 01:45:13 utils:156] bin_vars       : ['Brunel_P', 'Brunel_ETA', 'nTracks_Brunel']
[I 260829 01:45:13 utils:156] binning_files  : ['./binning_iso.json']
[I 260829 01:45:13 utils:156] output_dir     : pidcalib_iso/run2-rdx-2016-mu-Mu_nopt_nnknng_lt02lt02-p_eta_ntracks
[I 260829 01:45:13 utils:156] verbose        : False
[I 260829 01:45:13 utils:156] version        : 1.5.6
[I 260829 01:45:13 utils:157] ===============
[W 260829 01:45:13 make_eff_hists:207] No --cut specified. Cuts on PID samples should match your sample cuts.
[I 260829 01:45:13 utils:609] 24 calibration files from EOS will be processed
[I 260829 01:45:13 binning:543] Loading binnings from ./binning_iso.json
[W 260829 01:45:13 binning:581] The following custom binnings are not being used: [{'particle': 'Pi', 'bin_var': 'Brunel_P'}, {'particle': 'Pi', 'bin_var': 'Brunel_ETA'}, {'particle': 'Pi', 'bin_var': 'nTracks_Brunel'}, {'particle': 'K', 'bin_var': 'Brunel_P'}, {'particle': 'K', 'bin_var': 'Brunel_ETA'}, {'particle': 'K', 'bin_var': 'nTracks_Brunel'}, {'particle': 'P', 'bin_var': 'Brunel_P'}, {'particle': 'P', 'bin_var': 'Brunel_ETA'}, {'particle': 'P', 'bin_var': 'nTracks_Brunel'}, {'particle': 'e_B_Jpsi', 'bin_var': 'Brunel_P'}, {'particle': 'e_B_Jpsi', 'bin_var': 'Brunel_ETA'}, {'particle': 'e_B_Jpsi', 'bin_var': 'nTracks'}]
[I 260829 01:47:23 utils:819] Processed 24/24 files
[I 260829 01:47:23 utils:966] 58885056/59648256 (98.7%) events passed binning range cut
[I 260829 01:47:23 utils:966] 45812667/58885056 (77.8%) events passed 'Brunel_MC15TuneV1_ProbNNk<0.2&Brunel_MC15TuneV1_ProbNNghost<0.2' cut
[I 260829 01:47:23 make_eff_hists:270] Efficiency histograms saved to 'pidcalib_iso/run2-rdx-2016-mu-Mu_nopt_nnknng_lt02lt02-p_eta_ntracks/effhists-Turbo16-up-Mu_nopt-Brunel_MC15TuneV1_ProbNNk<0.2&Brunel_MC15TuneV1_ProbNNghost<0.2-Brunel_P.Brunel_ETA.nTracks_Brunel-binning_iso.pkl'
Output folder: pidcalib_iso/run2-rdx-2016-mu-e_B_Jpsi_nnpnng_gtlt-p_eta_ntracks
[I 260829 01:47:26 make_eff_hists:203] Running PIDCalib2 make_eff_hists with the config:
[I 260829 01:47:26 utils:153] ===============
[I 260829 01:47:26 utils:156] sample         : Electron16
[I 260829 01:47:26 utils:156] magnet         : up
[I 260829 01:47:26 utils:156] particle       : e_B_Jpsi
[I 260829 01:47:26 utils:156] pid_cuts       : ['Brunel_MC15TuneV1_ProbNNp>0.4&Brunel_MC15TuneV1_ProbNNghost<0.3']
[I 260829 01:47:26 utils:156] bin_vars       : ['Brunel_P', 'Brunel_ETA', 'nTracks']
[I 260829 01:47:26 utils:156] binning_files  : ['./binning_iso.json']
[I 260829 01:47:26 utils:156] output_dir     : pidcalib_iso/run2-rdx-2016-mu-e_B_Jpsi_nnpnng_gtlt-p_eta_ntracks
[I 260829 01:47:26 utils:156] verbose        : False
[I 260829 01:47:26 utils:156] version        : 1.5.6
[I 260829 01:47:26 utils:157] ===============
[W 260829 01:47:26 make_eff_hists:207] No --cut specified. Cuts on PID samples should match your sample cuts.
[I 260829 01:47:26 utils:609] 1 calibration files from EOS will be processed
[I 260829 01:47:26 binning:543] Loading binnings from ./binning_iso.json
[W 260829 01:47:26 binning:581] The following custom binnings are not being used: [{'particle': 'Pi', 'bin_var': 'Brunel_P'}, {'particle': 'Pi', 'bin_var': 'Brunel_ETA'}, {'particle': 'Pi', 'bin_var': 'nTracks_Brunel'}, {'particle': 'K', 'bin_var': 'Brunel_P'}, {'particle': 'K', 'bin_var': 'Brunel_ETA'}, {'particle': 'K', 'bin_var': 'nTracks_Brunel'}, {'particle': 'P', 'bin_var': 'Brunel_P'}, {'particle': 'P', 'bin_var': 'Brunel_ETA'}, {'particle': 'P', 'bin_var': 'nTracks_Brunel'}, {'particle': 'Mu_nopt', 'bin_var': 'Brunel_P'}, {'particle': 'Mu_nopt', 'bin_var': 'Brunel_ETA'}, {'particle': 'Mu_nopt', 'bin_var': 'nTracks_Brunel'}]
[I 260829 01:47:27 utils:819] Processed 1/1 files
[I 260829 01:47:27 utils:966] 208424/210787 (98.9%) events passed binning range cut
[I 260829 01:47:27 utils:966] 8310/208424 (4.0%) events passed 'Brunel_MC15TuneV1_ProbNNp>0.4&Brunel_MC15TuneV1_ProbNNghost<0.3' cut
[I 260829 01:47:27 make_eff_hists:270] Efficiency histograms saved to 'pidcalib_iso/run2-rdx-2016-mu-e_B_Jpsi_nnpnng_gtlt-p_eta_ntracks/effhists-Electron16-up-e_B_Jpsi-Brunel_MC15TuneV1_ProbNNp>0.4&Brunel_MC15TuneV1_ProbNNghost<0.3-Brunel_P.Brunel_ETA.nTracks-binning_iso.pkl'
Output folder: pidcalib_iso/run2-rdx-2016-mu-e_B_Jpsi_nnk_gt-p_eta_ntracks
[I 260829 01:47:30 make_eff_hists:203] Running PIDCalib2 make_eff_hists with the config:
[I 260829 01:47:30 utils:153] ===============
[I 260829 01:47:30 utils:156] sample         : Electron16
[I 260829 01:47:30 utils:156] magnet         : up
[I 260829 01:47:30 utils:156] particle       : e_B_Jpsi
[I 260829 01:47:30 utils:156] pid_cuts       : ['Brunel_MC15TuneV1_ProbNNk>0.2']
[I 260829 01:47:30 utils:156] bin_vars       : ['Brunel_P', 'Brunel_ETA', 'nTracks']
[I 260829 01:47:30 utils:156] binning_files  : ['./binning_iso.json']
[I 260829 01:47:30 utils:156] output_dir     : pidcalib_iso/run2-rdx-2016-mu-e_B_Jpsi_nnk_gt-p_eta_ntracks
[I 260829 01:47:30 utils:156] verbose        : False
[I 260829 01:47:30 utils:156] version        : 1.5.6
[I 260829 01:47:30 utils:157] ===============
[W 260829 01:47:30 make_eff_hists:207] No --cut specified. Cuts on PID samples should match your sample cuts.
[I 260829 01:47:30 utils:609] 1 calibration files from EOS will be processed
[I 260829 01:47:30 binning:543] Loading binnings from ./binning_iso.json
[W 260829 01:47:30 binning:581] The following custom binnings are not being used: [{'particle': 'Pi', 'bin_var': 'Brunel_P'}, {'particle': 'Pi', 'bin_var': 'Brunel_ETA'}, {'particle': 'Pi', 'bin_var': 'nTracks_Brunel'}, {'particle': 'K', 'bin_var': 'Brunel_P'}, {'particle': 'K', 'bin_var': 'Brunel_ETA'}, {'particle': 'K', 'bin_var': 'nTracks_Brunel'}, {'particle': 'P', 'bin_var': 'Brunel_P'}, {'particle': 'P', 'bin_var': 'Brunel_ETA'}, {'particle': 'P', 'bin_var': 'nTracks_Brunel'}, {'particle': 'Mu_nopt', 'bin_var': 'Brunel_P'}, {'particle': 'Mu_nopt', 'bin_var': 'Brunel_ETA'}, {'particle': 'Mu_nopt', 'bin_var': 'nTracks_Brunel'}]
[I 260829 01:47:31 utils:819] Processed 1/1 files
[I 260829 01:47:31 utils:966] 208424/210787 (98.9%) events passed binning range cut
[I 260829 01:47:31 utils:966] 28954/208424 (13.9%) events passed 'Brunel_MC15TuneV1_ProbNNk>0.2' cut
[I 260829 01:47:31 make_eff_hists:270] Efficiency histograms saved to 'pidcalib_iso/run2-rdx-2016-mu-e_B_Jpsi_nnk_gt-p_eta_ntracks/effhists-Electron16-up-e_B_Jpsi-Brunel_MC15TuneV1_ProbNNk>0.2-Brunel_P.Brunel_ETA.nTracks-binning_iso.pkl'
Output folder: pidcalib_iso/run2-rdx-2016-mu-e_B_Jpsi_nnknng_gt02lt02-p_eta_ntracks
[I 260829 01:47:33 make_eff_hists:203] Running PIDCalib2 make_eff_hists with the config:
[I 260829 01:47:33 utils:153] ===============
[I 260829 01:47:33 utils:156] sample         : Electron16
[I 260829 01:47:33 utils:156] magnet         : up
[I 260829 01:47:33 utils:156] particle       : e_B_Jpsi
[I 260829 01:47:33 utils:156] pid_cuts       : ['Brunel_MC15TuneV1_ProbNNk>0.2&Brunel_MC15TuneV1_ProbNNghost<0.2']
[I 260829 01:47:33 utils:156] bin_vars       : ['Brunel_P', 'Brunel_ETA', 'nTracks']
[I 260829 01:47:33 utils:156] binning_files  : ['./binning_iso.json']
[I 260829 01:47:33 utils:156] output_dir     : pidcalib_iso/run2-rdx-2016-mu-e_B_Jpsi_nnknng_gt02lt02-p_eta_ntracks
[I 260829 01:47:33 utils:156] verbose        : False
[I 260829 01:47:33 utils:156] version        : 1.5.6
[I 260829 01:47:33 utils:157] ===============
[W 260829 01:47:33 make_eff_hists:207] No --cut specified. Cuts on PID samples should match your sample cuts.
[I 260829 01:47:33 utils:609] 1 calibration files from EOS will be processed
[I 260829 01:47:33 binning:543] Loading binnings from ./binning_iso.json
[W 260829 01:47:33 binning:581] The following custom binnings are not being used: [{'particle': 'Pi', 'bin_var': 'Brunel_P'}, {'particle': 'Pi', 'bin_var': 'Brunel_ETA'}, {'particle': 'Pi', 'bin_var': 'nTracks_Brunel'}, {'particle': 'K', 'bin_var': 'Brunel_P'}, {'particle': 'K', 'bin_var': 'Brunel_ETA'}, {'particle': 'K', 'bin_var': 'nTracks_Brunel'}, {'particle': 'P', 'bin_var': 'Brunel_P'}, {'particle': 'P', 'bin_var': 'Brunel_ETA'}, {'particle': 'P', 'bin_var': 'nTracks_Brunel'}, {'particle': 'Mu_nopt', 'bin_var': 'Brunel_P'}, {'particle': 'Mu_nopt', 'bin_var': 'Brunel_ETA'}, {'particle': 'Mu_nopt', 'bin_var': 'nTracks_Brunel'}]
[I 260829 01:47:34 utils:819] Processed 1/1 files
[I 260829 01:47:34 utils:966] 208424/210787 (98.9%) events passed binning range cut
[I 260829 01:47:34 utils:966] 23173/208424 (11.1%) events passed 'Brunel_MC15TuneV1_ProbNNk>0.2&Brunel_MC15TuneV1_ProbNNghost<0.2' cut
[I 260829 01:47:34 make_eff_hists:270] Efficiency histograms saved to 'pidcalib_iso/run2-rdx-2016-mu-e_B_Jpsi_nnknng_gt02lt02-p_eta_ntracks/effhists-Electron16-up-e_B_Jpsi-Brunel_MC15TuneV1_ProbNNk>0.2&Brunel_MC15TuneV1_ProbNNghost<0.2-Brunel_P.Brunel_ETA.nTracks-binning_iso.pkl'
Output folder: pidcalib_iso/run2-rdx-2016-mu-e_B_Jpsi_nnknng_ltlt-p_eta_ntracks
[I 260829 01:47:36 make_eff_hists:203] Running PIDCalib2 make_eff_hists with the config:
[I 260829 01:47:36 utils:153] ===============
[I 260829 01:47:36 utils:156] sample         : Electron16
[I 260829 01:47:36 utils:156] magnet         : up
[I 260829 01:47:36 utils:156] particle       : e_B_Jpsi
[I 260829 01:47:36 utils:156] pid_cuts       : ['Brunel_MC15TuneV1_ProbNNk<0.2&Brunel_MC15TuneV1_ProbNNghost<0.3']
[I 260829 01:47:36 utils:156] bin_vars       : ['Brunel_P', 'Brunel_ETA', 'nTracks']
[I 260829 01:47:36 utils:156] binning_files  : ['./binning_iso.json']
[I 260829 01:47:36 utils:156] output_dir     : pidcalib_iso/run2-rdx-2016-mu-e_B_Jpsi_nnknng_ltlt-p_eta_ntracks
[I 260829 01:47:36 utils:156] verbose        : False
[I 260829 01:47:36 utils:156] version        : 1.5.6
[I 260829 01:47:36 utils:157] ===============
[W 260829 01:47:36 make_eff_hists:207] No --cut specified. Cuts on PID samples should match your sample cuts.
[I 260829 01:47:36 utils:609] 1 calibration files from EOS will be processed
[I 260829 01:47:36 binning:543] Loading binnings from ./binning_iso.json
[W 260829 01:47:36 binning:581] The following custom binnings are not being used: [{'particle': 'Pi', 'bin_var': 'Brunel_P'}, {'particle': 'Pi', 'bin_var': 'Brunel_ETA'}, {'particle': 'Pi', 'bin_var': 'nTracks_Brunel'}, {'particle': 'K', 'bin_var': 'Brunel_P'}, {'particle': 'K', 'bin_var': 'Brunel_ETA'}, {'particle': 'K', 'bin_var': 'nTracks_Brunel'}, {'particle': 'P', 'bin_var': 'Brunel_P'}, {'particle': 'P', 'bin_var': 'Brunel_ETA'}, {'particle': 'P', 'bin_var': 'nTracks_Brunel'}, {'particle': 'Mu_nopt', 'bin_var': 'Brunel_P'}, {'particle': 'Mu_nopt', 'bin_var': 'Brunel_ETA'}, {'particle': 'Mu_nopt', 'bin_var': 'nTracks_Brunel'}]
[I 260829 01:47:38 utils:819] Processed 1/1 files
[I 260829 01:47:38 utils:966] 208424/210787 (98.9%) events passed binning range cut
[I 260829 01:47:38 utils:966] 152557/208424 (73.2%) events passed 'Brunel_MC15TuneV1_ProbNNk<0.2&Brunel_MC15TuneV1_ProbNNghost<0.3' cut
[I 260829 01:47:38 make_eff_hists:270] Efficiency histograms saved to 'pidcalib_iso/run2-rdx-2016-mu-e_B_Jpsi_nnknng_ltlt-p_eta_ntracks/effhists-Electron16-up-e_B_Jpsi-Brunel_MC15TuneV1_ProbNNk<0.2&Brunel_MC15TuneV1_ProbNNghost<0.3-Brunel_P.Brunel_ETA.nTracks-binning_iso.pkl'
Output folder: pidcalib_iso/run2-rdx-2016-mu-e_B_Jpsi_nnp_gt-p_eta_ntracks
[I 260829 01:47:41 make_eff_hists:203] Running PIDCalib2 make_eff_hists with the config:
[I 260829 01:47:41 utils:153] ===============
[I 260829 01:47:41 utils:156] sample         : Electron16
[I 260829 01:47:41 utils:156] magnet         : up
[I 260829 01:47:41 utils:156] particle       : e_B_Jpsi
[I 260829 01:47:41 utils:156] pid_cuts       : ['Brunel_MC15TuneV1_ProbNNp>0.4']
[I 260829 01:47:41 utils:156] bin_vars       : ['Brunel_P', 'Brunel_ETA', 'nTracks']
[I 260829 01:47:41 utils:156] binning_files  : ['./binning_iso.json']
[I 260829 01:47:41 utils:156] output_dir     : pidcalib_iso/run2-rdx-2016-mu-e_B_Jpsi_nnp_gt-p_eta_ntracks
[I 260829 01:47:41 utils:156] verbose        : False
[I 260829 01:47:41 utils:156] version        : 1.5.6
[I 260829 01:47:41 utils:157] ===============
[W 260829 01:47:41 make_eff_hists:207] No --cut specified. Cuts on PID samples should match your sample cuts.
[I 260829 01:47:41 utils:609] 1 calibration files from EOS will be processed
[I 260829 01:47:41 binning:543] Loading binnings from ./binning_iso.json
[W 260829 01:47:41 binning:581] The following custom binnings are not being used: [{'particle': 'Pi', 'bin_var': 'Brunel_P'}, {'particle': 'Pi', 'bin_var': 'Brunel_ETA'}, {'particle': 'Pi', 'bin_var': 'nTracks_Brunel'}, {'particle': 'K', 'bin_var': 'Brunel_P'}, {'particle': 'K', 'bin_var': 'Brunel_ETA'}, {'particle': 'K', 'bin_var': 'nTracks_Brunel'}, {'particle': 'P', 'bin_var': 'Brunel_P'}, {'particle': 'P', 'bin_var': 'Brunel_ETA'}, {'particle': 'P', 'bin_var': 'nTracks_Brunel'}, {'particle': 'Mu_nopt', 'bin_var': 'Brunel_P'}, {'particle': 'Mu_nopt', 'bin_var': 'Brunel_ETA'}, {'particle': 'Mu_nopt', 'bin_var': 'nTracks_Brunel'}]
[I 260829 01:47:41 utils:819] Processed 1/1 files
[I 260829 01:47:41 utils:966] 208424/210787 (98.9%) events passed binning range cut
[I 260829 01:47:41 utils:966] 9276/208424 (4.5%) events passed 'Brunel_MC15TuneV1_ProbNNp>0.4' cut
[I 260829 01:47:41 make_eff_hists:270] Efficiency histograms saved to 'pidcalib_iso/run2-rdx-2016-mu-e_B_Jpsi_nnp_gt-p_eta_ntracks/effhists-Electron16-up-e_B_Jpsi-Brunel_MC15TuneV1_ProbNNp>0.4-Brunel_P.Brunel_ETA.nTracks-binning_iso.pkl'
Output folder: pidcalib_iso/run2-rdx-2016-mu-e_B_Jpsi_nnknng_gtlt-p_eta_ntracks
[I 260829 01:47:44 make_eff_hists:203] Running PIDCalib2 make_eff_hists with the config:
[I 260829 01:47:44 utils:153] ===============
[I 260829 01:47:44 utils:156] sample         : Electron16
[I 260829 01:47:44 utils:156] magnet         : up
[I 260829 01:47:44 utils:156] particle       : e_B_Jpsi
[I 260829 01:47:44 utils:156] pid_cuts       : ['Brunel_MC15TuneV1_ProbNNk>0.2&Brunel_MC15TuneV1_ProbNNghost<0.3']
[I 260829 01:47:44 utils:156] bin_vars       : ['Brunel_P', 'Brunel_ETA', 'nTracks']
[I 260829 01:47:44 utils:156] binning_files  : ['./binning_iso.json']
[I 260829 01:47:44 utils:156] output_dir     : pidcalib_iso/run2-rdx-2016-mu-e_B_Jpsi_nnknng_gtlt-p_eta_ntracks
[I 260829 01:47:44 utils:156] verbose        : False
[I 260829 01:47:44 utils:156] version        : 1.5.6
[I 260829 01:47:44 utils:157] ===============
[W 260829 01:47:44 make_eff_hists:207] No --cut specified. Cuts on PID samples should match your sample cuts.
[I 260829 01:47:44 utils:609] 1 calibration files from EOS will be processed
[I 260829 01:47:44 binning:543] Loading binnings from ./binning_iso.json
[W 260829 01:47:44 binning:581] The following custom binnings are not being used: [{'particle': 'Pi', 'bin_var': 'Brunel_P'}, {'particle': 'Pi', 'bin_var': 'Brunel_ETA'}, {'particle': 'Pi', 'bin_var': 'nTracks_Brunel'}, {'particle': 'K', 'bin_var': 'Brunel_P'}, {'particle': 'K', 'bin_var': 'Brunel_ETA'}, {'particle': 'K', 'bin_var': 'nTracks_Brunel'}, {'particle': 'P', 'bin_var': 'Brunel_P'}, {'particle': 'P', 'bin_var': 'Brunel_ETA'}, {'particle': 'P', 'bin_var': 'nTracks_Brunel'}, {'particle': 'Mu_nopt', 'bin_var': 'Brunel_P'}, {'particle': 'Mu_nopt', 'bin_var': 'Brunel_ETA'}, {'particle': 'Mu_nopt', 'bin_var': 'nTracks_Brunel'}]
[I 260829 01:47:45 utils:819] Processed 1/1 files
[I 260829 01:47:45 utils:966] 208424/210787 (98.9%) events passed binning range cut
[I 260829 01:47:45 utils:966] 24944/208424 (12.0%) events passed 'Brunel_MC15TuneV1_ProbNNk>0.2&Brunel_MC15TuneV1_ProbNNghost<0.3' cut
[I 260829 01:47:45 make_eff_hists:270] Efficiency histograms saved to 'pidcalib_iso/run2-rdx-2016-mu-e_B_Jpsi_nnknng_gtlt-p_eta_ntracks/effhists-Electron16-up-e_B_Jpsi-Brunel_MC15TuneV1_ProbNNk>0.2&Brunel_MC15TuneV1_ProbNNghost<0.3-Brunel_P.Brunel_ETA.nTracks-binning_iso.pkl'
Output folder: pidcalib_iso/run2-rdx-2016-mu-e_B_Jpsi_nnknng_lt02lt02-p_eta_ntracks
[I 260829 01:47:48 make_eff_hists:203] Running PIDCalib2 make_eff_hists with the config:
[I 260829 01:47:48 utils:153] ===============
[I 260829 01:47:48 utils:156] sample         : Electron16
[I 260829 01:47:48 utils:156] magnet         : up
[I 260829 01:47:48 utils:156] particle       : e_B_Jpsi
[I 260829 01:47:48 utils:156] pid_cuts       : ['Brunel_MC15TuneV1_ProbNNk<0.2&Brunel_MC15TuneV1_ProbNNghost<0.2']
[I 260829 01:47:48 utils:156] bin_vars       : ['Brunel_P', 'Brunel_ETA', 'nTracks']
[I 260829 01:47:48 utils:156] binning_files  : ['./binning_iso.json']
[I 260829 01:47:48 utils:156] output_dir     : pidcalib_iso/run2-rdx-2016-mu-e_B_Jpsi_nnknng_lt02lt02-p_eta_ntracks
[I 260829 01:47:48 utils:156] verbose        : False
[I 260829 01:47:48 utils:156] version        : 1.5.6
[I 260829 01:47:48 utils:157] ===============
[W 260829 01:47:48 make_eff_hists:207] No --cut specified. Cuts on PID samples should match your sample cuts.
[I 260829 01:47:48 utils:609] 1 calibration files from EOS will be processed
[I 260829 01:47:48 binning:543] Loading binnings from ./binning_iso.json
[W 260829 01:47:48 binning:581] The following custom binnings are not being used: [{'particle': 'Pi', 'bin_var': 'Brunel_P'}, {'particle': 'Pi', 'bin_var': 'Brunel_ETA'}, {'particle': 'Pi', 'bin_var': 'nTracks_Brunel'}, {'particle': 'K', 'bin_var': 'Brunel_P'}, {'particle': 'K', 'bin_var': 'Brunel_ETA'}, {'particle': 'K', 'bin_var': 'nTracks_Brunel'}, {'particle': 'P', 'bin_var': 'Brunel_P'}, {'particle': 'P', 'bin_var': 'Brunel_ETA'}, {'particle': 'P', 'bin_var': 'nTracks_Brunel'}, {'particle': 'Mu_nopt', 'bin_var': 'Brunel_P'}, {'particle': 'Mu_nopt', 'bin_var': 'Brunel_ETA'}, {'particle': 'Mu_nopt', 'bin_var': 'nTracks_Brunel'}]
[I 260829 01:47:48 utils:819] Processed 1/1 files
[I 260829 01:47:48 utils:966] 208424/210787 (98.9%) events passed binning range cut
[I 260829 01:47:48 utils:966] 144442/208424 (69.3%) events passed 'Brunel_MC15TuneV1_ProbNNk<0.2&Brunel_MC15TuneV1_ProbNNghost<0.2' cut
[I 260829 01:47:48 make_eff_hists:270] Efficiency histograms saved to 'pidcalib_iso/run2-rdx-2016-mu-e_B_Jpsi_nnknng_lt02lt02-p_eta_ntracks/effhists-Electron16-up-e_B_Jpsi-Brunel_MC15TuneV1_ProbNNk<0.2&Brunel_MC15TuneV1_ProbNNghost<0.2-Brunel_P.Brunel_ETA.nTracks-binning_iso.pkl'
Output folder: pidcalib_iso/run2-rdx-2017-md-K_nnpnng_gtlt-p_eta_ntracks
[I 260829 01:47:51 make_eff_hists:203] Running PIDCalib2 make_eff_hists with the config:
[I 260829 01:47:51 utils:153] ===============
[I 260829 01:47:51 utils:156] sample         : Turbo17
[I 260829 01:47:51 utils:156] magnet         : down
[I 260829 01:47:51 utils:156] particle       : K
[I 260829 01:47:51 utils:156] pid_cuts       : ['Brunel_MC15TuneV1_ProbNNp>0.4&Brunel_MC15TuneV1_ProbNNghost<0.3']
[I 260829 01:47:51 utils:156] bin_vars       : ['Brunel_P', 'Brunel_ETA', 'nTracks_Brunel']
[I 260829 01:47:51 utils:156] binning_files  : ['./binning_iso.json']
[I 260829 01:47:51 utils:156] output_dir     : pidcalib_iso/run2-rdx-2017-md-K_nnpnng_gtlt-p_eta_ntracks
[I 260829 01:47:51 utils:156] verbose        : False
[I 260829 01:47:51 utils:156] version        : 1.5.6
[I 260829 01:47:51 utils:157] ===============
[W 260829 01:47:51 make_eff_hists:207] No --cut specified. Cuts on PID samples should match your sample cuts.
[I 260829 01:47:56 utils:609] 371 calibration files from EOS will be processed
[I 260829 01:47:56 binning:543] Loading binnings from ./binning_iso.json
[W 260829 01:47:56 binning:581] The following custom binnings are not being used: [{'particle': 'Pi', 'bin_var': 'Brunel_P'}, {'particle': 'Pi', 'bin_var': 'Brunel_ETA'}, {'particle': 'Pi', 'bin_var': 'nTracks_Brunel'}, {'particle': 'P', 'bin_var': 'Brunel_P'}, {'particle': 'P', 'bin_var': 'Brunel_ETA'}, {'particle': 'P', 'bin_var': 'nTracks_Brunel'}, {'particle': 'Mu_nopt', 'bin_var': 'Brunel_P'}, {'particle': 'Mu_nopt', 'bin_var': 'Brunel_ETA'}, {'particle': 'Mu_nopt', 'bin_var': 'nTracks_Brunel'}, {'particle': 'e_B_Jpsi', 'bin_var': 'Brunel_P'}, {'particle': 'e_B_Jpsi', 'bin_var': 'Brunel_ETA'}, {'particle': 'e_B_Jpsi', 'bin_var': 'nTracks'}]
[I 260829 01:55:52 utils:819] Processed 371/371 files
[I 260829 01:55:52 utils:966] 139143290/141600400 (98.3%) events passed binning range cut
[I 260829 01:55:52 utils:966] 20782003/139143290 (14.9%) events passed 'Brunel_MC15TuneV1_ProbNNp>0.4&Brunel_MC15TuneV1_ProbNNghost<0.3' cut
[I 260829 01:55:52 make_eff_hists:270] Efficiency histograms saved to 'pidcalib_iso/run2-rdx-2017-md-K_nnpnng_gtlt-p_eta_ntracks/effhists-Turbo17-down-K-Brunel_MC15TuneV1_ProbNNp>0.4&Brunel_MC15TuneV1_ProbNNghost<0.3-Brunel_P.Brunel_ETA.nTracks_Brunel-binning_iso.pkl'
Output folder: pidcalib_iso/run2-rdx-2017-md-K_nnk_gt-p_eta_ntracks
[I 260829 01:55:56 make_eff_hists:203] Running PIDCalib2 make_eff_hists with the config:
[I 260829 01:55:56 utils:153] ===============
[I 260829 01:55:56 utils:156] sample         : Turbo17
[I 260829 01:55:56 utils:156] magnet         : down
[I 260829 01:55:56 utils:156] particle       : K
[I 260829 01:55:56 utils:156] pid_cuts       : ['Brunel_MC15TuneV1_ProbNNk>0.2']
[I 260829 01:55:56 utils:156] bin_vars       : ['Brunel_P', 'Brunel_ETA', 'nTracks_Brunel']
[I 260829 01:55:56 utils:156] binning_files  : ['./binning_iso.json']
[I 260829 01:55:56 utils:156] output_dir     : pidcalib_iso/run2-rdx-2017-md-K_nnk_gt-p_eta_ntracks
[I 260829 01:55:56 utils:156] verbose        : False
[I 260829 01:55:56 utils:156] version        : 1.5.6
[I 260829 01:55:56 utils:157] ===============
[W 260829 01:55:56 make_eff_hists:207] No --cut specified. Cuts on PID samples should match your sample cuts.
[I 260829 01:55:56 utils:609] 371 calibration files from EOS will be processed
[I 260829 01:55:56 binning:543] Loading binnings from ./binning_iso.json
[W 260829 01:55:56 binning:581] The following custom binnings are not being used: [{'particle': 'Pi', 'bin_var': 'Brunel_P'}, {'particle': 'Pi', 'bin_var': 'Brunel_ETA'}, {'particle': 'Pi', 'bin_var': 'nTracks_Brunel'}, {'particle': 'P', 'bin_var': 'Brunel_P'}, {'particle': 'P', 'bin_var': 'Brunel_ETA'}, {'particle': 'P', 'bin_var': 'nTracks_Brunel'}, {'particle': 'Mu_nopt', 'bin_var': 'Brunel_P'}, {'particle': 'Mu_nopt', 'bin_var': 'Brunel_ETA'}, {'particle': 'Mu_nopt', 'bin_var': 'nTracks_Brunel'}, {'particle': 'e_B_Jpsi', 'bin_var': 'Brunel_P'}, {'particle': 'e_B_Jpsi', 'bin_var': 'Brunel_ETA'}, {'particle': 'e_B_Jpsi', 'bin_var': 'nTracks'}]
[I 260829 02:03:01 utils:819] Processed 371/371 files
[I 260829 02:03:01 utils:966] 139143290/141600400 (98.3%) events passed binning range cut
[I 260829 02:03:01 utils:966] 123413150/139143290 (88.7%) events passed 'Brunel_MC15TuneV1_ProbNNk>0.2' cut
[I 260829 02:03:01 make_eff_hists:270] Efficiency histograms saved to 'pidcalib_iso/run2-rdx-2017-md-K_nnk_gt-p_eta_ntracks/effhists-Turbo17-down-K-Brunel_MC15TuneV1_ProbNNk>0.2-Brunel_P.Brunel_ETA.nTracks_Brunel-binning_iso.pkl'
Output folder: pidcalib_iso/run2-rdx-2017-md-K_nnknng_gt02lt02-p_eta_ntracks
[I 260829 02:03:05 make_eff_hists:203] Running PIDCalib2 make_eff_hists with the config:
[I 260829 02:03:05 utils:153] ===============
[I 260829 02:03:05 utils:156] sample         : Turbo17
[I 260829 02:03:05 utils:156] magnet         : down
[I 260829 02:03:05 utils:156] particle       : K
[I 260829 02:03:05 utils:156] pid_cuts       : ['Brunel_MC15TuneV1_ProbNNk>0.2&Brunel_MC15TuneV1_ProbNNghost<0.2']
[I 260829 02:03:05 utils:156] bin_vars       : ['Brunel_P', 'Brunel_ETA', 'nTracks_Brunel']
[I 260829 02:03:05 utils:156] binning_files  : ['./binning_iso.json']
[I 260829 02:03:05 utils:156] output_dir     : pidcalib_iso/run2-rdx-2017-md-K_nnknng_gt02lt02-p_eta_ntracks
[I 260829 02:03:05 utils:156] verbose        : False
[I 260829 02:03:05 utils:156] version        : 1.5.6
[I 260829 02:03:05 utils:157] ===============
[W 260829 02:03:05 make_eff_hists:207] No --cut specified. Cuts on PID samples should match your sample cuts.
[I 260829 02:03:06 utils:609] 371 calibration files from EOS will be processed
[I 260829 02:03:06 binning:543] Loading binnings from ./binning_iso.json
[W 260829 02:03:06 binning:581] The following custom binnings are not being used: [{'particle': 'Pi', 'bin_var': 'Brunel_P'}, {'particle': 'Pi', 'bin_var': 'Brunel_ETA'}, {'particle': 'Pi', 'bin_var': 'nTracks_Brunel'}, {'particle': 'P', 'bin_var': 'Brunel_P'}, {'particle': 'P', 'bin_var': 'Brunel_ETA'}, {'particle': 'P', 'bin_var': 'nTracks_Brunel'}, {'particle': 'Mu_nopt', 'bin_var': 'Brunel_P'}, {'particle': 'Mu_nopt', 'bin_var': 'Brunel_ETA'}, {'particle': 'Mu_nopt', 'bin_var': 'nTracks_Brunel'}, {'particle': 'e_B_Jpsi', 'bin_var': 'Brunel_P'}, {'particle': 'e_B_Jpsi', 'bin_var': 'Brunel_ETA'}, {'particle': 'e_B_Jpsi', 'bin_var': 'nTracks'}]
[I 260829 02:10:43 utils:819] Processed 371/371 files
[I 260829 02:10:43 utils:966] 139143290/141600400 (98.3%) events passed binning range cut
[I 260829 02:10:43 utils:966] 118653404/139143290 (85.3%) events passed 'Brunel_MC15TuneV1_ProbNNk>0.2&Brunel_MC15TuneV1_ProbNNghost<0.2' cut
[I 260829 02:10:43 make_eff_hists:270] Efficiency histograms saved to 'pidcalib_iso/run2-rdx-2017-md-K_nnknng_gt02lt02-p_eta_ntracks/effhists-Turbo17-down-K-Brunel_MC15TuneV1_ProbNNk>0.2&Brunel_MC15TuneV1_ProbNNghost<0.2-Brunel_P.Brunel_ETA.nTracks_Brunel-binning_iso.pkl'
Output folder: pidcalib_iso/run2-rdx-2017-md-K_nnknng_ltlt-p_eta_ntracks
[I 260829 02:10:47 make_eff_hists:203] Running PIDCalib2 make_eff_hists with the config:
[I 260829 02:10:47 utils:153] ===============
[I 260829 02:10:47 utils:156] sample         : Turbo17
[I 260829 02:10:47 utils:156] magnet         : down
[I 260829 02:10:47 utils:156] particle       : K
[I 260829 02:10:47 utils:156] pid_cuts       : ['Brunel_MC15TuneV1_ProbNNk<0.2&Brunel_MC15TuneV1_ProbNNghost<0.3']
[I 260829 02:10:47 utils:156] bin_vars       : ['Brunel_P', 'Brunel_ETA', 'nTracks_Brunel']
[I 260829 02:10:47 utils:156] binning_files  : ['./binning_iso.json']
[I 260829 02:10:47 utils:156] output_dir     : pidcalib_iso/run2-rdx-2017-md-K_nnknng_ltlt-p_eta_ntracks
[I 260829 02:10:47 utils:156] verbose        : False
[I 260829 02:10:47 utils:156] version        : 1.5.6
[I 260829 02:10:47 utils:157] ===============
[W 260829 02:10:47 make_eff_hists:207] No --cut specified. Cuts on PID samples should match your sample cuts.
[I 260829 02:10:47 utils:609] 371 calibration files from EOS will be processed
[I 260829 02:10:47 binning:543] Loading binnings from ./binning_iso.json
[W 260829 02:10:47 binning:581] The following custom binnings are not being used: [{'particle': 'Pi', 'bin_var': 'Brunel_P'}, {'particle': 'Pi', 'bin_var': 'Brunel_ETA'}, {'particle': 'Pi', 'bin_var': 'nTracks_Brunel'}, {'particle': 'P', 'bin_var': 'Brunel_P'}, {'particle': 'P', 'bin_var': 'Brunel_ETA'}, {'particle': 'P', 'bin_var': 'nTracks_Brunel'}, {'particle': 'Mu_nopt', 'bin_var': 'Brunel_P'}, {'particle': 'Mu_nopt', 'bin_var': 'Brunel_ETA'}, {'particle': 'Mu_nopt', 'bin_var': 'nTracks_Brunel'}, {'particle': 'e_B_Jpsi', 'bin_var': 'Brunel_P'}, {'particle': 'e_B_Jpsi', 'bin_var': 'Brunel_ETA'}, {'particle': 'e_B_Jpsi', 'bin_var': 'nTracks'}]
[I 260829 02:18:22 utils:819] Processed 371/371 files
[I 260829 02:18:22 utils:966] 139143290/141600400 (98.3%) events passed binning range cut
[I 260829 02:18:22 utils:966] 14282283/139143290 (10.3%) events passed 'Brunel_MC15TuneV1_ProbNNk<0.2&Brunel_MC15TuneV1_ProbNNghost<0.3' cut
[I 260829 02:18:22 make_eff_hists:270] Efficiency histograms saved to 'pidcalib_iso/run2-rdx-2017-md-K_nnknng_ltlt-p_eta_ntracks/effhists-Turbo17-down-K-Brunel_MC15TuneV1_ProbNNk<0.2&Brunel_MC15TuneV1_ProbNNghost<0.3-Brunel_P.Brunel_ETA.nTracks_Brunel-binning_iso.pkl'
Output folder: pidcalib_iso/run2-rdx-2017-md-K_nnp_gt-p_eta_ntracks
[I 260829 02:18:26 make_eff_hists:203] Running PIDCalib2 make_eff_hists with the config:
[I 260829 02:18:26 utils:153] ===============
[I 260829 02:18:26 utils:156] sample         : Turbo17
[I 260829 02:18:26 utils:156] magnet         : down
[I 260829 02:18:26 utils:156] particle       : K
[I 260829 02:18:26 utils:156] pid_cuts       : ['Brunel_MC15TuneV1_ProbNNp>0.4']
[I 260829 02:18:26 utils:156] bin_vars       : ['Brunel_P', 'Brunel_ETA', 'nTracks_Brunel']
[I 260829 02:18:26 utils:156] binning_files  : ['./binning_iso.json']
[I 260829 02:18:26 utils:156] output_dir     : pidcalib_iso/run2-rdx-2017-md-K_nnp_gt-p_eta_ntracks
[I 260829 02:18:26 utils:156] verbose        : False
[I 260829 02:18:26 utils:156] version        : 1.5.6
[I 260829 02:18:26 utils:157] ===============
[W 260829 02:18:26 make_eff_hists:207] No --cut specified. Cuts on PID samples should match your sample cuts.
[I 260829 02:18:26 utils:609] 371 calibration files from EOS will be processed
[I 260829 02:18:26 binning:543] Loading binnings from ./binning_iso.json
[W 260829 02:18:26 binning:581] The following custom binnings are not being used: [{'particle': 'Pi', 'bin_var': 'Brunel_P'}, {'particle': 'Pi', 'bin_var': 'Brunel_ETA'}, {'particle': 'Pi', 'bin_var': 'nTracks_Brunel'}, {'particle': 'P', 'bin_var': 'Brunel_P'}, {'particle': 'P', 'bin_var': 'Brunel_ETA'}, {'particle': 'P', 'bin_var': 'nTracks_Brunel'}, {'particle': 'Mu_nopt', 'bin_var': 'Brunel_P'}, {'particle': 'Mu_nopt', 'bin_var': 'Brunel_ETA'}, {'particle': 'Mu_nopt', 'bin_var': 'nTracks_Brunel'}, {'particle': 'e_B_Jpsi', 'bin_var': 'Brunel_P'}, {'particle': 'e_B_Jpsi', 'bin_var': 'Brunel_ETA'}, {'particle': 'e_B_Jpsi', 'bin_var': 'nTracks'}]
[I 260829 02:24:58 utils:819] Processed 371/371 files
[I 260829 02:24:58 utils:966] 139143290/141600400 (98.3%) events passed binning range cut
[I 260829 02:24:58 utils:966] 21439126/139143290 (15.4%) events passed 'Brunel_MC15TuneV1_ProbNNp>0.4' cut
[I 260829 02:24:58 make_eff_hists:270] Efficiency histograms saved to 'pidcalib_iso/run2-rdx-2017-md-K_nnp_gt-p_eta_ntracks/effhists-Turbo17-down-K-Brunel_MC15TuneV1_ProbNNp>0.4-Brunel_P.Brunel_ETA.nTracks_Brunel-binning_iso.pkl'
Output folder: pidcalib_iso/run2-rdx-2017-md-K_nnknng_gtlt-p_eta_ntracks
[I 260829 02:25:01 make_eff_hists:203] Running PIDCalib2 make_eff_hists with the config:
[I 260829 02:25:01 utils:153] ===============
[I 260829 02:25:01 utils:156] sample         : Turbo17
[I 260829 02:25:01 utils:156] magnet         : down
[I 260829 02:25:01 utils:156] particle       : K
[I 260829 02:25:01 utils:156] pid_cuts       : ['Brunel_MC15TuneV1_ProbNNk>0.2&Brunel_MC15TuneV1_ProbNNghost<0.3']
[I 260829 02:25:01 utils:156] bin_vars       : ['Brunel_P', 'Brunel_ETA', 'nTracks_Brunel']
[I 260829 02:25:01 utils:156] binning_files  : ['./binning_iso.json']
[I 260829 02:25:01 utils:156] output_dir     : pidcalib_iso/run2-rdx-2017-md-K_nnknng_gtlt-p_eta_ntracks
[I 260829 02:25:01 utils:156] verbose        : False
[I 260829 02:25:01 utils:156] version        : 1.5.6
[I 260829 02:25:01 utils:157] ===============
[W 260829 02:25:01 make_eff_hists:207] No --cut specified. Cuts on PID samples should match your sample cuts.
[I 260829 02:25:01 utils:609] 371 calibration files from EOS will be processed
[I 260829 02:25:01 binning:543] Loading binnings from ./binning_iso.json
[W 260829 02:25:01 binning:581] The following custom binnings are not being used: [{'particle': 'Pi', 'bin_var': 'Brunel_P'}, {'particle': 'Pi', 'bin_var': 'Brunel_ETA'}, {'particle': 'Pi', 'bin_var': 'nTracks_Brunel'}, {'particle': 'P', 'bin_var': 'Brunel_P'}, {'particle': 'P', 'bin_var': 'Brunel_ETA'}, {'particle': 'P', 'bin_var': 'nTracks_Brunel'}, {'particle': 'Mu_nopt', 'bin_var': 'Brunel_P'}, {'particle': 'Mu_nopt', 'bin_var': 'Brunel_ETA'}, {'particle': 'Mu_nopt', 'bin_var': 'nTracks_Brunel'}, {'particle': 'e_B_Jpsi', 'bin_var': 'Brunel_P'}, {'particle': 'e_B_Jpsi', 'bin_var': 'Brunel_ETA'}, {'particle': 'e_B_Jpsi', 'bin_var': 'nTracks'}]
[I 260829 02:32:26 utils:819] Processed 371/371 files
[I 260829 02:32:26 utils:966] 139143290/141600400 (98.3%) events passed binning range cut
[I 260829 02:32:26 utils:966] 120247395/139143290 (86.4%) events passed 'Brunel_MC15TuneV1_ProbNNk>0.2&Brunel_MC15TuneV1_ProbNNghost<0.3' cut
[I 260829 02:32:26 make_eff_hists:270] Efficiency histograms saved to 'pidcalib_iso/run2-rdx-2017-md-K_nnknng_gtlt-p_eta_ntracks/effhists-Turbo17-down-K-Brunel_MC15TuneV1_ProbNNk>0.2&Brunel_MC15TuneV1_ProbNNghost<0.3-Brunel_P.Brunel_ETA.nTracks_Brunel-binning_iso.pkl'
Output folder: pidcalib_iso/run2-rdx-2017-md-K_nnknng_lt02lt02-p_eta_ntracks
[I 260829 02:32:29 make_eff_hists:203] Running PIDCalib2 make_eff_hists with the config:
[I 260829 02:32:29 utils:153] ===============
[I 260829 02:32:29 utils:156] sample         : Turbo17
[I 260829 02:32:29 utils:156] magnet         : down
[I 260829 02:32:29 utils:156] particle       : K
[I 260829 02:32:29 utils:156] pid_cuts       : ['Brunel_MC15TuneV1_ProbNNk<0.2&Brunel_MC15TuneV1_ProbNNghost<0.2']
[I 260829 02:32:29 utils:156] bin_vars       : ['Brunel_P', 'Brunel_ETA', 'nTracks_Brunel']
[I 260829 02:32:29 utils:156] binning_files  : ['./binning_iso.json']
[I 260829 02:32:29 utils:156] output_dir     : pidcalib_iso/run2-rdx-2017-md-K_nnknng_lt02lt02-p_eta_ntracks
[I 260829 02:32:29 utils:156] verbose        : False
[I 260829 02:32:29 utils:156] version        : 1.5.6
[I 260829 02:32:29 utils:157] ===============
[W 260829 02:32:29 make_eff_hists:207] No --cut specified. Cuts on PID samples should match your sample cuts.
[I 260829 02:32:34 utils:609] 371 calibration files from EOS will be processed
[I 260829 02:32:34 binning:543] Loading binnings from ./binning_iso.json
[W 260829 02:32:34 binning:581] The following custom binnings are not being used: [{'particle': 'Pi', 'bin_var': 'Brunel_P'}, {'particle': 'Pi', 'bin_var': 'Brunel_ETA'}, {'particle': 'Pi', 'bin_var': 'nTracks_Brunel'}, {'particle': 'P', 'bin_var': 'Brunel_P'}, {'particle': 'P', 'bin_var': 'Brunel_ETA'}, {'particle': 'P', 'bin_var': 'nTracks_Brunel'}, {'particle': 'Mu_nopt', 'bin_var': 'Brunel_P'}, {'particle': 'Mu_nopt', 'bin_var': 'Brunel_ETA'}, {'particle': 'Mu_nopt', 'bin_var': 'nTracks_Brunel'}, {'particle': 'e_B_Jpsi', 'bin_var': 'Brunel_P'}, {'particle': 'e_B_Jpsi', 'bin_var': 'Brunel_ETA'}, {'particle': 'e_B_Jpsi', 'bin_var': 'nTracks'}]
[I 260829 02:39:52 utils:819] Processed 371/371 files
[I 260829 02:39:52 utils:966] 139143290/141600400 (98.3%) events passed binning range cut
[I 260829 02:39:52 utils:966] 13819321/139143290 (9.9%) events passed 'Brunel_MC15TuneV1_ProbNNk<0.2&Brunel_MC15TuneV1_ProbNNghost<0.2' cut
[I 260829 02:39:52 make_eff_hists:270] Efficiency histograms saved to 'pidcalib_iso/run2-rdx-2017-md-K_nnknng_lt02lt02-p_eta_ntracks/effhists-Turbo17-down-K-Brunel_MC15TuneV1_ProbNNk<0.2&Brunel_MC15TuneV1_ProbNNghost<0.2-Brunel_P.Brunel_ETA.nTracks_Brunel-binning_iso.pkl'
Output folder: pidcalib_iso/run2-rdx-2017-md-Pi_nnpnng_gtlt-p_eta_ntracks
[I 260829 02:39:55 make_eff_hists:203] Running PIDCalib2 make_eff_hists with the config:
[I 260829 02:39:55 utils:153] ===============
[I 260829 02:39:55 utils:156] sample         : Turbo17
[I 260829 02:39:55 utils:156] magnet         : down
[I 260829 02:39:55 utils:156] particle       : Pi
[I 260829 02:39:55 utils:156] pid_cuts       : ['Brunel_MC15TuneV1_ProbNNp>0.4&Brunel_MC15TuneV1_ProbNNghost<0.3']
[I 260829 02:39:55 utils:156] bin_vars       : ['Brunel_P', 'Brunel_ETA', 'nTracks_Brunel']
[I 260829 02:39:55 utils:156] binning_files  : ['./binning_iso.json']
[I 260829 02:39:55 utils:156] output_dir     : pidcalib_iso/run2-rdx-2017-md-Pi_nnpnng_gtlt-p_eta_ntracks
[I 260829 02:39:55 utils:156] verbose        : False
[I 260829 02:39:55 utils:156] version        : 1.5.6
[I 260829 02:39:55 utils:157] ===============
[W 260829 02:39:55 make_eff_hists:207] No --cut specified. Cuts on PID samples should match your sample cuts.
[I 260829 02:39:55 utils:609] 371 calibration files from EOS will be processed
[I 260829 02:39:55 binning:543] Loading binnings from ./binning_iso.json
[W 260829 02:39:55 binning:581] The following custom binnings are not being used: [{'particle': 'K', 'bin_var': 'Brunel_P'}, {'particle': 'K', 'bin_var': 'Brunel_ETA'}, {'particle': 'K', 'bin_var': 'nTracks_Brunel'}, {'particle': 'P', 'bin_var': 'Brunel_P'}, {'particle': 'P', 'bin_var': 'Brunel_ETA'}, {'particle': 'P', 'bin_var': 'nTracks_Brunel'}, {'particle': 'Mu_nopt', 'bin_var': 'Brunel_P'}, {'particle': 'Mu_nopt', 'bin_var': 'Brunel_ETA'}, {'particle': 'Mu_nopt', 'bin_var': 'nTracks_Brunel'}, {'particle': 'e_B_Jpsi', 'bin_var': 'Brunel_P'}, {'particle': 'e_B_Jpsi', 'bin_var': 'Brunel_ETA'}, {'particle': 'e_B_Jpsi', 'bin_var': 'nTracks'}]
[I 260829 02:46:57 utils:819] Processed 371/371 files
[I 260829 02:46:57 utils:966] 139437675/141600400 (98.5%) events passed binning range cut
[I 260829 02:46:57 utils:966] 2566863/139437675 (1.8%) events passed 'Brunel_MC15TuneV1_ProbNNp>0.4&Brunel_MC15TuneV1_ProbNNghost<0.3' cut
[W 260829 02:46:57 utils:122] There are 1 negative bins in the 'eff_Brunel_MC15TuneV1_ProbNNp>0.4&Brunel_MC15TuneV1_ProbNNghost<0.3' efficiency histogram! You might want to change the binning.
[I 260829 02:46:57 make_eff_hists:270] Efficiency histograms saved to 'pidcalib_iso/run2-rdx-2017-md-Pi_nnpnng_gtlt-p_eta_ntracks/effhists-Turbo17-down-Pi-Brunel_MC15TuneV1_ProbNNp>0.4&Brunel_MC15TuneV1_ProbNNghost<0.3-Brunel_P.Brunel_ETA.nTracks_Brunel-binning_iso.pkl'
Output folder: pidcalib_iso/run2-rdx-2017-md-Pi_nnk_gt-p_eta_ntracks
[I 260829 02:47:01 make_eff_hists:203] Running PIDCalib2 make_eff_hists with the config:
[I 260829 02:47:01 utils:153] ===============
[I 260829 02:47:01 utils:156] sample         : Turbo17
[I 260829 02:47:01 utils:156] magnet         : down
[I 260829 02:47:01 utils:156] particle       : Pi
[I 260829 02:47:01 utils:156] pid_cuts       : ['Brunel_MC15TuneV1_ProbNNk>0.2']
[I 260829 02:47:01 utils:156] bin_vars       : ['Brunel_P', 'Brunel_ETA', 'nTracks_Brunel']
[I 260829 02:47:01 utils:156] binning_files  : ['./binning_iso.json']
[I 260829 02:47:01 utils:156] output_dir     : pidcalib_iso/run2-rdx-2017-md-Pi_nnk_gt-p_eta_ntracks
[I 260829 02:47:01 utils:156] verbose        : False
[I 260829 02:47:01 utils:156] version        : 1.5.6
[I 260829 02:47:01 utils:157] ===============
[W 260829 02:47:01 make_eff_hists:207] No --cut specified. Cuts on PID samples should match your sample cuts.
[I 260829 02:47:04 utils:609] 371 calibration files from EOS will be processed
[I 260829 02:47:04 binning:543] Loading binnings from ./binning_iso.json
[W 260829 02:47:04 binning:581] The following custom binnings are not being used: [{'particle': 'K', 'bin_var': 'Brunel_P'}, {'particle': 'K', 'bin_var': 'Brunel_ETA'}, {'particle': 'K', 'bin_var': 'nTracks_Brunel'}, {'particle': 'P', 'bin_var': 'Brunel_P'}, {'particle': 'P', 'bin_var': 'Brunel_ETA'}, {'particle': 'P', 'bin_var': 'nTracks_Brunel'}, {'particle': 'Mu_nopt', 'bin_var': 'Brunel_P'}, {'particle': 'Mu_nopt', 'bin_var': 'Brunel_ETA'}, {'particle': 'Mu_nopt', 'bin_var': 'nTracks_Brunel'}, {'particle': 'e_B_Jpsi', 'bin_var': 'Brunel_P'}, {'particle': 'e_B_Jpsi', 'bin_var': 'Brunel_ETA'}, {'particle': 'e_B_Jpsi', 'bin_var': 'nTracks'}]
[I 260829 02:53:39 utils:819] Processed 371/371 files
[I 260829 02:53:39 utils:966] 139437675/141600400 (98.5%) events passed binning range cut
[I 260829 02:53:39 utils:966] 17792596/139437675 (12.8%) events passed 'Brunel_MC15TuneV1_ProbNNk>0.2' cut
[I 260829 02:53:39 make_eff_hists:270] Efficiency histograms saved to 'pidcalib_iso/run2-rdx-2017-md-Pi_nnk_gt-p_eta_ntracks/effhists-Turbo17-down-Pi-Brunel_MC15TuneV1_ProbNNk>0.2-Brunel_P.Brunel_ETA.nTracks_Brunel-binning_iso.pkl'
Output folder: pidcalib_iso/run2-rdx-2017-md-Pi_nnknng_gt02lt02-p_eta_ntracks
[I 260829 02:53:43 make_eff_hists:203] Running PIDCalib2 make_eff_hists with the config:
[I 260829 02:53:43 utils:153] ===============
[I 260829 02:53:43 utils:156] sample         : Turbo17
[I 260829 02:53:43 utils:156] magnet         : down
[I 260829 02:53:43 utils:156] particle       : Pi
[I 260829 02:53:43 utils:156] pid_cuts       : ['Brunel_MC15TuneV1_ProbNNk>0.2&Brunel_MC15TuneV1_ProbNNghost<0.2']
[I 260829 02:53:43 utils:156] bin_vars       : ['Brunel_P', 'Brunel_ETA', 'nTracks_Brunel']
[I 260829 02:53:43 utils:156] binning_files  : ['./binning_iso.json']
[I 260829 02:53:43 utils:156] output_dir     : pidcalib_iso/run2-rdx-2017-md-Pi_nnknng_gt02lt02-p_eta_ntracks
[I 260829 02:53:43 utils:156] verbose        : False
[I 260829 02:53:43 utils:156] version        : 1.5.6
[I 260829 02:53:43 utils:157] ===============
[W 260829 02:53:43 make_eff_hists:207] No --cut specified. Cuts on PID samples should match your sample cuts.
[I 260829 02:53:43 utils:609] 371 calibration files from EOS will be processed
[I 260829 02:53:43 binning:543] Loading binnings from ./binning_iso.json
[W 260829 02:53:43 binning:581] The following custom binnings are not being used: [{'particle': 'K', 'bin_var': 'Brunel_P'}, {'particle': 'K', 'bin_var': 'Brunel_ETA'}, {'particle': 'K', 'bin_var': 'nTracks_Brunel'}, {'particle': 'P', 'bin_var': 'Brunel_P'}, {'particle': 'P', 'bin_var': 'Brunel_ETA'}, {'particle': 'P', 'bin_var': 'nTracks_Brunel'}, {'particle': 'Mu_nopt', 'bin_var': 'Brunel_P'}, {'particle': 'Mu_nopt', 'bin_var': 'Brunel_ETA'}, {'particle': 'Mu_nopt', 'bin_var': 'nTracks_Brunel'}, {'particle': 'e_B_Jpsi', 'bin_var': 'Brunel_P'}, {'particle': 'e_B_Jpsi', 'bin_var': 'Brunel_ETA'}, {'particle': 'e_B_Jpsi', 'bin_var': 'nTracks'}]
[I 260829 03:00:46 utils:819] Processed 371/371 files
[I 260829 03:00:46 utils:966] 139437675/141600400 (98.5%) events passed binning range cut
[I 260829 03:00:46 utils:966] 16898324/139437675 (12.1%) events passed 'Brunel_MC15TuneV1_ProbNNk>0.2&Brunel_MC15TuneV1_ProbNNghost<0.2' cut
[I 260829 03:00:46 make_eff_hists:270] Efficiency histograms saved to 'pidcalib_iso/run2-rdx-2017-md-Pi_nnknng_gt02lt02-p_eta_ntracks/effhists-Turbo17-down-Pi-Brunel_MC15TuneV1_ProbNNk>0.2&Brunel_MC15TuneV1_ProbNNghost<0.2-Brunel_P.Brunel_ETA.nTracks_Brunel-binning_iso.pkl'
Output folder: pidcalib_iso/run2-rdx-2017-md-Pi_nnknng_ltlt-p_eta_ntracks
[I 260829 03:00:49 make_eff_hists:203] Running PIDCalib2 make_eff_hists with the config:
[I 260829 03:00:49 utils:153] ===============
[I 260829 03:00:49 utils:156] sample         : Turbo17
[I 260829 03:00:49 utils:156] magnet         : down
[I 260829 03:00:49 utils:156] particle       : Pi
[I 260829 03:00:49 utils:156] pid_cuts       : ['Brunel_MC15TuneV1_ProbNNk<0.2&Brunel_MC15TuneV1_ProbNNghost<0.3']
[I 260829 03:00:49 utils:156] bin_vars       : ['Brunel_P', 'Brunel_ETA', 'nTracks_Brunel']
[I 260829 03:00:49 utils:156] binning_files  : ['./binning_iso.json']
[I 260829 03:00:49 utils:156] output_dir     : pidcalib_iso/run2-rdx-2017-md-Pi_nnknng_ltlt-p_eta_ntracks
[I 260829 03:00:49 utils:156] verbose        : False
[I 260829 03:00:49 utils:156] version        : 1.5.6
[I 260829 03:00:49 utils:157] ===============
[W 260829 03:00:49 make_eff_hists:207] No --cut specified. Cuts on PID samples should match your sample cuts.
[I 260829 03:00:50 utils:609] 371 calibration files from EOS will be processed
[I 260829 03:00:50 binning:543] Loading binnings from ./binning_iso.json
[W 260829 03:00:50 binning:581] The following custom binnings are not being used: [{'particle': 'K', 'bin_var': 'Brunel_P'}, {'particle': 'K', 'bin_var': 'Brunel_ETA'}, {'particle': 'K', 'bin_var': 'nTracks_Brunel'}, {'particle': 'P', 'bin_var': 'Brunel_P'}, {'particle': 'P', 'bin_var': 'Brunel_ETA'}, {'particle': 'P', 'bin_var': 'nTracks_Brunel'}, {'particle': 'Mu_nopt', 'bin_var': 'Brunel_P'}, {'particle': 'Mu_nopt', 'bin_var': 'Brunel_ETA'}, {'particle': 'Mu_nopt', 'bin_var': 'nTracks_Brunel'}, {'particle': 'e_B_Jpsi', 'bin_var': 'Brunel_P'}, {'particle': 'e_B_Jpsi', 'bin_var': 'Brunel_ETA'}, {'particle': 'e_B_Jpsi', 'bin_var': 'nTracks'}]
[I 260829 03:08:20 utils:819] Processed 371/371 files
[I 260829 03:08:20 utils:966] 139437675/141600400 (98.5%) events passed binning range cut
[I 260829 03:08:20 utils:966] 118159441/139437675 (84.7%) events passed 'Brunel_MC15TuneV1_ProbNNk<0.2&Brunel_MC15TuneV1_ProbNNghost<0.3' cut
[I 260829 03:08:20 make_eff_hists:270] Efficiency histograms saved to 'pidcalib_iso/run2-rdx-2017-md-Pi_nnknng_ltlt-p_eta_ntracks/effhists-Turbo17-down-Pi-Brunel_MC15TuneV1_ProbNNk<0.2&Brunel_MC15TuneV1_ProbNNghost<0.3-Brunel_P.Brunel_ETA.nTracks_Brunel-binning_iso.pkl'
Output folder: pidcalib_iso/run2-rdx-2017-md-Pi_nnp_gt-p_eta_ntracks
[I 260829 03:08:24 make_eff_hists:203] Running PIDCalib2 make_eff_hists with the config:
[I 260829 03:08:24 utils:153] ===============
[I 260829 03:08:24 utils:156] sample         : Turbo17
[I 260829 03:08:24 utils:156] magnet         : down
[I 260829 03:08:24 utils:156] particle       : Pi
[I 260829 03:08:24 utils:156] pid_cuts       : ['Brunel_MC15TuneV1_ProbNNp>0.4']
[I 260829 03:08:24 utils:156] bin_vars       : ['Brunel_P', 'Brunel_ETA', 'nTracks_Brunel']
[I 260829 03:08:24 utils:156] binning_files  : ['./binning_iso.json']
[I 260829 03:08:24 utils:156] output_dir     : pidcalib_iso/run2-rdx-2017-md-Pi_nnp_gt-p_eta_ntracks
[I 260829 03:08:24 utils:156] verbose        : False
[I 260829 03:08:24 utils:156] version        : 1.5.6
[I 260829 03:08:24 utils:157] ===============
[W 260829 03:08:24 make_eff_hists:207] No --cut specified. Cuts on PID samples should match your sample cuts.
[I 260829 03:08:24 utils:609] 371 calibration files from EOS will be processed
[I 260829 03:08:24 binning:543] Loading binnings from ./binning_iso.json
[W 260829 03:08:24 binning:581] The following custom binnings are not being used: [{'particle': 'K', 'bin_var': 'Brunel_P'}, {'particle': 'K', 'bin_var': 'Brunel_ETA'}, {'particle': 'K', 'bin_var': 'nTracks_Brunel'}, {'particle': 'P', 'bin_var': 'Brunel_P'}, {'particle': 'P', 'bin_var': 'Brunel_ETA'}, {'particle': 'P', 'bin_var': 'nTracks_Brunel'}, {'particle': 'Mu_nopt', 'bin_var': 'Brunel_P'}, {'particle': 'Mu_nopt', 'bin_var': 'Brunel_ETA'}, {'particle': 'Mu_nopt', 'bin_var': 'nTracks_Brunel'}, {'particle': 'e_B_Jpsi', 'bin_var': 'Brunel_P'}, {'particle': 'e_B_Jpsi', 'bin_var': 'Brunel_ETA'}, {'particle': 'e_B_Jpsi', 'bin_var': 'nTracks'}]
[I 260829 03:14:44 utils:819] Processed 371/371 files
[I 260829 03:14:44 utils:966] 139437675/141600400 (98.5%) events passed binning range cut
[I 260829 03:14:44 utils:966] 2737511/139437675 (2.0%) events passed 'Brunel_MC15TuneV1_ProbNNp>0.4' cut
[I 260829 03:14:44 make_eff_hists:270] Efficiency histograms saved to 'pidcalib_iso/run2-rdx-2017-md-Pi_nnp_gt-p_eta_ntracks/effhists-Turbo17-down-Pi-Brunel_MC15TuneV1_ProbNNp>0.4-Brunel_P.Brunel_ETA.nTracks_Brunel-binning_iso.pkl'
Output folder: pidcalib_iso/run2-rdx-2017-md-Pi_nnknng_gtlt-p_eta_ntracks
[I 260829 03:14:47 make_eff_hists:203] Running PIDCalib2 make_eff_hists with the config:
[I 260829 03:14:47 utils:153] ===============
[I 260829 03:14:47 utils:156] sample         : Turbo17
[I 260829 03:14:47 utils:156] magnet         : down
[I 260829 03:14:47 utils:156] particle       : Pi
[I 260829 03:14:47 utils:156] pid_cuts       : ['Brunel_MC15TuneV1_ProbNNk>0.2&Brunel_MC15TuneV1_ProbNNghost<0.3']
[I 260829 03:14:47 utils:156] bin_vars       : ['Brunel_P', 'Brunel_ETA', 'nTracks_Brunel']
[I 260829 03:14:47 utils:156] binning_files  : ['./binning_iso.json']
[I 260829 03:14:47 utils:156] output_dir     : pidcalib_iso/run2-rdx-2017-md-Pi_nnknng_gtlt-p_eta_ntracks
[I 260829 03:14:47 utils:156] verbose        : False
[I 260829 03:14:47 utils:156] version        : 1.5.6
[I 260829 03:14:47 utils:157] ===============
[W 260829 03:14:47 make_eff_hists:207] No --cut specified. Cuts on PID samples should match your sample cuts.
[I 260829 03:14:58 utils:609] 371 calibration files from EOS will be processed
[I 260829 03:14:58 binning:543] Loading binnings from ./binning_iso.json
[W 260829 03:14:58 binning:581] The following custom binnings are not being used: [{'particle': 'K', 'bin_var': 'Brunel_P'}, {'particle': 'K', 'bin_var': 'Brunel_ETA'}, {'particle': 'K', 'bin_var': 'nTracks_Brunel'}, {'particle': 'P', 'bin_var': 'Brunel_P'}, {'particle': 'P', 'bin_var': 'Brunel_ETA'}, {'particle': 'P', 'bin_var': 'nTracks_Brunel'}, {'particle': 'Mu_nopt', 'bin_var': 'Brunel_P'}, {'particle': 'Mu_nopt', 'bin_var': 'Brunel_ETA'}, {'particle': 'Mu_nopt', 'bin_var': 'nTracks_Brunel'}, {'particle': 'e_B_Jpsi', 'bin_var': 'Brunel_P'}, {'particle': 'e_B_Jpsi', 'bin_var': 'Brunel_ETA'}, {'particle': 'e_B_Jpsi', 'bin_var': 'nTracks'}]
[I 260829 03:22:10 utils:819] Processed 371/371 files
[I 260829 03:22:10 utils:966] 139437675/141600400 (98.5%) events passed binning range cut
[I 260829 03:22:10 utils:966] 17191920/139437675 (12.3%) events passed 'Brunel_MC15TuneV1_ProbNNk>0.2&Brunel_MC15TuneV1_ProbNNghost<0.3' cut
[I 260829 03:22:10 make_eff_hists:270] Efficiency histograms saved to 'pidcalib_iso/run2-rdx-2017-md-Pi_nnknng_gtlt-p_eta_ntracks/effhists-Turbo17-down-Pi-Brunel_MC15TuneV1_ProbNNk>0.2&Brunel_MC15TuneV1_ProbNNghost<0.3-Brunel_P.Brunel_ETA.nTracks_Brunel-binning_iso.pkl'
Output folder: pidcalib_iso/run2-rdx-2017-md-Pi_nnknng_lt02lt02-p_eta_ntracks
[I 260829 03:22:14 make_eff_hists:203] Running PIDCalib2 make_eff_hists with the config:
[I 260829 03:22:14 utils:153] ===============
[I 260829 03:22:14 utils:156] sample         : Turbo17
[I 260829 03:22:14 utils:156] magnet         : down
[I 260829 03:22:14 utils:156] particle       : Pi
[I 260829 03:22:14 utils:156] pid_cuts       : ['Brunel_MC15TuneV1_ProbNNk<0.2&Brunel_MC15TuneV1_ProbNNghost<0.2']
[I 260829 03:22:14 utils:156] bin_vars       : ['Brunel_P', 'Brunel_ETA', 'nTracks_Brunel']
[I 260829 03:22:14 utils:156] binning_files  : ['./binning_iso.json']
[I 260829 03:22:14 utils:156] output_dir     : pidcalib_iso/run2-rdx-2017-md-Pi_nnknng_lt02lt02-p_eta_ntracks
[I 260829 03:22:14 utils:156] verbose        : False
[I 260829 03:22:14 utils:156] version        : 1.5.6
[I 260829 03:22:14 utils:157] ===============
[W 260829 03:22:14 make_eff_hists:207] No --cut specified. Cuts on PID samples should match your sample cuts.
[I 260829 03:22:14 utils:609] 371 calibration files from EOS will be processed
[I 260829 03:22:14 binning:543] Loading binnings from ./binning_iso.json
[W 260829 03:22:14 binning:581] The following custom binnings are not being used: [{'particle': 'K', 'bin_var': 'Brunel_P'}, {'particle': 'K', 'bin_var': 'Brunel_ETA'}, {'particle': 'K', 'bin_var': 'nTracks_Brunel'}, {'particle': 'P', 'bin_var': 'Brunel_P'}, {'particle': 'P', 'bin_var': 'Brunel_ETA'}, {'particle': 'P', 'bin_var': 'nTracks_Brunel'}, {'particle': 'Mu_nopt', 'bin_var': 'Brunel_P'}, {'particle': 'Mu_nopt', 'bin_var': 'Brunel_ETA'}, {'particle': 'Mu_nopt', 'bin_var': 'nTracks_Brunel'}, {'particle': 'e_B_Jpsi', 'bin_var': 'Brunel_P'}, {'particle': 'e_B_Jpsi', 'bin_var': 'Brunel_ETA'}, {'particle': 'e_B_Jpsi', 'bin_var': 'nTracks'}]
[I 260829 03:29:36 utils:819] Processed 371/371 files
[I 260829 03:29:36 utils:966] 139437675/141600400 (98.5%) events passed binning range cut
[I 260829 03:29:36 utils:966] 116465201/139437675 (83.5%) events passed 'Brunel_MC15TuneV1_ProbNNk<0.2&Brunel_MC15TuneV1_ProbNNghost<0.2' cut
[I 260829 03:29:36 make_eff_hists:270] Efficiency histograms saved to 'pidcalib_iso/run2-rdx-2017-md-Pi_nnknng_lt02lt02-p_eta_ntracks/effhists-Turbo17-down-Pi-Brunel_MC15TuneV1_ProbNNk<0.2&Brunel_MC15TuneV1_ProbNNghost<0.2-Brunel_P.Brunel_ETA.nTracks_Brunel-binning_iso.pkl'
Output folder: pidcalib_iso/run2-rdx-2017-md-P_nnpnng_gtlt-p_eta_ntracks
[I 260829 03:29:39 make_eff_hists:203] Running PIDCalib2 make_eff_hists with the config:
[I 260829 03:29:39 utils:153] ===============
[I 260829 03:29:39 utils:156] sample         : Turbo17
[I 260829 03:29:39 utils:156] magnet         : down
[I 260829 03:29:39 utils:156] particle       : P
[I 260829 03:29:39 utils:156] pid_cuts       : ['Brunel_MC15TuneV1_ProbNNp>0.4&Brunel_MC15TuneV1_ProbNNghost<0.3']
[I 260829 03:29:39 utils:156] bin_vars       : ['Brunel_P', 'Brunel_ETA', 'nTracks_Brunel']
[I 260829 03:29:39 utils:156] binning_files  : ['./binning_iso.json']
[I 260829 03:29:39 utils:156] output_dir     : pidcalib_iso/run2-rdx-2017-md-P_nnpnng_gtlt-p_eta_ntracks
[I 260829 03:29:39 utils:156] verbose        : False
[I 260829 03:29:39 utils:156] version        : 1.5.6
[I 260829 03:29:39 utils:157] ===============
[W 260829 03:29:39 make_eff_hists:207] No --cut specified. Cuts on PID samples should match your sample cuts.
[I 260829 03:29:42 utils:609] 371 calibration files from EOS will be processed
[I 260829 03:29:42 binning:543] Loading binnings from ./binning_iso.json
[W 260829 03:29:42 binning:581] The following custom binnings are not being used: [{'particle': 'Pi', 'bin_var': 'Brunel_P'}, {'particle': 'Pi', 'bin_var': 'Brunel_ETA'}, {'particle': 'Pi', 'bin_var': 'nTracks_Brunel'}, {'particle': 'K', 'bin_var': 'Brunel_P'}, {'particle': 'K', 'bin_var': 'Brunel_ETA'}, {'particle': 'K', 'bin_var': 'nTracks_Brunel'}, {'particle': 'Mu_nopt', 'bin_var': 'Brunel_P'}, {'particle': 'Mu_nopt', 'bin_var': 'Brunel_ETA'}, {'particle': 'Mu_nopt', 'bin_var': 'nTracks_Brunel'}, {'particle': 'e_B_Jpsi', 'bin_var': 'Brunel_P'}, {'particle': 'e_B_Jpsi', 'bin_var': 'Brunel_ETA'}, {'particle': 'e_B_Jpsi', 'bin_var': 'nTracks'}]
[I 260829 03:42:26 utils:819] Processed 371/371 files
[I 260829 03:42:26 utils:966] 119738928/121910081 (98.2%) events passed binning range cut
[I 260829 03:42:26 utils:966] 100161131/119738928 (83.6%) events passed 'Brunel_MC15TuneV1_ProbNNp>0.4&Brunel_MC15TuneV1_ProbNNghost<0.3' cut
[I 260829 03:42:26 make_eff_hists:270] Efficiency histograms saved to 'pidcalib_iso/run2-rdx-2017-md-P_nnpnng_gtlt-p_eta_ntracks/effhists-Turbo17-down-P-Brunel_MC15TuneV1_ProbNNp>0.4&Brunel_MC15TuneV1_ProbNNghost<0.3-Brunel_P.Brunel_ETA.nTracks_Brunel-binning_iso.pkl'
Output folder: pidcalib_iso/run2-rdx-2017-md-P_nnk_gt-p_eta_ntracks
[I 260829 03:42:30 make_eff_hists:203] Running PIDCalib2 make_eff_hists with the config:
[I 260829 03:42:30 utils:153] ===============
[I 260829 03:42:30 utils:156] sample         : Turbo17
[I 260829 03:42:30 utils:156] magnet         : down
[I 260829 03:42:30 utils:156] particle       : P
[I 260829 03:42:30 utils:156] pid_cuts       : ['Brunel_MC15TuneV1_ProbNNk>0.2']
[I 260829 03:42:30 utils:156] bin_vars       : ['Brunel_P', 'Brunel_ETA', 'nTracks_Brunel']
[I 260829 03:42:30 utils:156] binning_files  : ['./binning_iso.json']
[I 260829 03:42:30 utils:156] output_dir     : pidcalib_iso/run2-rdx-2017-md-P_nnk_gt-p_eta_ntracks
[I 260829 03:42:30 utils:156] verbose        : False
[I 260829 03:42:30 utils:156] version        : 1.5.6
[I 260829 03:42:30 utils:157] ===============
[W 260829 03:42:30 make_eff_hists:207] No --cut specified. Cuts on PID samples should match your sample cuts.
[I 260829 03:42:31 utils:609] 371 calibration files from EOS will be processed
[I 260829 03:42:31 binning:543] Loading binnings from ./binning_iso.json
[W 260829 03:42:31 binning:581] The following custom binnings are not being used: [{'particle': 'Pi', 'bin_var': 'Brunel_P'}, {'particle': 'Pi', 'bin_var': 'Brunel_ETA'}, {'particle': 'Pi', 'bin_var': 'nTracks_Brunel'}, {'particle': 'K', 'bin_var': 'Brunel_P'}, {'particle': 'K', 'bin_var': 'Brunel_ETA'}, {'particle': 'K', 'bin_var': 'nTracks_Brunel'}, {'particle': 'Mu_nopt', 'bin_var': 'Brunel_P'}, {'particle': 'Mu_nopt', 'bin_var': 'Brunel_ETA'}, {'particle': 'Mu_nopt', 'bin_var': 'nTracks_Brunel'}, {'particle': 'e_B_Jpsi', 'bin_var': 'Brunel_P'}, {'particle': 'e_B_Jpsi', 'bin_var': 'Brunel_ETA'}, {'particle': 'e_B_Jpsi', 'bin_var': 'nTracks'}]
[I 260829 03:53:22 utils:819] Processed 371/371 files
[I 260829 03:53:22 utils:966] 119738928/121910081 (98.2%) events passed binning range cut
[I 260829 03:53:22 utils:966] 36939656/119738928 (30.9%) events passed 'Brunel_MC15TuneV1_ProbNNk>0.2' cut
[I 260829 03:53:22 make_eff_hists:270] Efficiency histograms saved to 'pidcalib_iso/run2-rdx-2017-md-P_nnk_gt-p_eta_ntracks/effhists-Turbo17-down-P-Brunel_MC15TuneV1_ProbNNk>0.2-Brunel_P.Brunel_ETA.nTracks_Brunel-binning_iso.pkl'
Output folder: pidcalib_iso/run2-rdx-2017-md-P_nnknng_gt02lt02-p_eta_ntracks
[I 260829 03:53:26 make_eff_hists:203] Running PIDCalib2 make_eff_hists with the config:
[I 260829 03:53:26 utils:153] ===============
[I 260829 03:53:26 utils:156] sample         : Turbo17
[I 260829 03:53:26 utils:156] magnet         : down
[I 260829 03:53:26 utils:156] particle       : P
[I 260829 03:53:26 utils:156] pid_cuts       : ['Brunel_MC15TuneV1_ProbNNk>0.2&Brunel_MC15TuneV1_ProbNNghost<0.2']
[I 260829 03:53:26 utils:156] bin_vars       : ['Brunel_P', 'Brunel_ETA', 'nTracks_Brunel']
[I 260829 03:53:26 utils:156] binning_files  : ['./binning_iso.json']
[I 260829 03:53:26 utils:156] output_dir     : pidcalib_iso/run2-rdx-2017-md-P_nnknng_gt02lt02-p_eta_ntracks
[I 260829 03:53:26 utils:156] verbose        : False
[I 260829 03:53:26 utils:156] version        : 1.5.6
[I 260829 03:53:26 utils:157] ===============
[W 260829 03:53:26 make_eff_hists:207] No --cut specified. Cuts on PID samples should match your sample cuts.
[I 260829 03:53:27 utils:609] 371 calibration files from EOS will be processed
[I 260829 03:53:27 binning:543] Loading binnings from ./binning_iso.json
[W 260829 03:53:27 binning:581] The following custom binnings are not being used: [{'particle': 'Pi', 'bin_var': 'Brunel_P'}, {'particle': 'Pi', 'bin_var': 'Brunel_ETA'}, {'particle': 'Pi', 'bin_var': 'nTracks_Brunel'}, {'particle': 'K', 'bin_var': 'Brunel_P'}, {'particle': 'K', 'bin_var': 'Brunel_ETA'}, {'particle': 'K', 'bin_var': 'nTracks_Brunel'}, {'particle': 'Mu_nopt', 'bin_var': 'Brunel_P'}, {'particle': 'Mu_nopt', 'bin_var': 'Brunel_ETA'}, {'particle': 'Mu_nopt', 'bin_var': 'nTracks_Brunel'}, {'particle': 'e_B_Jpsi', 'bin_var': 'Brunel_P'}, {'particle': 'e_B_Jpsi', 'bin_var': 'Brunel_ETA'}, {'particle': 'e_B_Jpsi', 'bin_var': 'nTracks'}]
[I 260829 04:05:26 utils:819] Processed 371/371 files
[I 260829 04:05:26 utils:966] 119738928/121910081 (98.2%) events passed binning range cut
[I 260829 04:05:26 utils:966] 33587066/119738928 (28.1%) events passed 'Brunel_MC15TuneV1_ProbNNk>0.2&Brunel_MC15TuneV1_ProbNNghost<0.2' cut
[I 260829 04:05:26 make_eff_hists:270] Efficiency histograms saved to 'pidcalib_iso/run2-rdx-2017-md-P_nnknng_gt02lt02-p_eta_ntracks/effhists-Turbo17-down-P-Brunel_MC15TuneV1_ProbNNk>0.2&Brunel_MC15TuneV1_ProbNNghost<0.2-Brunel_P.Brunel_ETA.nTracks_Brunel-binning_iso.pkl'
Output folder: pidcalib_iso/run2-rdx-2017-md-P_nnknng_ltlt-p_eta_ntracks
[I 260829 04:05:30 make_eff_hists:203] Running PIDCalib2 make_eff_hists with the config:
[I 260829 04:05:30 utils:153] ===============
[I 260829 04:05:30 utils:156] sample         : Turbo17
[I 260829 04:05:30 utils:156] magnet         : down
[I 260829 04:05:30 utils:156] particle       : P
[I 260829 04:05:30 utils:156] pid_cuts       : ['Brunel_MC15TuneV1_ProbNNk<0.2&Brunel_MC15TuneV1_ProbNNghost<0.3']
[I 260829 04:05:30 utils:156] bin_vars       : ['Brunel_P', 'Brunel_ETA', 'nTracks_Brunel']
[I 260829 04:05:30 utils:156] binning_files  : ['./binning_iso.json']
[I 260829 04:05:30 utils:156] output_dir     : pidcalib_iso/run2-rdx-2017-md-P_nnknng_ltlt-p_eta_ntracks
[I 260829 04:05:30 utils:156] verbose        : False
[I 260829 04:05:30 utils:156] version        : 1.5.6
[I 260829 04:05:30 utils:157] ===============
[W 260829 04:05:30 make_eff_hists:207] No --cut specified. Cuts on PID samples should match your sample cuts.
[I 260829 04:05:34 utils:609] 371 calibration files from EOS will be processed
[I 260829 04:05:34 binning:543] Loading binnings from ./binning_iso.json
[W 260829 04:05:34 binning:581] The following custom binnings are not being used: [{'particle': 'Pi', 'bin_var': 'Brunel_P'}, {'particle': 'Pi', 'bin_var': 'Brunel_ETA'}, {'particle': 'Pi', 'bin_var': 'nTracks_Brunel'}, {'particle': 'K', 'bin_var': 'Brunel_P'}, {'particle': 'K', 'bin_var': 'Brunel_ETA'}, {'particle': 'K', 'bin_var': 'nTracks_Brunel'}, {'particle': 'Mu_nopt', 'bin_var': 'Brunel_P'}, {'particle': 'Mu_nopt', 'bin_var': 'Brunel_ETA'}, {'particle': 'Mu_nopt', 'bin_var': 'nTracks_Brunel'}, {'particle': 'e_B_Jpsi', 'bin_var': 'Brunel_P'}, {'particle': 'e_B_Jpsi', 'bin_var': 'Brunel_ETA'}, {'particle': 'e_B_Jpsi', 'bin_var': 'nTracks'}]
[I 260829 04:18:02 utils:819] Processed 371/371 files
[I 260829 04:18:02 utils:966] 119738928/121910081 (98.2%) events passed binning range cut
[I 260829 04:18:02 utils:966] 77356077/119738928 (64.6%) events passed 'Brunel_MC15TuneV1_ProbNNk<0.2&Brunel_MC15TuneV1_ProbNNghost<0.3' cut
[I 260829 04:18:02 make_eff_hists:270] Efficiency histograms saved to 'pidcalib_iso/run2-rdx-2017-md-P_nnknng_ltlt-p_eta_ntracks/effhists-Turbo17-down-P-Brunel_MC15TuneV1_ProbNNk<0.2&Brunel_MC15TuneV1_ProbNNghost<0.3-Brunel_P.Brunel_ETA.nTracks_Brunel-binning_iso.pkl'
Output folder: pidcalib_iso/run2-rdx-2017-md-P_nnp_gt-p_eta_ntracks
[I 260829 04:18:06 make_eff_hists:203] Running PIDCalib2 make_eff_hists with the config:
[I 260829 04:18:06 utils:153] ===============
[I 260829 04:18:06 utils:156] sample         : Turbo17
[I 260829 04:18:06 utils:156] magnet         : down
[I 260829 04:18:06 utils:156] particle       : P
[I 260829 04:18:06 utils:156] pid_cuts       : ['Brunel_MC15TuneV1_ProbNNp>0.4']
[I 260829 04:18:06 utils:156] bin_vars       : ['Brunel_P', 'Brunel_ETA', 'nTracks_Brunel']
[I 260829 04:18:06 utils:156] binning_files  : ['./binning_iso.json']
[I 260829 04:18:06 utils:156] output_dir     : pidcalib_iso/run2-rdx-2017-md-P_nnp_gt-p_eta_ntracks
[I 260829 04:18:06 utils:156] verbose        : False
[I 260829 04:18:06 utils:156] version        : 1.5.6
[I 260829 04:18:06 utils:157] ===============
[W 260829 04:18:06 make_eff_hists:207] No --cut specified. Cuts on PID samples should match your sample cuts.
[I 260829 04:18:07 utils:609] 371 calibration files from EOS will be processed
[I 260829 04:18:07 binning:543] Loading binnings from ./binning_iso.json
[W 260829 04:18:07 binning:581] The following custom binnings are not being used: [{'particle': 'Pi', 'bin_var': 'Brunel_P'}, {'particle': 'Pi', 'bin_var': 'Brunel_ETA'}, {'particle': 'Pi', 'bin_var': 'nTracks_Brunel'}, {'particle': 'K', 'bin_var': 'Brunel_P'}, {'particle': 'K', 'bin_var': 'Brunel_ETA'}, {'particle': 'K', 'bin_var': 'nTracks_Brunel'}, {'particle': 'Mu_nopt', 'bin_var': 'Brunel_P'}, {'particle': 'Mu_nopt', 'bin_var': 'Brunel_ETA'}, {'particle': 'Mu_nopt', 'bin_var': 'nTracks_Brunel'}, {'particle': 'e_B_Jpsi', 'bin_var': 'Brunel_P'}, {'particle': 'e_B_Jpsi', 'bin_var': 'Brunel_ETA'}, {'particle': 'e_B_Jpsi', 'bin_var': 'nTracks'}]
[I 260829 04:28:58 utils:819] Processed 371/371 files
[I 260829 04:28:58 utils:966] 119738928/121910081 (98.2%) events passed binning range cut
[I 260829 04:28:58 utils:966] 104850577/119738928 (87.6%) events passed 'Brunel_MC15TuneV1_ProbNNp>0.4' cut
[I 260829 04:28:58 make_eff_hists:270] Efficiency histograms saved to 'pidcalib_iso/run2-rdx-2017-md-P_nnp_gt-p_eta_ntracks/effhists-Turbo17-down-P-Brunel_MC15TuneV1_ProbNNp>0.4-Brunel_P.Brunel_ETA.nTracks_Brunel-binning_iso.pkl'
Output folder: pidcalib_iso/run2-rdx-2017-md-P_nnknng_gtlt-p_eta_ntracks
[I 260829 04:29:02 make_eff_hists:203] Running PIDCalib2 make_eff_hists with the config:
[I 260829 04:29:02 utils:153] ===============
[I 260829 04:29:02 utils:156] sample         : Turbo17
[I 260829 04:29:02 utils:156] magnet         : down
[I 260829 04:29:02 utils:156] particle       : P
[I 260829 04:29:02 utils:156] pid_cuts       : ['Brunel_MC15TuneV1_ProbNNk>0.2&Brunel_MC15TuneV1_ProbNNghost<0.3']
[I 260829 04:29:02 utils:156] bin_vars       : ['Brunel_P', 'Brunel_ETA', 'nTracks_Brunel']
[I 260829 04:29:02 utils:156] binning_files  : ['./binning_iso.json']
[I 260829 04:29:02 utils:156] output_dir     : pidcalib_iso/run2-rdx-2017-md-P_nnknng_gtlt-p_eta_ntracks
[I 260829 04:29:02 utils:156] verbose        : False
[I 260829 04:29:02 utils:156] version        : 1.5.6
[I 260829 04:29:02 utils:157] ===============
[W 260829 04:29:02 make_eff_hists:207] No --cut specified. Cuts on PID samples should match your sample cuts.
[I 260829 04:29:06 utils:609] 371 calibration files from EOS will be processed
[I 260829 04:29:06 binning:543] Loading binnings from ./binning_iso.json
[W 260829 04:29:06 binning:581] The following custom binnings are not being used: [{'particle': 'Pi', 'bin_var': 'Brunel_P'}, {'particle': 'Pi', 'bin_var': 'Brunel_ETA'}, {'particle': 'Pi', 'bin_var': 'nTracks_Brunel'}, {'particle': 'K', 'bin_var': 'Brunel_P'}, {'particle': 'K', 'bin_var': 'Brunel_ETA'}, {'particle': 'K', 'bin_var': 'nTracks_Brunel'}, {'particle': 'Mu_nopt', 'bin_var': 'Brunel_P'}, {'particle': 'Mu_nopt', 'bin_var': 'Brunel_ETA'}, {'particle': 'Mu_nopt', 'bin_var': 'nTracks_Brunel'}, {'particle': 'e_B_Jpsi', 'bin_var': 'Brunel_P'}, {'particle': 'e_B_Jpsi', 'bin_var': 'Brunel_ETA'}, {'particle': 'e_B_Jpsi', 'bin_var': 'nTracks'}]
[I 260829 04:41:02 utils:819] Processed 371/371 files
[I 260829 04:41:02 utils:966] 119738928/121910081 (98.2%) events passed binning range cut
[I 260829 04:41:02 utils:966] 34596996/119738928 (28.9%) events passed 'Brunel_MC15TuneV1_ProbNNk>0.2&Brunel_MC15TuneV1_ProbNNghost<0.3' cut
[I 260829 04:41:02 make_eff_hists:270] Efficiency histograms saved to 'pidcalib_iso/run2-rdx-2017-md-P_nnknng_gtlt-p_eta_ntracks/effhists-Turbo17-down-P-Brunel_MC15TuneV1_ProbNNk>0.2&Brunel_MC15TuneV1_ProbNNghost<0.3-Brunel_P.Brunel_ETA.nTracks_Brunel-binning_iso.pkl'
Output folder: pidcalib_iso/run2-rdx-2017-md-P_nnknng_lt02lt02-p_eta_ntracks
[I 260829 04:41:06 make_eff_hists:203] Running PIDCalib2 make_eff_hists with the config:
[I 260829 04:41:06 utils:153] ===============
[I 260829 04:41:06 utils:156] sample         : Turbo17
[I 260829 04:41:06 utils:156] magnet         : down
[I 260829 04:41:06 utils:156] particle       : P
[I 260829 04:41:06 utils:156] pid_cuts       : ['Brunel_MC15TuneV1_ProbNNk<0.2&Brunel_MC15TuneV1_ProbNNghost<0.2']
[I 260829 04:41:06 utils:156] bin_vars       : ['Brunel_P', 'Brunel_ETA', 'nTracks_Brunel']
[I 260829 04:41:06 utils:156] binning_files  : ['./binning_iso.json']
[I 260829 04:41:06 utils:156] output_dir     : pidcalib_iso/run2-rdx-2017-md-P_nnknng_lt02lt02-p_eta_ntracks
[I 260829 04:41:06 utils:156] verbose        : False
[I 260829 04:41:06 utils:156] version        : 1.5.6
[I 260829 04:41:06 utils:157] ===============
[W 260829 04:41:06 make_eff_hists:207] No --cut specified. Cuts on PID samples should match your sample cuts.
[I 260829 04:41:07 utils:609] 371 calibration files from EOS will be processed
[I 260829 04:41:07 binning:543] Loading binnings from ./binning_iso.json
[W 260829 04:41:07 binning:581] The following custom binnings are not being used: [{'particle': 'Pi', 'bin_var': 'Brunel_P'}, {'particle': 'Pi', 'bin_var': 'Brunel_ETA'}, {'particle': 'Pi', 'bin_var': 'nTracks_Brunel'}, {'particle': 'K', 'bin_var': 'Brunel_P'}, {'particle': 'K', 'bin_var': 'Brunel_ETA'}, {'particle': 'K', 'bin_var': 'nTracks_Brunel'}, {'particle': 'Mu_nopt', 'bin_var': 'Brunel_P'}, {'particle': 'Mu_nopt', 'bin_var': 'Brunel_ETA'}, {'particle': 'Mu_nopt', 'bin_var': 'nTracks_Brunel'}, {'particle': 'e_B_Jpsi', 'bin_var': 'Brunel_P'}, {'particle': 'e_B_Jpsi', 'bin_var': 'Brunel_ETA'}, {'particle': 'e_B_Jpsi', 'bin_var': 'nTracks'}]
[I 260829 04:53:03 utils:819] Processed 371/371 files
[I 260829 04:53:03 utils:966] 119738928/121910081 (98.2%) events passed binning range cut
[I 260829 04:53:03 utils:966] 75201918/119738928 (62.8%) events passed 'Brunel_MC15TuneV1_ProbNNk<0.2&Brunel_MC15TuneV1_ProbNNghost<0.2' cut
[I 260829 04:53:03 make_eff_hists:270] Efficiency histograms saved to 'pidcalib_iso/run2-rdx-2017-md-P_nnknng_lt02lt02-p_eta_ntracks/effhists-Turbo17-down-P-Brunel_MC15TuneV1_ProbNNk<0.2&Brunel_MC15TuneV1_ProbNNghost<0.2-Brunel_P.Brunel_ETA.nTracks_Brunel-binning_iso.pkl'
Output folder: pidcalib_iso/run2-rdx-2017-md-Mu_nopt_nnpnng_gtlt-p_eta_ntracks
[I 260829 04:53:07 make_eff_hists:203] Running PIDCalib2 make_eff_hists with the config:
[I 260829 04:53:07 utils:153] ===============
[I 260829 04:53:07 utils:156] sample         : Turbo17
[I 260829 04:53:07 utils:156] magnet         : down
[I 260829 04:53:07 utils:156] particle       : Mu_nopt
[I 260829 04:53:07 utils:156] pid_cuts       : ['Brunel_MC15TuneV1_ProbNNp>0.4&Brunel_MC15TuneV1_ProbNNghost<0.3']
[I 260829 04:53:07 utils:156] bin_vars       : ['Brunel_P', 'Brunel_ETA', 'nTracks_Brunel']
[I 260829 04:53:07 utils:156] binning_files  : ['./binning_iso.json']
[I 260829 04:53:07 utils:156] output_dir     : pidcalib_iso/run2-rdx-2017-md-Mu_nopt_nnpnng_gtlt-p_eta_ntracks
[I 260829 04:53:07 utils:156] verbose        : False
[I 260829 04:53:07 utils:156] version        : 1.5.6
[I 260829 04:53:07 utils:157] ===============
[W 260829 04:53:07 make_eff_hists:207] No --cut specified. Cuts on PID samples should match your sample cuts.
[I 260829 04:53:07 utils:609] 37 calibration files from EOS will be processed
[I 260829 04:53:07 binning:543] Loading binnings from ./binning_iso.json
[W 260829 04:53:07 binning:581] The following custom binnings are not being used: [{'particle': 'Pi', 'bin_var': 'Brunel_P'}, {'particle': 'Pi', 'bin_var': 'Brunel_ETA'}, {'particle': 'Pi', 'bin_var': 'nTracks_Brunel'}, {'particle': 'K', 'bin_var': 'Brunel_P'}, {'particle': 'K', 'bin_var': 'Brunel_ETA'}, {'particle': 'K', 'bin_var': 'nTracks_Brunel'}, {'particle': 'P', 'bin_var': 'Brunel_P'}, {'particle': 'P', 'bin_var': 'Brunel_ETA'}, {'particle': 'P', 'bin_var': 'nTracks_Brunel'}, {'particle': 'e_B_Jpsi', 'bin_var': 'Brunel_P'}, {'particle': 'e_B_Jpsi', 'bin_var': 'Brunel_ETA'}, {'particle': 'e_B_Jpsi', 'bin_var': 'nTracks'}]
[I 260829 04:55:09 utils:819] Processed 37/37 files
[I 260829 04:55:09 utils:966] 58129221/58702484 (99.0%) events passed binning range cut
[I 260829 04:55:09 utils:966] 4772649/58129221 (8.2%) events passed 'Brunel_MC15TuneV1_ProbNNp>0.4&Brunel_MC15TuneV1_ProbNNghost<0.3' cut
[W 260829 04:55:09 utils:122] There are 3 negative bins in the 'eff_Brunel_MC15TuneV1_ProbNNp>0.4&Brunel_MC15TuneV1_ProbNNghost<0.3' efficiency histogram! You might want to change the binning.
[I 260829 04:55:09 make_eff_hists:270] Efficiency histograms saved to 'pidcalib_iso/run2-rdx-2017-md-Mu_nopt_nnpnng_gtlt-p_eta_ntracks/effhists-Turbo17-down-Mu_nopt-Brunel_MC15TuneV1_ProbNNp>0.4&Brunel_MC15TuneV1_ProbNNghost<0.3-Brunel_P.Brunel_ETA.nTracks_Brunel-binning_iso.pkl'
Output folder: pidcalib_iso/run2-rdx-2017-md-Mu_nopt_nnk_gt-p_eta_ntracks
[I 260829 04:55:12 make_eff_hists:203] Running PIDCalib2 make_eff_hists with the config:
[I 260829 04:55:12 utils:153] ===============
[I 260829 04:55:12 utils:156] sample         : Turbo17
[I 260829 04:55:12 utils:156] magnet         : down
[I 260829 04:55:12 utils:156] particle       : Mu_nopt
[I 260829 04:55:12 utils:156] pid_cuts       : ['Brunel_MC15TuneV1_ProbNNk>0.2']
[I 260829 04:55:12 utils:156] bin_vars       : ['Brunel_P', 'Brunel_ETA', 'nTracks_Brunel']
[I 260829 04:55:12 utils:156] binning_files  : ['./binning_iso.json']
[I 260829 04:55:12 utils:156] output_dir     : pidcalib_iso/run2-rdx-2017-md-Mu_nopt_nnk_gt-p_eta_ntracks
[I 260829 04:55:12 utils:156] verbose        : False
[I 260829 04:55:12 utils:156] version        : 1.5.6
[I 260829 04:55:12 utils:157] ===============
[W 260829 04:55:12 make_eff_hists:207] No --cut specified. Cuts on PID samples should match your sample cuts.
[I 260829 04:55:12 utils:609] 37 calibration files from EOS will be processed
[I 260829 04:55:12 binning:543] Loading binnings from ./binning_iso.json
[W 260829 04:55:12 binning:581] The following custom binnings are not being used: [{'particle': 'Pi', 'bin_var': 'Brunel_P'}, {'particle': 'Pi', 'bin_var': 'Brunel_ETA'}, {'particle': 'Pi', 'bin_var': 'nTracks_Brunel'}, {'particle': 'K', 'bin_var': 'Brunel_P'}, {'particle': 'K', 'bin_var': 'Brunel_ETA'}, {'particle': 'K', 'bin_var': 'nTracks_Brunel'}, {'particle': 'P', 'bin_var': 'Brunel_P'}, {'particle': 'P', 'bin_var': 'Brunel_ETA'}, {'particle': 'P', 'bin_var': 'nTracks_Brunel'}, {'particle': 'e_B_Jpsi', 'bin_var': 'Brunel_P'}, {'particle': 'e_B_Jpsi', 'bin_var': 'Brunel_ETA'}, {'particle': 'e_B_Jpsi', 'bin_var': 'nTracks'}]
[I 260829 04:57:06 utils:819] Processed 37/37 files
[I 260829 04:57:06 utils:966] 58129221/58702484 (99.0%) events passed binning range cut
[I 260829 04:57:06 utils:966] 8108510/58129221 (13.9%) events passed 'Brunel_MC15TuneV1_ProbNNk>0.2' cut
[I 260829 04:57:06 make_eff_hists:270] Efficiency histograms saved to 'pidcalib_iso/run2-rdx-2017-md-Mu_nopt_nnk_gt-p_eta_ntracks/effhists-Turbo17-down-Mu_nopt-Brunel_MC15TuneV1_ProbNNk>0.2-Brunel_P.Brunel_ETA.nTracks_Brunel-binning_iso.pkl'
Output folder: pidcalib_iso/run2-rdx-2017-md-Mu_nopt_nnknng_gt02lt02-p_eta_ntracks
[I 260829 04:57:09 make_eff_hists:203] Running PIDCalib2 make_eff_hists with the config:
[I 260829 04:57:09 utils:153] ===============
[I 260829 04:57:09 utils:156] sample         : Turbo17
[I 260829 04:57:09 utils:156] magnet         : down
[I 260829 04:57:09 utils:156] particle       : Mu_nopt
[I 260829 04:57:09 utils:156] pid_cuts       : ['Brunel_MC15TuneV1_ProbNNk>0.2&Brunel_MC15TuneV1_ProbNNghost<0.2']
[I 260829 04:57:09 utils:156] bin_vars       : ['Brunel_P', 'Brunel_ETA', 'nTracks_Brunel']
[I 260829 04:57:09 utils:156] binning_files  : ['./binning_iso.json']
[I 260829 04:57:09 utils:156] output_dir     : pidcalib_iso/run2-rdx-2017-md-Mu_nopt_nnknng_gt02lt02-p_eta_ntracks
[I 260829 04:57:09 utils:156] verbose        : False
[I 260829 04:57:09 utils:156] version        : 1.5.6
[I 260829 04:57:09 utils:157] ===============
[W 260829 04:57:09 make_eff_hists:207] No --cut specified. Cuts on PID samples should match your sample cuts.
[I 260829 04:57:09 utils:609] 37 calibration files from EOS will be processed
[I 260829 04:57:09 binning:543] Loading binnings from ./binning_iso.json
[W 260829 04:57:09 binning:581] The following custom binnings are not being used: [{'particle': 'Pi', 'bin_var': 'Brunel_P'}, {'particle': 'Pi', 'bin_var': 'Brunel_ETA'}, {'particle': 'Pi', 'bin_var': 'nTracks_Brunel'}, {'particle': 'K', 'bin_var': 'Brunel_P'}, {'particle': 'K', 'bin_var': 'Brunel_ETA'}, {'particle': 'K', 'bin_var': 'nTracks_Brunel'}, {'particle': 'P', 'bin_var': 'Brunel_P'}, {'particle': 'P', 'bin_var': 'Brunel_ETA'}, {'particle': 'P', 'bin_var': 'nTracks_Brunel'}, {'particle': 'e_B_Jpsi', 'bin_var': 'Brunel_P'}, {'particle': 'e_B_Jpsi', 'bin_var': 'Brunel_ETA'}, {'particle': 'e_B_Jpsi', 'bin_var': 'nTracks'}]
[I 260829 04:58:57 utils:819] Processed 37/37 files
[I 260829 04:58:57 utils:966] 58129221/58702484 (99.0%) events passed binning range cut
[I 260829 04:58:57 utils:966] 7008578/58129221 (12.1%) events passed 'Brunel_MC15TuneV1_ProbNNk>0.2&Brunel_MC15TuneV1_ProbNNghost<0.2' cut
[I 260829 04:58:57 make_eff_hists:270] Efficiency histograms saved to 'pidcalib_iso/run2-rdx-2017-md-Mu_nopt_nnknng_gt02lt02-p_eta_ntracks/effhists-Turbo17-down-Mu_nopt-Brunel_MC15TuneV1_ProbNNk>0.2&Brunel_MC15TuneV1_ProbNNghost<0.2-Brunel_P.Brunel_ETA.nTracks_Brunel-binning_iso.pkl'
Output folder: pidcalib_iso/run2-rdx-2017-md-Mu_nopt_nnknng_ltlt-p_eta_ntracks
[I 260829 04:59:00 make_eff_hists:203] Running PIDCalib2 make_eff_hists with the config:
[I 260829 04:59:00 utils:153] ===============
[I 260829 04:59:00 utils:156] sample         : Turbo17
[I 260829 04:59:00 utils:156] magnet         : down
[I 260829 04:59:00 utils:156] particle       : Mu_nopt
[I 260829 04:59:00 utils:156] pid_cuts       : ['Brunel_MC15TuneV1_ProbNNk<0.2&Brunel_MC15TuneV1_ProbNNghost<0.3']
[I 260829 04:59:00 utils:156] bin_vars       : ['Brunel_P', 'Brunel_ETA', 'nTracks_Brunel']
[I 260829 04:59:00 utils:156] binning_files  : ['./binning_iso.json']
[I 260829 04:59:00 utils:156] output_dir     : pidcalib_iso/run2-rdx-2017-md-Mu_nopt_nnknng_ltlt-p_eta_ntracks
[I 260829 04:59:00 utils:156] verbose        : False
[I 260829 04:59:00 utils:156] version        : 1.5.6
[I 260829 04:59:00 utils:157] ===============
[W 260829 04:59:00 make_eff_hists:207] No --cut specified. Cuts on PID samples should match your sample cuts.
[I 260829 04:59:00 utils:609] 37 calibration files from EOS will be processed
[I 260829 04:59:00 binning:543] Loading binnings from ./binning_iso.json
[W 260829 04:59:00 binning:581] The following custom binnings are not being used: [{'particle': 'Pi', 'bin_var': 'Brunel_P'}, {'particle': 'Pi', 'bin_var': 'Brunel_ETA'}, {'particle': 'Pi', 'bin_var': 'nTracks_Brunel'}, {'particle': 'K', 'bin_var': 'Brunel_P'}, {'particle': 'K', 'bin_var': 'Brunel_ETA'}, {'particle': 'K', 'bin_var': 'nTracks_Brunel'}, {'particle': 'P', 'bin_var': 'Brunel_P'}, {'particle': 'P', 'bin_var': 'Brunel_ETA'}, {'particle': 'P', 'bin_var': 'nTracks_Brunel'}, {'particle': 'e_B_Jpsi', 'bin_var': 'Brunel_P'}, {'particle': 'e_B_Jpsi', 'bin_var': 'Brunel_ETA'}, {'particle': 'e_B_Jpsi', 'bin_var': 'nTracks'}]
[I 260829 05:01:00 utils:819] Processed 37/37 files
[I 260829 05:01:00 utils:966] 58129221/58702484 (99.0%) events passed binning range cut
[I 260829 05:01:00 utils:966] 46914588/58129221 (80.7%) events passed 'Brunel_MC15TuneV1_ProbNNk<0.2&Brunel_MC15TuneV1_ProbNNghost<0.3' cut
[I 260829 05:01:00 make_eff_hists:270] Efficiency histograms saved to 'pidcalib_iso/run2-rdx-2017-md-Mu_nopt_nnknng_ltlt-p_eta_ntracks/effhists-Turbo17-down-Mu_nopt-Brunel_MC15TuneV1_ProbNNk<0.2&Brunel_MC15TuneV1_ProbNNghost<0.3-Brunel_P.Brunel_ETA.nTracks_Brunel-binning_iso.pkl'
Output folder: pidcalib_iso/run2-rdx-2017-md-Mu_nopt_nnp_gt-p_eta_ntracks
[I 260829 05:01:03 make_eff_hists:203] Running PIDCalib2 make_eff_hists with the config:
[I 260829 05:01:03 utils:153] ===============
[I 260829 05:01:03 utils:156] sample         : Turbo17
[I 260829 05:01:03 utils:156] magnet         : down
[I 260829 05:01:03 utils:156] particle       : Mu_nopt
[I 260829 05:01:03 utils:156] pid_cuts       : ['Brunel_MC15TuneV1_ProbNNp>0.4']
[I 260829 05:01:03 utils:156] bin_vars       : ['Brunel_P', 'Brunel_ETA', 'nTracks_Brunel']
[I 260829 05:01:03 utils:156] binning_files  : ['./binning_iso.json']
[I 260829 05:01:03 utils:156] output_dir     : pidcalib_iso/run2-rdx-2017-md-Mu_nopt_nnp_gt-p_eta_ntracks
[I 260829 05:01:03 utils:156] verbose        : False
[I 260829 05:01:03 utils:156] version        : 1.5.6
[I 260829 05:01:03 utils:157] ===============
[W 260829 05:01:03 make_eff_hists:207] No --cut specified. Cuts on PID samples should match your sample cuts.
[I 260829 05:01:03 utils:609] 37 calibration files from EOS will be processed
[I 260829 05:01:03 binning:543] Loading binnings from ./binning_iso.json
[W 260829 05:01:03 binning:581] The following custom binnings are not being used: [{'particle': 'Pi', 'bin_var': 'Brunel_P'}, {'particle': 'Pi', 'bin_var': 'Brunel_ETA'}, {'particle': 'Pi', 'bin_var': 'nTracks_Brunel'}, {'particle': 'K', 'bin_var': 'Brunel_P'}, {'particle': 'K', 'bin_var': 'Brunel_ETA'}, {'particle': 'K', 'bin_var': 'nTracks_Brunel'}, {'particle': 'P', 'bin_var': 'Brunel_P'}, {'particle': 'P', 'bin_var': 'Brunel_ETA'}, {'particle': 'P', 'bin_var': 'nTracks_Brunel'}, {'particle': 'e_B_Jpsi', 'bin_var': 'Brunel_P'}, {'particle': 'e_B_Jpsi', 'bin_var': 'Brunel_ETA'}, {'particle': 'e_B_Jpsi', 'bin_var': 'nTracks'}]
[I 260829 05:02:59 utils:819] Processed 37/37 files
[I 260829 05:02:59 utils:966] 58129221/58702484 (99.0%) events passed binning range cut
[I 260829 05:02:59 utils:966] 5219687/58129221 (9.0%) events passed 'Brunel_MC15TuneV1_ProbNNp>0.4' cut
[W 260829 05:02:59 utils:122] There are 3 negative bins in the 'eff_Brunel_MC15TuneV1_ProbNNp>0.4' efficiency histogram! You might want to change the binning.
[I 260829 05:02:59 make_eff_hists:270] Efficiency histograms saved to 'pidcalib_iso/run2-rdx-2017-md-Mu_nopt_nnp_gt-p_eta_ntracks/effhists-Turbo17-down-Mu_nopt-Brunel_MC15TuneV1_ProbNNp>0.4-Brunel_P.Brunel_ETA.nTracks_Brunel-binning_iso.pkl'
Output folder: pidcalib_iso/run2-rdx-2017-md-Mu_nopt_nnknng_gtlt-p_eta_ntracks
[I 260829 05:03:02 make_eff_hists:203] Running PIDCalib2 make_eff_hists with the config:
[I 260829 05:03:02 utils:153] ===============
[I 260829 05:03:02 utils:156] sample         : Turbo17
[I 260829 05:03:02 utils:156] magnet         : down
[I 260829 05:03:02 utils:156] particle       : Mu_nopt
[I 260829 05:03:02 utils:156] pid_cuts       : ['Brunel_MC15TuneV1_ProbNNk>0.2&Brunel_MC15TuneV1_ProbNNghost<0.3']
[I 260829 05:03:02 utils:156] bin_vars       : ['Brunel_P', 'Brunel_ETA', 'nTracks_Brunel']
[I 260829 05:03:02 utils:156] binning_files  : ['./binning_iso.json']
[I 260829 05:03:02 utils:156] output_dir     : pidcalib_iso/run2-rdx-2017-md-Mu_nopt_nnknng_gtlt-p_eta_ntracks
[I 260829 05:03:02 utils:156] verbose        : False
[I 260829 05:03:02 utils:156] version        : 1.5.6
[I 260829 05:03:02 utils:157] ===============
[W 260829 05:03:02 make_eff_hists:207] No --cut specified. Cuts on PID samples should match your sample cuts.
[I 260829 05:03:02 utils:609] 37 calibration files from EOS will be processed
[I 260829 05:03:02 binning:543] Loading binnings from ./binning_iso.json
[W 260829 05:03:02 binning:581] The following custom binnings are not being used: [{'particle': 'Pi', 'bin_var': 'Brunel_P'}, {'particle': 'Pi', 'bin_var': 'Brunel_ETA'}, {'particle': 'Pi', 'bin_var': 'nTracks_Brunel'}, {'particle': 'K', 'bin_var': 'Brunel_P'}, {'particle': 'K', 'bin_var': 'Brunel_ETA'}, {'particle': 'K', 'bin_var': 'nTracks_Brunel'}, {'particle': 'P', 'bin_var': 'Brunel_P'}, {'particle': 'P', 'bin_var': 'Brunel_ETA'}, {'particle': 'P', 'bin_var': 'nTracks_Brunel'}, {'particle': 'e_B_Jpsi', 'bin_var': 'Brunel_P'}, {'particle': 'e_B_Jpsi', 'bin_var': 'Brunel_ETA'}, {'particle': 'e_B_Jpsi', 'bin_var': 'nTracks'}]
[I 260829 05:05:23 utils:819] Processed 37/37 files
[I 260829 05:05:23 utils:966] 58129221/58702484 (99.0%) events passed binning range cut
[I 260829 05:05:23 utils:966] 7257935/58129221 (12.5%) events passed 'Brunel_MC15TuneV1_ProbNNk>0.2&Brunel_MC15TuneV1_ProbNNghost<0.3' cut
[I 260829 05:05:23 make_eff_hists:270] Efficiency histograms saved to 'pidcalib_iso/run2-rdx-2017-md-Mu_nopt_nnknng_gtlt-p_eta_ntracks/effhists-Turbo17-down-Mu_nopt-Brunel_MC15TuneV1_ProbNNk>0.2&Brunel_MC15TuneV1_ProbNNghost<0.3-Brunel_P.Brunel_ETA.nTracks_Brunel-binning_iso.pkl'
Output folder: pidcalib_iso/run2-rdx-2017-md-Mu_nopt_nnknng_lt02lt02-p_eta_ntracks
[I 260829 05:05:26 make_eff_hists:203] Running PIDCalib2 make_eff_hists with the config:
[I 260829 05:05:26 utils:153] ===============
[I 260829 05:05:26 utils:156] sample         : Turbo17
[I 260829 05:05:26 utils:156] magnet         : down
[I 260829 05:05:26 utils:156] particle       : Mu_nopt
[I 260829 05:05:26 utils:156] pid_cuts       : ['Brunel_MC15TuneV1_ProbNNk<0.2&Brunel_MC15TuneV1_ProbNNghost<0.2']
[I 260829 05:05:26 utils:156] bin_vars       : ['Brunel_P', 'Brunel_ETA', 'nTracks_Brunel']
[I 260829 05:05:26 utils:156] binning_files  : ['./binning_iso.json']
[I 260829 05:05:26 utils:156] output_dir     : pidcalib_iso/run2-rdx-2017-md-Mu_nopt_nnknng_lt02lt02-p_eta_ntracks
[I 260829 05:05:26 utils:156] verbose        : False
[I 260829 05:05:26 utils:156] version        : 1.5.6
[I 260829 05:05:26 utils:157] ===============
[W 260829 05:05:26 make_eff_hists:207] No --cut specified. Cuts on PID samples should match your sample cuts.
[I 260829 05:05:26 utils:609] 37 calibration files from EOS will be processed
[I 260829 05:05:26 binning:543] Loading binnings from ./binning_iso.json
[W 260829 05:05:26 binning:581] The following custom binnings are not being used: [{'particle': 'Pi', 'bin_var': 'Brunel_P'}, {'particle': 'Pi', 'bin_var': 'Brunel_ETA'}, {'particle': 'Pi', 'bin_var': 'nTracks_Brunel'}, {'particle': 'K', 'bin_var': 'Brunel_P'}, {'particle': 'K', 'bin_var': 'Brunel_ETA'}, {'particle': 'K', 'bin_var': 'nTracks_Brunel'}, {'particle': 'P', 'bin_var': 'Brunel_P'}, {'particle': 'P', 'bin_var': 'Brunel_ETA'}, {'particle': 'P', 'bin_var': 'nTracks_Brunel'}, {'particle': 'e_B_Jpsi', 'bin_var': 'Brunel_P'}, {'particle': 'e_B_Jpsi', 'bin_var': 'Brunel_ETA'}, {'particle': 'e_B_Jpsi', 'bin_var': 'nTracks'}]
[I 260829 05:08:11 utils:819] Processed 37/37 files
[I 260829 05:08:11 utils:966] 58129221/58702484 (99.0%) events passed binning range cut
[I 260829 05:08:11 utils:966] 45987397/58129221 (79.1%) events passed 'Brunel_MC15TuneV1_ProbNNk<0.2&Brunel_MC15TuneV1_ProbNNghost<0.2' cut
[I 260829 05:08:11 make_eff_hists:270] Efficiency histograms saved to 'pidcalib_iso/run2-rdx-2017-md-Mu_nopt_nnknng_lt02lt02-p_eta_ntracks/effhists-Turbo17-down-Mu_nopt-Brunel_MC15TuneV1_ProbNNk<0.2&Brunel_MC15TuneV1_ProbNNghost<0.2-Brunel_P.Brunel_ETA.nTracks_Brunel-binning_iso.pkl'
Output folder: pidcalib_iso/run2-rdx-2017-md-e_B_Jpsi_nnpnng_gtlt-p_eta_ntracks
[I 260829 05:08:15 make_eff_hists:203] Running PIDCalib2 make_eff_hists with the config:
[I 260829 05:08:15 utils:153] ===============
[I 260829 05:08:15 utils:156] sample         : Electron17
[I 260829 05:08:15 utils:156] magnet         : down
[I 260829 05:08:15 utils:156] particle       : e_B_Jpsi
[I 260829 05:08:15 utils:156] pid_cuts       : ['Brunel_MC15TuneV1_ProbNNp>0.4&Brunel_MC15TuneV1_ProbNNghost<0.3']
[I 260829 05:08:15 utils:156] bin_vars       : ['Brunel_P', 'Brunel_ETA', 'nTracks']
[I 260829 05:08:15 utils:156] binning_files  : ['./binning_iso.json']
[I 260829 05:08:15 utils:156] output_dir     : pidcalib_iso/run2-rdx-2017-md-e_B_Jpsi_nnpnng_gtlt-p_eta_ntracks
[I 260829 05:08:15 utils:156] verbose        : False
[I 260829 05:08:15 utils:156] version        : 1.5.6
[I 260829 05:08:15 utils:157] ===============
[W 260829 05:08:15 make_eff_hists:207] No --cut specified. Cuts on PID samples should match your sample cuts.
[I 260829 05:08:15 utils:609] 1 calibration files from EOS will be processed
[I 260829 05:08:15 binning:543] Loading binnings from ./binning_iso.json
[W 260829 05:08:15 binning:581] The following custom binnings are not being used: [{'particle': 'Pi', 'bin_var': 'Brunel_P'}, {'particle': 'Pi', 'bin_var': 'Brunel_ETA'}, {'particle': 'Pi', 'bin_var': 'nTracks_Brunel'}, {'particle': 'K', 'bin_var': 'Brunel_P'}, {'particle': 'K', 'bin_var': 'Brunel_ETA'}, {'particle': 'K', 'bin_var': 'nTracks_Brunel'}, {'particle': 'P', 'bin_var': 'Brunel_P'}, {'particle': 'P', 'bin_var': 'Brunel_ETA'}, {'particle': 'P', 'bin_var': 'nTracks_Brunel'}, {'particle': 'Mu_nopt', 'bin_var': 'Brunel_P'}, {'particle': 'Mu_nopt', 'bin_var': 'Brunel_ETA'}, {'particle': 'Mu_nopt', 'bin_var': 'nTracks_Brunel'}]
[I 260829 05:08:18 utils:819] Processed 1/1 files
[I 260829 05:08:18 utils:966] 470463/471467 (99.8%) events passed binning range cut
[I 260829 05:08:18 utils:966] 26266/470463 (5.6%) events passed 'Brunel_MC15TuneV1_ProbNNp>0.4&Brunel_MC15TuneV1_ProbNNghost<0.3' cut
[W 260829 05:08:18 utils:77] There are 6 empty bins in the total histogram! You might want to change the binning.
[W 260829 05:08:18 utils:91] There are 18 non-empty bins with < 10 events in the total histogram! You might want to change the binning.
[W 260829 05:08:18 utils:122] There are 10 negative bins in the 'eff_Brunel_MC15TuneV1_ProbNNp>0.4&Brunel_MC15TuneV1_ProbNNghost<0.3' efficiency histogram! You might want to change the binning.
[W 260829 05:08:18 utils:131] There are 1 bins > 1 in the 'eff_Brunel_MC15TuneV1_ProbNNp>0.4&Brunel_MC15TuneV1_ProbNNghost<0.3' efficiency histogram! You might want to change the binning.
[I 260829 05:08:18 make_eff_hists:270] Efficiency histograms saved to 'pidcalib_iso/run2-rdx-2017-md-e_B_Jpsi_nnpnng_gtlt-p_eta_ntracks/effhists-Electron17-down-e_B_Jpsi-Brunel_MC15TuneV1_ProbNNp>0.4&Brunel_MC15TuneV1_ProbNNghost<0.3-Brunel_P.Brunel_ETA.nTracks-binning_iso.pkl'
Output folder: pidcalib_iso/run2-rdx-2017-md-e_B_Jpsi_nnk_gt-p_eta_ntracks
[I 260829 05:08:21 make_eff_hists:203] Running PIDCalib2 make_eff_hists with the config:
[I 260829 05:08:21 utils:153] ===============
[I 260829 05:08:21 utils:156] sample         : Electron17
[I 260829 05:08:21 utils:156] magnet         : down
[I 260829 05:08:21 utils:156] particle       : e_B_Jpsi
[I 260829 05:08:21 utils:156] pid_cuts       : ['Brunel_MC15TuneV1_ProbNNk>0.2']
[I 260829 05:08:21 utils:156] bin_vars       : ['Brunel_P', 'Brunel_ETA', 'nTracks']
[I 260829 05:08:21 utils:156] binning_files  : ['./binning_iso.json']
[I 260829 05:08:21 utils:156] output_dir     : pidcalib_iso/run2-rdx-2017-md-e_B_Jpsi_nnk_gt-p_eta_ntracks
[I 260829 05:08:21 utils:156] verbose        : False
[I 260829 05:08:21 utils:156] version        : 1.5.6
[I 260829 05:08:21 utils:157] ===============
[W 260829 05:08:21 make_eff_hists:207] No --cut specified. Cuts on PID samples should match your sample cuts.
[I 260829 05:08:21 utils:609] 1 calibration files from EOS will be processed
[I 260829 05:08:21 binning:543] Loading binnings from ./binning_iso.json
[W 260829 05:08:21 binning:581] The following custom binnings are not being used: [{'particle': 'Pi', 'bin_var': 'Brunel_P'}, {'particle': 'Pi', 'bin_var': 'Brunel_ETA'}, {'particle': 'Pi', 'bin_var': 'nTracks_Brunel'}, {'particle': 'K', 'bin_var': 'Brunel_P'}, {'particle': 'K', 'bin_var': 'Brunel_ETA'}, {'particle': 'K', 'bin_var': 'nTracks_Brunel'}, {'particle': 'P', 'bin_var': 'Brunel_P'}, {'particle': 'P', 'bin_var': 'Brunel_ETA'}, {'particle': 'P', 'bin_var': 'nTracks_Brunel'}, {'particle': 'Mu_nopt', 'bin_var': 'Brunel_P'}, {'particle': 'Mu_nopt', 'bin_var': 'Brunel_ETA'}, {'particle': 'Mu_nopt', 'bin_var': 'nTracks_Brunel'}]
[I 260829 05:08:22 utils:819] Processed 1/1 files
[I 260829 05:08:22 utils:966] 470463/471467 (99.8%) events passed binning range cut
[I 260829 05:08:22 utils:966] 74304/470463 (15.8%) events passed 'Brunel_MC15TuneV1_ProbNNk>0.2' cut
[W 260829 05:08:22 utils:77] There are 6 empty bins in the total histogram! You might want to change the binning.
[W 260829 05:08:22 utils:91] There are 18 non-empty bins with < 10 events in the total histogram! You might want to change the binning.
[W 260829 05:08:22 utils:122] There are 5 negative bins in the 'eff_Brunel_MC15TuneV1_ProbNNk>0.2' efficiency histogram! You might want to change the binning.
[W 260829 05:08:22 utils:131] There are 3 bins > 1 in the 'eff_Brunel_MC15TuneV1_ProbNNk>0.2' efficiency histogram! You might want to change the binning.
[I 260829 05:08:22 make_eff_hists:270] Efficiency histograms saved to 'pidcalib_iso/run2-rdx-2017-md-e_B_Jpsi_nnk_gt-p_eta_ntracks/effhists-Electron17-down-e_B_Jpsi-Brunel_MC15TuneV1_ProbNNk>0.2-Brunel_P.Brunel_ETA.nTracks-binning_iso.pkl'
Output folder: pidcalib_iso/run2-rdx-2017-md-e_B_Jpsi_nnknng_gt02lt02-p_eta_ntracks
[I 260829 05:08:24 make_eff_hists:203] Running PIDCalib2 make_eff_hists with the config:
[I 260829 05:08:24 utils:153] ===============
[I 260829 05:08:24 utils:156] sample         : Electron17
[I 260829 05:08:24 utils:156] magnet         : down
[I 260829 05:08:24 utils:156] particle       : e_B_Jpsi
[I 260829 05:08:24 utils:156] pid_cuts       : ['Brunel_MC15TuneV1_ProbNNk>0.2&Brunel_MC15TuneV1_ProbNNghost<0.2']
[I 260829 05:08:24 utils:156] bin_vars       : ['Brunel_P', 'Brunel_ETA', 'nTracks']
[I 260829 05:08:24 utils:156] binning_files  : ['./binning_iso.json']
[I 260829 05:08:24 utils:156] output_dir     : pidcalib_iso/run2-rdx-2017-md-e_B_Jpsi_nnknng_gt02lt02-p_eta_ntracks
[I 260829 05:08:24 utils:156] verbose        : False
[I 260829 05:08:24 utils:156] version        : 1.5.6
[I 260829 05:08:24 utils:157] ===============
[W 260829 05:08:24 make_eff_hists:207] No --cut specified. Cuts on PID samples should match your sample cuts.
[I 260829 05:08:24 utils:609] 1 calibration files from EOS will be processed
[I 260829 05:08:24 binning:543] Loading binnings from ./binning_iso.json
[W 260829 05:08:24 binning:581] The following custom binnings are not being used: [{'particle': 'Pi', 'bin_var': 'Brunel_P'}, {'particle': 'Pi', 'bin_var': 'Brunel_ETA'}, {'particle': 'Pi', 'bin_var': 'nTracks_Brunel'}, {'particle': 'K', 'bin_var': 'Brunel_P'}, {'particle': 'K', 'bin_var': 'Brunel_ETA'}, {'particle': 'K', 'bin_var': 'nTracks_Brunel'}, {'particle': 'P', 'bin_var': 'Brunel_P'}, {'particle': 'P', 'bin_var': 'Brunel_ETA'}, {'particle': 'P', 'bin_var': 'nTracks_Brunel'}, {'particle': 'Mu_nopt', 'bin_var': 'Brunel_P'}, {'particle': 'Mu_nopt', 'bin_var': 'Brunel_ETA'}, {'particle': 'Mu_nopt', 'bin_var': 'nTracks_Brunel'}]
[I 260829 05:08:24 utils:819] Processed 1/1 files
[I 260829 05:08:24 utils:966] 470463/471467 (99.8%) events passed binning range cut
[I 260829 05:08:24 utils:966] 60837/470463 (12.9%) events passed 'Brunel_MC15TuneV1_ProbNNk>0.2&Brunel_MC15TuneV1_ProbNNghost<0.2' cut
[W 260829 05:08:24 utils:77] There are 6 empty bins in the total histogram! You might want to change the binning.
[W 260829 05:08:24 utils:91] There are 18 non-empty bins with < 10 events in the total histogram! You might want to change the binning.
[W 260829 05:08:24 utils:122] There are 6 negative bins in the 'eff_Brunel_MC15TuneV1_ProbNNk>0.2&Brunel_MC15TuneV1_ProbNNghost<0.2' efficiency histogram! You might want to change the binning.
[W 260829 05:08:24 utils:131] There are 2 bins > 1 in the 'eff_Brunel_MC15TuneV1_ProbNNk>0.2&Brunel_MC15TuneV1_ProbNNghost<0.2' efficiency histogram! You might want to change the binning.
[I 260829 05:08:24 make_eff_hists:270] Efficiency histograms saved to 'pidcalib_iso/run2-rdx-2017-md-e_B_Jpsi_nnknng_gt02lt02-p_eta_ntracks/effhists-Electron17-down-e_B_Jpsi-Brunel_MC15TuneV1_ProbNNk>0.2&Brunel_MC15TuneV1_ProbNNghost<0.2-Brunel_P.Brunel_ETA.nTracks-binning_iso.pkl'
Output folder: pidcalib_iso/run2-rdx-2017-md-e_B_Jpsi_nnknng_ltlt-p_eta_ntracks
[I 260829 05:08:27 make_eff_hists:203] Running PIDCalib2 make_eff_hists with the config:
[I 260829 05:08:27 utils:153] ===============
[I 260829 05:08:27 utils:156] sample         : Electron17
[I 260829 05:08:27 utils:156] magnet         : down
[I 260829 05:08:27 utils:156] particle       : e_B_Jpsi
[I 260829 05:08:27 utils:156] pid_cuts       : ['Brunel_MC15TuneV1_ProbNNk<0.2&Brunel_MC15TuneV1_ProbNNghost<0.3']
[I 260829 05:08:27 utils:156] bin_vars       : ['Brunel_P', 'Brunel_ETA', 'nTracks']
[I 260829 05:08:27 utils:156] binning_files  : ['./binning_iso.json']
[I 260829 05:08:27 utils:156] output_dir     : pidcalib_iso/run2-rdx-2017-md-e_B_Jpsi_nnknng_ltlt-p_eta_ntracks
[I 260829 05:08:27 utils:156] verbose        : False
[I 260829 05:08:27 utils:156] version        : 1.5.6
[I 260829 05:08:27 utils:157] ===============
[W 260829 05:08:27 make_eff_hists:207] No --cut specified. Cuts on PID samples should match your sample cuts.
[I 260829 05:08:27 utils:609] 1 calibration files from EOS will be processed
[I 260829 05:08:27 binning:543] Loading binnings from ./binning_iso.json
[W 260829 05:08:27 binning:581] The following custom binnings are not being used: [{'particle': 'Pi', 'bin_var': 'Brunel_P'}, {'particle': 'Pi', 'bin_var': 'Brunel_ETA'}, {'particle': 'Pi', 'bin_var': 'nTracks_Brunel'}, {'particle': 'K', 'bin_var': 'Brunel_P'}, {'particle': 'K', 'bin_var': 'Brunel_ETA'}, {'particle': 'K', 'bin_var': 'nTracks_Brunel'}, {'particle': 'P', 'bin_var': 'Brunel_P'}, {'particle': 'P', 'bin_var': 'Brunel_ETA'}, {'particle': 'P', 'bin_var': 'nTracks_Brunel'}, {'particle': 'Mu_nopt', 'bin_var': 'Brunel_P'}, {'particle': 'Mu_nopt', 'bin_var': 'Brunel_ETA'}, {'particle': 'Mu_nopt', 'bin_var': 'nTracks_Brunel'}]
[I 260829 05:08:27 utils:819] Processed 1/1 files
[I 260829 05:08:27 utils:966] 470463/471467 (99.8%) events passed binning range cut
[I 260829 05:08:27 utils:966] 339398/470463 (72.1%) events passed 'Brunel_MC15TuneV1_ProbNNk<0.2&Brunel_MC15TuneV1_ProbNNghost<0.3' cut
[W 260829 05:08:27 utils:77] There are 6 empty bins in the total histogram! You might want to change the binning.
[W 260829 05:08:27 utils:91] There are 18 non-empty bins with < 10 events in the total histogram! You might want to change the binning.
[W 260829 05:08:27 utils:122] There are 3 negative bins in the 'eff_Brunel_MC15TuneV1_ProbNNk<0.2&Brunel_MC15TuneV1_ProbNNghost<0.3' efficiency histogram! You might want to change the binning.
[W 260829 05:08:27 utils:131] There are 1 bins > 1 in the 'eff_Brunel_MC15TuneV1_ProbNNk<0.2&Brunel_MC15TuneV1_ProbNNghost<0.3' efficiency histogram! You might want to change the binning.
[I 260829 05:08:27 make_eff_hists:270] Efficiency histograms saved to 'pidcalib_iso/run2-rdx-2017-md-e_B_Jpsi_nnknng_ltlt-p_eta_ntracks/effhists-Electron17-down-e_B_Jpsi-Brunel_MC15TuneV1_ProbNNk<0.2&Brunel_MC15TuneV1_ProbNNghost<0.3-Brunel_P.Brunel_ETA.nTracks-binning_iso.pkl'
Output folder: pidcalib_iso/run2-rdx-2017-md-e_B_Jpsi_nnp_gt-p_eta_ntracks
[I 260829 05:08:30 make_eff_hists:203] Running PIDCalib2 make_eff_hists with the config:
[I 260829 05:08:30 utils:153] ===============
[I 260829 05:08:30 utils:156] sample         : Electron17
[I 260829 05:08:30 utils:156] magnet         : down
[I 260829 05:08:30 utils:156] particle       : e_B_Jpsi
[I 260829 05:08:30 utils:156] pid_cuts       : ['Brunel_MC15TuneV1_ProbNNp>0.4']
[I 260829 05:08:30 utils:156] bin_vars       : ['Brunel_P', 'Brunel_ETA', 'nTracks']
[I 260829 05:08:30 utils:156] binning_files  : ['./binning_iso.json']
[I 260829 05:08:30 utils:156] output_dir     : pidcalib_iso/run2-rdx-2017-md-e_B_Jpsi_nnp_gt-p_eta_ntracks
[I 260829 05:08:30 utils:156] verbose        : False
[I 260829 05:08:30 utils:156] version        : 1.5.6
[I 260829 05:08:30 utils:157] ===============
[W 260829 05:08:30 make_eff_hists:207] No --cut specified. Cuts on PID samples should match your sample cuts.
[I 260829 05:08:30 utils:609] 1 calibration files from EOS will be processed
[I 260829 05:08:30 binning:543] Loading binnings from ./binning_iso.json
[W 260829 05:08:30 binning:581] The following custom binnings are not being used: [{'particle': 'Pi', 'bin_var': 'Brunel_P'}, {'particle': 'Pi', 'bin_var': 'Brunel_ETA'}, {'particle': 'Pi', 'bin_var': 'nTracks_Brunel'}, {'particle': 'K', 'bin_var': 'Brunel_P'}, {'particle': 'K', 'bin_var': 'Brunel_ETA'}, {'particle': 'K', 'bin_var': 'nTracks_Brunel'}, {'particle': 'P', 'bin_var': 'Brunel_P'}, {'particle': 'P', 'bin_var': 'Brunel_ETA'}, {'particle': 'P', 'bin_var': 'nTracks_Brunel'}, {'particle': 'Mu_nopt', 'bin_var': 'Brunel_P'}, {'particle': 'Mu_nopt', 'bin_var': 'Brunel_ETA'}, {'particle': 'Mu_nopt', 'bin_var': 'nTracks_Brunel'}]
[I 260829 05:08:32 utils:819] Processed 1/1 files
[I 260829 05:08:32 utils:966] 470463/471467 (99.8%) events passed binning range cut
[I 260829 05:08:32 utils:966] 29527/470463 (6.3%) events passed 'Brunel_MC15TuneV1_ProbNNp>0.4' cut
[W 260829 05:08:32 utils:77] There are 6 empty bins in the total histogram! You might want to change the binning.
[W 260829 05:08:32 utils:91] There are 18 non-empty bins with < 10 events in the total histogram! You might want to change the binning.
[W 260829 05:08:32 utils:122] There are 9 negative bins in the 'eff_Brunel_MC15TuneV1_ProbNNp>0.4' efficiency histogram! You might want to change the binning.
[W 260829 05:08:32 utils:131] There are 1 bins > 1 in the 'eff_Brunel_MC15TuneV1_ProbNNp>0.4' efficiency histogram! You might want to change the binning.
[I 260829 05:08:32 make_eff_hists:270] Efficiency histograms saved to 'pidcalib_iso/run2-rdx-2017-md-e_B_Jpsi_nnp_gt-p_eta_ntracks/effhists-Electron17-down-e_B_Jpsi-Brunel_MC15TuneV1_ProbNNp>0.4-Brunel_P.Brunel_ETA.nTracks-binning_iso.pkl'
Output folder: pidcalib_iso/run2-rdx-2017-md-e_B_Jpsi_nnknng_gtlt-p_eta_ntracks
[I 260829 05:08:35 make_eff_hists:203] Running PIDCalib2 make_eff_hists with the config:
[I 260829 05:08:35 utils:153] ===============
[I 260829 05:08:35 utils:156] sample         : Electron17
[I 260829 05:08:35 utils:156] magnet         : down
[I 260829 05:08:35 utils:156] particle       : e_B_Jpsi
[I 260829 05:08:35 utils:156] pid_cuts       : ['Brunel_MC15TuneV1_ProbNNk>0.2&Brunel_MC15TuneV1_ProbNNghost<0.3']
[I 260829 05:08:35 utils:156] bin_vars       : ['Brunel_P', 'Brunel_ETA', 'nTracks']
[I 260829 05:08:35 utils:156] binning_files  : ['./binning_iso.json']
[I 260829 05:08:35 utils:156] output_dir     : pidcalib_iso/run2-rdx-2017-md-e_B_Jpsi_nnknng_gtlt-p_eta_ntracks
[I 260829 05:08:35 utils:156] verbose        : False
[I 260829 05:08:35 utils:156] version        : 1.5.6
[I 260829 05:08:35 utils:157] ===============
[W 260829 05:08:35 make_eff_hists:207] No --cut specified. Cuts on PID samples should match your sample cuts.
[I 260829 05:08:35 utils:609] 1 calibration files from EOS will be processed
[I 260829 05:08:35 binning:543] Loading binnings from ./binning_iso.json
[W 260829 05:08:35 binning:581] The following custom binnings are not being used: [{'particle': 'Pi', 'bin_var': 'Brunel_P'}, {'particle': 'Pi', 'bin_var': 'Brunel_ETA'}, {'particle': 'Pi', 'bin_var': 'nTracks_Brunel'}, {'particle': 'K', 'bin_var': 'Brunel_P'}, {'particle': 'K', 'bin_var': 'Brunel_ETA'}, {'particle': 'K', 'bin_var': 'nTracks_Brunel'}, {'particle': 'P', 'bin_var': 'Brunel_P'}, {'particle': 'P', 'bin_var': 'Brunel_ETA'}, {'particle': 'P', 'bin_var': 'nTracks_Brunel'}, {'particle': 'Mu_nopt', 'bin_var': 'Brunel_P'}, {'particle': 'Mu_nopt', 'bin_var': 'Brunel_ETA'}, {'particle': 'Mu_nopt', 'bin_var': 'nTracks_Brunel'}]
[I 260829 05:08:35 utils:819] Processed 1/1 files
[I 260829 05:08:35 utils:966] 470463/471467 (99.8%) events passed binning range cut
[I 260829 05:08:35 utils:966] 64455/470463 (13.7%) events passed 'Brunel_MC15TuneV1_ProbNNk>0.2&Brunel_MC15TuneV1_ProbNNghost<0.3' cut
[W 260829 05:08:35 utils:77] There are 6 empty bins in the total histogram! You might want to change the binning.
[W 260829 05:08:35 utils:91] There are 18 non-empty bins with < 10 events in the total histogram! You might want to change the binning.
[W 260829 05:08:35 utils:122] There are 5 negative bins in the 'eff_Brunel_MC15TuneV1_ProbNNk>0.2&Brunel_MC15TuneV1_ProbNNghost<0.3' efficiency histogram! You might want to change the binning.
[W 260829 05:08:35 utils:131] There are 3 bins > 1 in the 'eff_Brunel_MC15TuneV1_ProbNNk>0.2&Brunel_MC15TuneV1_ProbNNghost<0.3' efficiency histogram! You might want to change the binning.
[I 260829 05:08:35 make_eff_hists:270] Efficiency histograms saved to 'pidcalib_iso/run2-rdx-2017-md-e_B_Jpsi_nnknng_gtlt-p_eta_ntracks/effhists-Electron17-down-e_B_Jpsi-Brunel_MC15TuneV1_ProbNNk>0.2&Brunel_MC15TuneV1_ProbNNghost<0.3-Brunel_P.Brunel_ETA.nTracks-binning_iso.pkl'
Output folder: pidcalib_iso/run2-rdx-2017-md-e_B_Jpsi_nnknng_lt02lt02-p_eta_ntracks
[I 260829 05:08:37 make_eff_hists:203] Running PIDCalib2 make_eff_hists with the config:
[I 260829 05:08:37 utils:153] ===============
[I 260829 05:08:37 utils:156] sample         : Electron17
[I 260829 05:08:37 utils:156] magnet         : down
[I 260829 05:08:37 utils:156] particle       : e_B_Jpsi
[I 260829 05:08:37 utils:156] pid_cuts       : ['Brunel_MC15TuneV1_ProbNNk<0.2&Brunel_MC15TuneV1_ProbNNghost<0.2']
[I 260829 05:08:37 utils:156] bin_vars       : ['Brunel_P', 'Brunel_ETA', 'nTracks']
[I 260829 05:08:37 utils:156] binning_files  : ['./binning_iso.json']
[I 260829 05:08:37 utils:156] output_dir     : pidcalib_iso/run2-rdx-2017-md-e_B_Jpsi_nnknng_lt02lt02-p_eta_ntracks
[I 260829 05:08:37 utils:156] verbose        : False
[I 260829 05:08:37 utils:156] version        : 1.5.6
[I 260829 05:08:37 utils:157] ===============
[W 260829 05:08:37 make_eff_hists:207] No --cut specified. Cuts on PID samples should match your sample cuts.
[I 260829 05:08:37 utils:609] 1 calibration files from EOS will be processed
[I 260829 05:08:37 binning:543] Loading binnings from ./binning_iso.json
[W 260829 05:08:37 binning:581] The following custom binnings are not being used: [{'particle': 'Pi', 'bin_var': 'Brunel_P'}, {'particle': 'Pi', 'bin_var': 'Brunel_ETA'}, {'particle': 'Pi', 'bin_var': 'nTracks_Brunel'}, {'particle': 'K', 'bin_var': 'Brunel_P'}, {'particle': 'K', 'bin_var': 'Brunel_ETA'}, {'particle': 'K', 'bin_var': 'nTracks_Brunel'}, {'particle': 'P', 'bin_var': 'Brunel_P'}, {'particle': 'P', 'bin_var': 'Brunel_ETA'}, {'particle': 'P', 'bin_var': 'nTracks_Brunel'}, {'particle': 'Mu_nopt', 'bin_var': 'Brunel_P'}, {'particle': 'Mu_nopt', 'bin_var': 'Brunel_ETA'}, {'particle': 'Mu_nopt', 'bin_var': 'nTracks_Brunel'}]
[I 260829 05:08:39 utils:819] Processed 1/1 files
[I 260829 05:08:39 utils:966] 470463/471467 (99.8%) events passed binning range cut
[I 260829 05:08:39 utils:966] 322611/470463 (68.6%) events passed 'Brunel_MC15TuneV1_ProbNNk<0.2&Brunel_MC15TuneV1_ProbNNghost<0.2' cut
[W 260829 05:08:39 utils:77] There are 6 empty bins in the total histogram! You might want to change the binning.
[W 260829 05:08:39 utils:91] There are 18 non-empty bins with < 10 events in the total histogram! You might want to change the binning.
[W 260829 05:08:39 utils:122] There are 3 negative bins in the 'eff_Brunel_MC15TuneV1_ProbNNk<0.2&Brunel_MC15TuneV1_ProbNNghost<0.2' efficiency histogram! You might want to change the binning.
[W 260829 05:08:39 utils:131] There are 1 bins > 1 in the 'eff_Brunel_MC15TuneV1_ProbNNk<0.2&Brunel_MC15TuneV1_ProbNNghost<0.2' efficiency histogram! You might want to change the binning.
[I 260829 05:08:39 make_eff_hists:270] Efficiency histograms saved to 'pidcalib_iso/run2-rdx-2017-md-e_B_Jpsi_nnknng_lt02lt02-p_eta_ntracks/effhists-Electron17-down-e_B_Jpsi-Brunel_MC15TuneV1_ProbNNk<0.2&Brunel_MC15TuneV1_ProbNNghost<0.2-Brunel_P.Brunel_ETA.nTracks-binning_iso.pkl'
Output folder: pidcalib_iso/run2-rdx-2017-mu-K_nnpnng_gtlt-p_eta_ntracks
[I 260829 05:08:42 make_eff_hists:203] Running PIDCalib2 make_eff_hists with the config:
[I 260829 05:08:42 utils:153] ===============
[I 260829 05:08:42 utils:156] sample         : Turbo17
[I 260829 05:08:42 utils:156] magnet         : up
[I 260829 05:08:42 utils:156] particle       : K
[I 260829 05:08:42 utils:156] pid_cuts       : ['Brunel_MC15TuneV1_ProbNNp>0.4&Brunel_MC15TuneV1_ProbNNghost<0.3']
[I 260829 05:08:42 utils:156] bin_vars       : ['Brunel_P', 'Brunel_ETA', 'nTracks_Brunel']
[I 260829 05:08:42 utils:156] binning_files  : ['./binning_iso.json']
[I 260829 05:08:42 utils:156] output_dir     : pidcalib_iso/run2-rdx-2017-mu-K_nnpnng_gtlt-p_eta_ntracks
[I 260829 05:08:42 utils:156] verbose        : False
[I 260829 05:08:42 utils:156] version        : 1.5.6
[I 260829 05:08:42 utils:157] ===============
[W 260829 05:08:42 make_eff_hists:207] No --cut specified. Cuts on PID samples should match your sample cuts.
[I 260829 05:08:44 utils:609] 312 calibration files from EOS will be processed
[I 260829 05:08:44 binning:543] Loading binnings from ./binning_iso.json
[W 260829 05:08:44 binning:581] The following custom binnings are not being used: [{'particle': 'Pi', 'bin_var': 'Brunel_P'}, {'particle': 'Pi', 'bin_var': 'Brunel_ETA'}, {'particle': 'Pi', 'bin_var': 'nTracks_Brunel'}, {'particle': 'P', 'bin_var': 'Brunel_P'}, {'particle': 'P', 'bin_var': 'Brunel_ETA'}, {'particle': 'P', 'bin_var': 'nTracks_Brunel'}, {'particle': 'Mu_nopt', 'bin_var': 'Brunel_P'}, {'particle': 'Mu_nopt', 'bin_var': 'Brunel_ETA'}, {'particle': 'Mu_nopt', 'bin_var': 'nTracks_Brunel'}, {'particle': 'e_B_Jpsi', 'bin_var': 'Brunel_P'}, {'particle': 'e_B_Jpsi', 'bin_var': 'Brunel_ETA'}, {'particle': 'e_B_Jpsi', 'bin_var': 'nTracks'}]
[I 260829 05:14:27 utils:819] Processed 312/312 files
[I 260829 05:14:27 utils:966] 117406675/119514698 (98.2%) events passed binning range cut
[I 260829 05:14:27 utils:966] 17348296/117406675 (14.8%) events passed 'Brunel_MC15TuneV1_ProbNNp>0.4&Brunel_MC15TuneV1_ProbNNghost<0.3' cut
[I 260829 05:14:27 make_eff_hists:270] Efficiency histograms saved to 'pidcalib_iso/run2-rdx-2017-mu-K_nnpnng_gtlt-p_eta_ntracks/effhists-Turbo17-up-K-Brunel_MC15TuneV1_ProbNNp>0.4&Brunel_MC15TuneV1_ProbNNghost<0.3-Brunel_P.Brunel_ETA.nTracks_Brunel-binning_iso.pkl'
Output folder: pidcalib_iso/run2-rdx-2017-mu-K_nnk_gt-p_eta_ntracks
[I 260829 05:14:31 make_eff_hists:203] Running PIDCalib2 make_eff_hists with the config:
[I 260829 05:14:31 utils:153] ===============
[I 260829 05:14:31 utils:156] sample         : Turbo17
[I 260829 05:14:31 utils:156] magnet         : up
[I 260829 05:14:31 utils:156] particle       : K
[I 260829 05:14:31 utils:156] pid_cuts       : ['Brunel_MC15TuneV1_ProbNNk>0.2']
[I 260829 05:14:31 utils:156] bin_vars       : ['Brunel_P', 'Brunel_ETA', 'nTracks_Brunel']
[I 260829 05:14:31 utils:156] binning_files  : ['./binning_iso.json']
[I 260829 05:14:31 utils:156] output_dir     : pidcalib_iso/run2-rdx-2017-mu-K_nnk_gt-p_eta_ntracks
[I 260829 05:14:31 utils:156] verbose        : False
[I 260829 05:14:31 utils:156] version        : 1.5.6
[I 260829 05:14:31 utils:157] ===============
[W 260829 05:14:31 make_eff_hists:207] No --cut specified. Cuts on PID samples should match your sample cuts.
[I 260829 05:14:31 utils:609] 312 calibration files from EOS will be processed
[I 260829 05:14:31 binning:543] Loading binnings from ./binning_iso.json
[W 260829 05:14:31 binning:581] The following custom binnings are not being used: [{'particle': 'Pi', 'bin_var': 'Brunel_P'}, {'particle': 'Pi', 'bin_var': 'Brunel_ETA'}, {'particle': 'Pi', 'bin_var': 'nTracks_Brunel'}, {'particle': 'P', 'bin_var': 'Brunel_P'}, {'particle': 'P', 'bin_var': 'Brunel_ETA'}, {'particle': 'P', 'bin_var': 'nTracks_Brunel'}, {'particle': 'Mu_nopt', 'bin_var': 'Brunel_P'}, {'particle': 'Mu_nopt', 'bin_var': 'Brunel_ETA'}, {'particle': 'Mu_nopt', 'bin_var': 'nTracks_Brunel'}, {'particle': 'e_B_Jpsi', 'bin_var': 'Brunel_P'}, {'particle': 'e_B_Jpsi', 'bin_var': 'Brunel_ETA'}, {'particle': 'e_B_Jpsi', 'bin_var': 'nTracks'}]
[I 260829 05:20:08 utils:819] Processed 312/312 files
[I 260829 05:20:08 utils:966] 117406675/119514698 (98.2%) events passed binning range cut
[I 260829 05:20:08 utils:966] 103963818/117406675 (88.6%) events passed 'Brunel_MC15TuneV1_ProbNNk>0.2' cut
[I 260829 05:20:08 make_eff_hists:270] Efficiency histograms saved to 'pidcalib_iso/run2-rdx-2017-mu-K_nnk_gt-p_eta_ntracks/effhists-Turbo17-up-K-Brunel_MC15TuneV1_ProbNNk>0.2-Brunel_P.Brunel_ETA.nTracks_Brunel-binning_iso.pkl'
Output folder: pidcalib_iso/run2-rdx-2017-mu-K_nnknng_gt02lt02-p_eta_ntracks
[I 260829 05:20:11 make_eff_hists:203] Running PIDCalib2 make_eff_hists with the config:
[I 260829 05:20:11 utils:153] ===============
[I 260829 05:20:11 utils:156] sample         : Turbo17
[I 260829 05:20:11 utils:156] magnet         : up
[I 260829 05:20:11 utils:156] particle       : K
[I 260829 05:20:11 utils:156] pid_cuts       : ['Brunel_MC15TuneV1_ProbNNk>0.2&Brunel_MC15TuneV1_ProbNNghost<0.2']
[I 260829 05:20:11 utils:156] bin_vars       : ['Brunel_P', 'Brunel_ETA', 'nTracks_Brunel']
[I 260829 05:20:11 utils:156] binning_files  : ['./binning_iso.json']
[I 260829 05:20:11 utils:156] output_dir     : pidcalib_iso/run2-rdx-2017-mu-K_nnknng_gt02lt02-p_eta_ntracks
[I 260829 05:20:11 utils:156] verbose        : False
[I 260829 05:20:11 utils:156] version        : 1.5.6
[I 260829 05:20:11 utils:157] ===============
[W 260829 05:20:11 make_eff_hists:207] No --cut specified. Cuts on PID samples should match your sample cuts.
[I 260829 05:20:12 utils:609] 312 calibration files from EOS will be processed
[I 260829 05:20:12 binning:543] Loading binnings from ./binning_iso.json
[W 260829 05:20:12 binning:581] The following custom binnings are not being used: [{'particle': 'Pi', 'bin_var': 'Brunel_P'}, {'particle': 'Pi', 'bin_var': 'Brunel_ETA'}, {'particle': 'Pi', 'bin_var': 'nTracks_Brunel'}, {'particle': 'P', 'bin_var': 'Brunel_P'}, {'particle': 'P', 'bin_var': 'Brunel_ETA'}, {'particle': 'P', 'bin_var': 'nTracks_Brunel'}, {'particle': 'Mu_nopt', 'bin_var': 'Brunel_P'}, {'particle': 'Mu_nopt', 'bin_var': 'Brunel_ETA'}, {'particle': 'Mu_nopt', 'bin_var': 'nTracks_Brunel'}, {'particle': 'e_B_Jpsi', 'bin_var': 'Brunel_P'}, {'particle': 'e_B_Jpsi', 'bin_var': 'Brunel_ETA'}, {'particle': 'e_B_Jpsi', 'bin_var': 'nTracks'}]
[I 260829 05:26:03 utils:819] Processed 312/312 files
[I 260829 05:26:03 utils:966] 117406675/119514698 (98.2%) events passed binning range cut
[I 260829 05:26:03 utils:966] 99846774/117406675 (85.0%) events passed 'Brunel_MC15TuneV1_ProbNNk>0.2&Brunel_MC15TuneV1_ProbNNghost<0.2' cut
[I 260829 05:26:03 make_eff_hists:270] Efficiency histograms saved to 'pidcalib_iso/run2-rdx-2017-mu-K_nnknng_gt02lt02-p_eta_ntracks/effhists-Turbo17-up-K-Brunel_MC15TuneV1_ProbNNk>0.2&Brunel_MC15TuneV1_ProbNNghost<0.2-Brunel_P.Brunel_ETA.nTracks_Brunel-binning_iso.pkl'
Output folder: pidcalib_iso/run2-rdx-2017-mu-K_nnknng_ltlt-p_eta_ntracks
[I 260829 05:26:07 make_eff_hists:203] Running PIDCalib2 make_eff_hists with the config:
[I 260829 05:26:07 utils:153] ===============
[I 260829 05:26:07 utils:156] sample         : Turbo17
[I 260829 05:26:07 utils:156] magnet         : up
[I 260829 05:26:07 utils:156] particle       : K
[I 260829 05:26:07 utils:156] pid_cuts       : ['Brunel_MC15TuneV1_ProbNNk<0.2&Brunel_MC15TuneV1_ProbNNghost<0.3']
[I 260829 05:26:07 utils:156] bin_vars       : ['Brunel_P', 'Brunel_ETA', 'nTracks_Brunel']
[I 260829 05:26:07 utils:156] binning_files  : ['./binning_iso.json']
[I 260829 05:26:07 utils:156] output_dir     : pidcalib_iso/run2-rdx-2017-mu-K_nnknng_ltlt-p_eta_ntracks
[I 260829 05:26:07 utils:156] verbose        : False
[I 260829 05:26:07 utils:156] version        : 1.5.6
[I 260829 05:26:07 utils:157] ===============
[W 260829 05:26:07 make_eff_hists:207] No --cut specified. Cuts on PID samples should match your sample cuts.
[I 260829 05:26:07 utils:609] 312 calibration files from EOS will be processed
[I 260829 05:26:07 binning:543] Loading binnings from ./binning_iso.json
[W 260829 05:26:07 binning:581] The following custom binnings are not being used: [{'particle': 'Pi', 'bin_var': 'Brunel_P'}, {'particle': 'Pi', 'bin_var': 'Brunel_ETA'}, {'particle': 'Pi', 'bin_var': 'nTracks_Brunel'}, {'particle': 'P', 'bin_var': 'Brunel_P'}, {'particle': 'P', 'bin_var': 'Brunel_ETA'}, {'particle': 'P', 'bin_var': 'nTracks_Brunel'}, {'particle': 'Mu_nopt', 'bin_var': 'Brunel_P'}, {'particle': 'Mu_nopt', 'bin_var': 'Brunel_ETA'}, {'particle': 'Mu_nopt', 'bin_var': 'nTracks_Brunel'}, {'particle': 'e_B_Jpsi', 'bin_var': 'Brunel_P'}, {'particle': 'e_B_Jpsi', 'bin_var': 'Brunel_ETA'}, {'particle': 'e_B_Jpsi', 'bin_var': 'nTracks'}]
[I 260829 05:32:10 utils:819] Processed 312/312 files
[I 260829 05:32:10 utils:966] 117406675/119514698 (98.2%) events passed binning range cut
[I 260829 05:32:10 utils:966] 12186295/117406675 (10.4%) events passed 'Brunel_MC15TuneV1_ProbNNk<0.2&Brunel_MC15TuneV1_ProbNNghost<0.3' cut
[I 260829 05:32:10 make_eff_hists:270] Efficiency histograms saved to 'pidcalib_iso/run2-rdx-2017-mu-K_nnknng_ltlt-p_eta_ntracks/effhists-Turbo17-up-K-Brunel_MC15TuneV1_ProbNNk<0.2&Brunel_MC15TuneV1_ProbNNghost<0.3-Brunel_P.Brunel_ETA.nTracks_Brunel-binning_iso.pkl'
Output folder: pidcalib_iso/run2-rdx-2017-mu-K_nnp_gt-p_eta_ntracks
[I 260829 05:32:13 make_eff_hists:203] Running PIDCalib2 make_eff_hists with the config:
[I 260829 05:32:13 utils:153] ===============
[I 260829 05:32:13 utils:156] sample         : Turbo17
[I 260829 05:32:13 utils:156] magnet         : up
[I 260829 05:32:13 utils:156] particle       : K
[I 260829 05:32:13 utils:156] pid_cuts       : ['Brunel_MC15TuneV1_ProbNNp>0.4']
[I 260829 05:32:13 utils:156] bin_vars       : ['Brunel_P', 'Brunel_ETA', 'nTracks_Brunel']
[I 260829 05:32:13 utils:156] binning_files  : ['./binning_iso.json']
[I 260829 05:32:13 utils:156] output_dir     : pidcalib_iso/run2-rdx-2017-mu-K_nnp_gt-p_eta_ntracks
[I 260829 05:32:13 utils:156] verbose        : False
[I 260829 05:32:13 utils:156] version        : 1.5.6
[I 260829 05:32:13 utils:157] ===============
[W 260829 05:32:13 make_eff_hists:207] No --cut specified. Cuts on PID samples should match your sample cuts.
[I 260829 05:32:14 utils:609] 312 calibration files from EOS will be processed
[I 260829 05:32:14 binning:543] Loading binnings from ./binning_iso.json
[W 260829 05:32:14 binning:581] The following custom binnings are not being used: [{'particle': 'Pi', 'bin_var': 'Brunel_P'}, {'particle': 'Pi', 'bin_var': 'Brunel_ETA'}, {'particle': 'Pi', 'bin_var': 'nTracks_Brunel'}, {'particle': 'P', 'bin_var': 'Brunel_P'}, {'particle': 'P', 'bin_var': 'Brunel_ETA'}, {'particle': 'P', 'bin_var': 'nTracks_Brunel'}, {'particle': 'Mu_nopt', 'bin_var': 'Brunel_P'}, {'particle': 'Mu_nopt', 'bin_var': 'Brunel_ETA'}, {'particle': 'Mu_nopt', 'bin_var': 'nTracks_Brunel'}, {'particle': 'e_B_Jpsi', 'bin_var': 'Brunel_P'}, {'particle': 'e_B_Jpsi', 'bin_var': 'Brunel_ETA'}, {'particle': 'e_B_Jpsi', 'bin_var': 'nTracks'}]
[I 260829 05:37:37 utils:819] Processed 312/312 files
[I 260829 05:37:37 utils:966] 117406675/119514698 (98.2%) events passed binning range cut
[I 260829 05:37:37 utils:966] 17913555/117406675 (15.3%) events passed 'Brunel_MC15TuneV1_ProbNNp>0.4' cut
[I 260829 05:37:37 make_eff_hists:270] Efficiency histograms saved to 'pidcalib_iso/run2-rdx-2017-mu-K_nnp_gt-p_eta_ntracks/effhists-Turbo17-up-K-Brunel_MC15TuneV1_ProbNNp>0.4-Brunel_P.Brunel_ETA.nTracks_Brunel-binning_iso.pkl'
Output folder: pidcalib_iso/run2-rdx-2017-mu-K_nnknng_gtlt-p_eta_ntracks
[I 260829 05:37:41 make_eff_hists:203] Running PIDCalib2 make_eff_hists with the config:
[I 260829 05:37:41 utils:153] ===============
[I 260829 05:37:41 utils:156] sample         : Turbo17
[I 260829 05:37:41 utils:156] magnet         : up
[I 260829 05:37:41 utils:156] particle       : K
[I 260829 05:37:41 utils:156] pid_cuts       : ['Brunel_MC15TuneV1_ProbNNk>0.2&Brunel_MC15TuneV1_ProbNNghost<0.3']
[I 260829 05:37:41 utils:156] bin_vars       : ['Brunel_P', 'Brunel_ETA', 'nTracks_Brunel']
[I 260829 05:37:41 utils:156] binning_files  : ['./binning_iso.json']
[I 260829 05:37:41 utils:156] output_dir     : pidcalib_iso/run2-rdx-2017-mu-K_nnknng_gtlt-p_eta_ntracks
[I 260829 05:37:41 utils:156] verbose        : False
[I 260829 05:37:41 utils:156] version        : 1.5.6
[I 260829 05:37:41 utils:157] ===============
[W 260829 05:37:41 make_eff_hists:207] No --cut specified. Cuts on PID samples should match your sample cuts.
[I 260829 05:37:41 utils:609] 312 calibration files from EOS will be processed
[I 260829 05:37:41 binning:543] Loading binnings from ./binning_iso.json
[W 260829 05:37:41 binning:581] The following custom binnings are not being used: [{'particle': 'Pi', 'bin_var': 'Brunel_P'}, {'particle': 'Pi', 'bin_var': 'Brunel_ETA'}, {'particle': 'Pi', 'bin_var': 'nTracks_Brunel'}, {'particle': 'P', 'bin_var': 'Brunel_P'}, {'particle': 'P', 'bin_var': 'Brunel_ETA'}, {'particle': 'P', 'bin_var': 'nTracks_Brunel'}, {'particle': 'Mu_nopt', 'bin_var': 'Brunel_P'}, {'particle': 'Mu_nopt', 'bin_var': 'Brunel_ETA'}, {'particle': 'Mu_nopt', 'bin_var': 'nTracks_Brunel'}, {'particle': 'e_B_Jpsi', 'bin_var': 'Brunel_P'}, {'particle': 'e_B_Jpsi', 'bin_var': 'Brunel_ETA'}, {'particle': 'e_B_Jpsi', 'bin_var': 'nTracks'}]
[I 260829 05:43:35 utils:819] Processed 312/312 files
[I 260829 05:43:35 utils:966] 117406675/119514698 (98.2%) events passed binning range cut
[I 260829 05:43:35 utils:966] 101219507/117406675 (86.2%) events passed 'Brunel_MC15TuneV1_ProbNNk>0.2&Brunel_MC15TuneV1_ProbNNghost<0.3' cut
[I 260829 05:43:35 make_eff_hists:270] Efficiency histograms saved to 'pidcalib_iso/run2-rdx-2017-mu-K_nnknng_gtlt-p_eta_ntracks/effhists-Turbo17-up-K-Brunel_MC15TuneV1_ProbNNk>0.2&Brunel_MC15TuneV1_ProbNNghost<0.3-Brunel_P.Brunel_ETA.nTracks_Brunel-binning_iso.pkl'
Output folder: pidcalib_iso/run2-rdx-2017-mu-K_nnknng_lt02lt02-p_eta_ntracks
[I 260829 05:43:39 make_eff_hists:203] Running PIDCalib2 make_eff_hists with the config:
[I 260829 05:43:39 utils:153] ===============
[I 260829 05:43:39 utils:156] sample         : Turbo17
[I 260829 05:43:39 utils:156] magnet         : up
[I 260829 05:43:39 utils:156] particle       : K
[I 260829 05:43:39 utils:156] pid_cuts       : ['Brunel_MC15TuneV1_ProbNNk<0.2&Brunel_MC15TuneV1_ProbNNghost<0.2']
[I 260829 05:43:39 utils:156] bin_vars       : ['Brunel_P', 'Brunel_ETA', 'nTracks_Brunel']
[I 260829 05:43:39 utils:156] binning_files  : ['./binning_iso.json']
[I 260829 05:43:39 utils:156] output_dir     : pidcalib_iso/run2-rdx-2017-mu-K_nnknng_lt02lt02-p_eta_ntracks
[I 260829 05:43:39 utils:156] verbose        : False
[I 260829 05:43:39 utils:156] version        : 1.5.6
[I 260829 05:43:39 utils:157] ===============
[W 260829 05:43:39 make_eff_hists:207] No --cut specified. Cuts on PID samples should match your sample cuts.
[I 260829 05:43:42 utils:609] 312 calibration files from EOS will be processed
[I 260829 05:43:42 binning:543] Loading binnings from ./binning_iso.json
[W 260829 05:43:42 binning:581] The following custom binnings are not being used: [{'particle': 'Pi', 'bin_var': 'Brunel_P'}, {'particle': 'Pi', 'bin_var': 'Brunel_ETA'}, {'particle': 'Pi', 'bin_var': 'nTracks_Brunel'}, {'particle': 'P', 'bin_var': 'Brunel_P'}, {'particle': 'P', 'bin_var': 'Brunel_ETA'}, {'particle': 'P', 'bin_var': 'nTracks_Brunel'}, {'particle': 'Mu_nopt', 'bin_var': 'Brunel_P'}, {'particle': 'Mu_nopt', 'bin_var': 'Brunel_ETA'}, {'particle': 'Mu_nopt', 'bin_var': 'nTracks_Brunel'}, {'particle': 'e_B_Jpsi', 'bin_var': 'Brunel_P'}, {'particle': 'e_B_Jpsi', 'bin_var': 'Brunel_ETA'}, {'particle': 'e_B_Jpsi', 'bin_var': 'nTracks'}]
[I 260829 05:49:30 utils:819] Processed 312/312 files
[I 260829 05:49:30 utils:966] 117406675/119514698 (98.2%) events passed binning range cut
[I 260829 05:49:30 utils:966] 11786099/117406675 (10.0%) events passed 'Brunel_MC15TuneV1_ProbNNk<0.2&Brunel_MC15TuneV1_ProbNNghost<0.2' cut
[I 260829 05:49:30 make_eff_hists:270] Efficiency histograms saved to 'pidcalib_iso/run2-rdx-2017-mu-K_nnknng_lt02lt02-p_eta_ntracks/effhists-Turbo17-up-K-Brunel_MC15TuneV1_ProbNNk<0.2&Brunel_MC15TuneV1_ProbNNghost<0.2-Brunel_P.Brunel_ETA.nTracks_Brunel-binning_iso.pkl'
Output folder: pidcalib_iso/run2-rdx-2017-mu-Pi_nnpnng_gtlt-p_eta_ntracks
[I 260829 05:49:34 make_eff_hists:203] Running PIDCalib2 make_eff_hists with the config:
[I 260829 05:49:34 utils:153] ===============
[I 260829 05:49:34 utils:156] sample         : Turbo17
[I 260829 05:49:34 utils:156] magnet         : up
[I 260829 05:49:34 utils:156] particle       : Pi
[I 260829 05:49:34 utils:156] pid_cuts       : ['Brunel_MC15TuneV1_ProbNNp>0.4&Brunel_MC15TuneV1_ProbNNghost<0.3']
[I 260829 05:49:34 utils:156] bin_vars       : ['Brunel_P', 'Brunel_ETA', 'nTracks_Brunel']
[I 260829 05:49:34 utils:156] binning_files  : ['./binning_iso.json']
[I 260829 05:49:34 utils:156] output_dir     : pidcalib_iso/run2-rdx-2017-mu-Pi_nnpnng_gtlt-p_eta_ntracks
[I 260829 05:49:34 utils:156] verbose        : False
[I 260829 05:49:34 utils:156] version        : 1.5.6
[I 260829 05:49:34 utils:157] ===============
[W 260829 05:49:34 make_eff_hists:207] No --cut specified. Cuts on PID samples should match your sample cuts.
[I 260829 05:49:34 utils:609] 312 calibration files from EOS will be processed
[I 260829 05:49:34 binning:543] Loading binnings from ./binning_iso.json
[W 260829 05:49:34 binning:581] The following custom binnings are not being used: [{'particle': 'K', 'bin_var': 'Brunel_P'}, {'particle': 'K', 'bin_var': 'Brunel_ETA'}, {'particle': 'K', 'bin_var': 'nTracks_Brunel'}, {'particle': 'P', 'bin_var': 'Brunel_P'}, {'particle': 'P', 'bin_var': 'Brunel_ETA'}, {'particle': 'P', 'bin_var': 'nTracks_Brunel'}, {'particle': 'Mu_nopt', 'bin_var': 'Brunel_P'}, {'particle': 'Mu_nopt', 'bin_var': 'Brunel_ETA'}, {'particle': 'Mu_nopt', 'bin_var': 'nTracks_Brunel'}, {'particle': 'e_B_Jpsi', 'bin_var': 'Brunel_P'}, {'particle': 'e_B_Jpsi', 'bin_var': 'Brunel_ETA'}, {'particle': 'e_B_Jpsi', 'bin_var': 'nTracks'}]
[I 260829 05:55:25 utils:819] Processed 312/312 files
[I 260829 05:55:25 utils:966] 117655029/119514698 (98.4%) events passed binning range cut
[I 260829 05:55:25 utils:966] 2120743/117655029 (1.8%) events passed 'Brunel_MC15TuneV1_ProbNNp>0.4&Brunel_MC15TuneV1_ProbNNghost<0.3' cut
[I 260829 05:55:25 make_eff_hists:270] Efficiency histograms saved to 'pidcalib_iso/run2-rdx-2017-mu-Pi_nnpnng_gtlt-p_eta_ntracks/effhists-Turbo17-up-Pi-Brunel_MC15TuneV1_ProbNNp>0.4&Brunel_MC15TuneV1_ProbNNghost<0.3-Brunel_P.Brunel_ETA.nTracks_Brunel-binning_iso.pkl'
Output folder: pidcalib_iso/run2-rdx-2017-mu-Pi_nnk_gt-p_eta_ntracks
[I 260829 05:55:28 make_eff_hists:203] Running PIDCalib2 make_eff_hists with the config:
[I 260829 05:55:28 utils:153] ===============
[I 260829 05:55:28 utils:156] sample         : Turbo17
[I 260829 05:55:28 utils:156] magnet         : up
[I 260829 05:55:28 utils:156] particle       : Pi
[I 260829 05:55:28 utils:156] pid_cuts       : ['Brunel_MC15TuneV1_ProbNNk>0.2']
[I 260829 05:55:28 utils:156] bin_vars       : ['Brunel_P', 'Brunel_ETA', 'nTracks_Brunel']
[I 260829 05:55:28 utils:156] binning_files  : ['./binning_iso.json']
[I 260829 05:55:28 utils:156] output_dir     : pidcalib_iso/run2-rdx-2017-mu-Pi_nnk_gt-p_eta_ntracks
[I 260829 05:55:28 utils:156] verbose        : False
[I 260829 05:55:28 utils:156] version        : 1.5.6
[I 260829 05:55:28 utils:157] ===============
[W 260829 05:55:28 make_eff_hists:207] No --cut specified. Cuts on PID samples should match your sample cuts.
[I 260829 05:55:31 utils:609] 312 calibration files from EOS will be processed
[I 260829 05:55:31 binning:543] Loading binnings from ./binning_iso.json
[W 260829 05:55:31 binning:581] The following custom binnings are not being used: [{'particle': 'K', 'bin_var': 'Brunel_P'}, {'particle': 'K', 'bin_var': 'Brunel_ETA'}, {'particle': 'K', 'bin_var': 'nTracks_Brunel'}, {'particle': 'P', 'bin_var': 'Brunel_P'}, {'particle': 'P', 'bin_var': 'Brunel_ETA'}, {'particle': 'P', 'bin_var': 'nTracks_Brunel'}, {'particle': 'Mu_nopt', 'bin_var': 'Brunel_P'}, {'particle': 'Mu_nopt', 'bin_var': 'Brunel_ETA'}, {'particle': 'Mu_nopt', 'bin_var': 'nTracks_Brunel'}, {'particle': 'e_B_Jpsi', 'bin_var': 'Brunel_P'}, {'particle': 'e_B_Jpsi', 'bin_var': 'Brunel_ETA'}, {'particle': 'e_B_Jpsi', 'bin_var': 'nTracks'}]
[I 260829 06:01:02 utils:819] Processed 312/312 files
[I 260829 06:01:02 utils:966] 117655029/119514698 (98.4%) events passed binning range cut
[I 260829 06:01:02 utils:966] 14687675/117655029 (12.5%) events passed 'Brunel_MC15TuneV1_ProbNNk>0.2' cut
[I 260829 06:01:02 make_eff_hists:270] Efficiency histograms saved to 'pidcalib_iso/run2-rdx-2017-mu-Pi_nnk_gt-p_eta_ntracks/effhists-Turbo17-up-Pi-Brunel_MC15TuneV1_ProbNNk>0.2-Brunel_P.Brunel_ETA.nTracks_Brunel-binning_iso.pkl'
Output folder: pidcalib_iso/run2-rdx-2017-mu-Pi_nnknng_gt02lt02-p_eta_ntracks
[I 260829 06:01:06 make_eff_hists:203] Running PIDCalib2 make_eff_hists with the config:
[I 260829 06:01:06 utils:153] ===============
[I 260829 06:01:06 utils:156] sample         : Turbo17
[I 260829 06:01:06 utils:156] magnet         : up
[I 260829 06:01:06 utils:156] particle       : Pi
[I 260829 06:01:06 utils:156] pid_cuts       : ['Brunel_MC15TuneV1_ProbNNk>0.2&Brunel_MC15TuneV1_ProbNNghost<0.2']
[I 260829 06:01:06 utils:156] bin_vars       : ['Brunel_P', 'Brunel_ETA', 'nTracks_Brunel']
[I 260829 06:01:06 utils:156] binning_files  : ['./binning_iso.json']
[I 260829 06:01:06 utils:156] output_dir     : pidcalib_iso/run2-rdx-2017-mu-Pi_nnknng_gt02lt02-p_eta_ntracks
[I 260829 06:01:06 utils:156] verbose        : False
[I 260829 06:01:06 utils:156] version        : 1.5.6
[I 260829 06:01:06 utils:157] ===============
[W 260829 06:01:06 make_eff_hists:207] No --cut specified. Cuts on PID samples should match your sample cuts.
[I 260829 06:01:06 utils:609] 312 calibration files from EOS will be processed
[I 260829 06:01:06 binning:543] Loading binnings from ./binning_iso.json
[W 260829 06:01:06 binning:581] The following custom binnings are not being used: [{'particle': 'K', 'bin_var': 'Brunel_P'}, {'particle': 'K', 'bin_var': 'Brunel_ETA'}, {'particle': 'K', 'bin_var': 'nTracks_Brunel'}, {'particle': 'P', 'bin_var': 'Brunel_P'}, {'particle': 'P', 'bin_var': 'Brunel_ETA'}, {'particle': 'P', 'bin_var': 'nTracks_Brunel'}, {'particle': 'Mu_nopt', 'bin_var': 'Brunel_P'}, {'particle': 'Mu_nopt', 'bin_var': 'Brunel_ETA'}, {'particle': 'Mu_nopt', 'bin_var': 'nTracks_Brunel'}, {'particle': 'e_B_Jpsi', 'bin_var': 'Brunel_P'}, {'particle': 'e_B_Jpsi', 'bin_var': 'Brunel_ETA'}, {'particle': 'e_B_Jpsi', 'bin_var': 'nTracks'}]
[I 260829 06:06:49 utils:819] Processed 312/312 files
[I 260829 06:06:49 utils:966] 117655029/119514698 (98.4%) events passed binning range cut
[I 260829 06:06:49 utils:966] 13939820/117655029 (11.8%) events passed 'Brunel_MC15TuneV1_ProbNNk>0.2&Brunel_MC15TuneV1_ProbNNghost<0.2' cut
[I 260829 06:06:49 make_eff_hists:270] Efficiency histograms saved to 'pidcalib_iso/run2-rdx-2017-mu-Pi_nnknng_gt02lt02-p_eta_ntracks/effhists-Turbo17-up-Pi-Brunel_MC15TuneV1_ProbNNk>0.2&Brunel_MC15TuneV1_ProbNNghost<0.2-Brunel_P.Brunel_ETA.nTracks_Brunel-binning_iso.pkl'
Output folder: pidcalib_iso/run2-rdx-2017-mu-Pi_nnknng_ltlt-p_eta_ntracks
[I 260829 06:06:53 make_eff_hists:203] Running PIDCalib2 make_eff_hists with the config:
[I 260829 06:06:53 utils:153] ===============
[I 260829 06:06:53 utils:156] sample         : Turbo17
[I 260829 06:06:53 utils:156] magnet         : up
[I 260829 06:06:53 utils:156] particle       : Pi
[I 260829 06:06:53 utils:156] pid_cuts       : ['Brunel_MC15TuneV1_ProbNNk<0.2&Brunel_MC15TuneV1_ProbNNghost<0.3']
[I 260829 06:06:53 utils:156] bin_vars       : ['Brunel_P', 'Brunel_ETA', 'nTracks_Brunel']
[I 260829 06:06:53 utils:156] binning_files  : ['./binning_iso.json']
[I 260829 06:06:53 utils:156] output_dir     : pidcalib_iso/run2-rdx-2017-mu-Pi_nnknng_ltlt-p_eta_ntracks
[I 260829 06:06:53 utils:156] verbose        : False
[I 260829 06:06:53 utils:156] version        : 1.5.6
[I 260829 06:06:53 utils:157] ===============
[W 260829 06:06:53 make_eff_hists:207] No --cut specified. Cuts on PID samples should match your sample cuts.
[I 260829 06:06:53 utils:609] 312 calibration files from EOS will be processed
[I 260829 06:06:53 binning:543] Loading binnings from ./binning_iso.json
[W 260829 06:06:53 binning:581] The following custom binnings are not being used: [{'particle': 'K', 'bin_var': 'Brunel_P'}, {'particle': 'K', 'bin_var': 'Brunel_ETA'}, {'particle': 'K', 'bin_var': 'nTracks_Brunel'}, {'particle': 'P', 'bin_var': 'Brunel_P'}, {'particle': 'P', 'bin_var': 'Brunel_ETA'}, {'particle': 'P', 'bin_var': 'nTracks_Brunel'}, {'particle': 'Mu_nopt', 'bin_var': 'Brunel_P'}, {'particle': 'Mu_nopt', 'bin_var': 'Brunel_ETA'}, {'particle': 'Mu_nopt', 'bin_var': 'nTracks_Brunel'}, {'particle': 'e_B_Jpsi', 'bin_var': 'Brunel_P'}, {'particle': 'e_B_Jpsi', 'bin_var': 'Brunel_ETA'}, {'particle': 'e_B_Jpsi', 'bin_var': 'nTracks'}]
[I 260829 06:12:55 utils:819] Processed 312/312 files
[I 260829 06:12:55 utils:966] 117655029/119514698 (98.4%) events passed binning range cut
[I 260829 06:12:55 utils:966] 99925550/117655029 (84.9%) events passed 'Brunel_MC15TuneV1_ProbNNk<0.2&Brunel_MC15TuneV1_ProbNNghost<0.3' cut
[I 260829 06:12:55 make_eff_hists:270] Efficiency histograms saved to 'pidcalib_iso/run2-rdx-2017-mu-Pi_nnknng_ltlt-p_eta_ntracks/effhists-Turbo17-up-Pi-Brunel_MC15TuneV1_ProbNNk<0.2&Brunel_MC15TuneV1_ProbNNghost<0.3-Brunel_P.Brunel_ETA.nTracks_Brunel-binning_iso.pkl'
Output folder: pidcalib_iso/run2-rdx-2017-mu-Pi_nnp_gt-p_eta_ntracks
[I 260829 06:12:59 make_eff_hists:203] Running PIDCalib2 make_eff_hists with the config:
[I 260829 06:12:59 utils:153] ===============
[I 260829 06:12:59 utils:156] sample         : Turbo17
[I 260829 06:12:59 utils:156] magnet         : up
[I 260829 06:12:59 utils:156] particle       : Pi
[I 260829 06:12:59 utils:156] pid_cuts       : ['Brunel_MC15TuneV1_ProbNNp>0.4']
[I 260829 06:12:59 utils:156] bin_vars       : ['Brunel_P', 'Brunel_ETA', 'nTracks_Brunel']
[I 260829 06:12:59 utils:156] binning_files  : ['./binning_iso.json']
[I 260829 06:12:59 utils:156] output_dir     : pidcalib_iso/run2-rdx-2017-mu-Pi_nnp_gt-p_eta_ntracks
[I 260829 06:12:59 utils:156] verbose        : False
[I 260829 06:12:59 utils:156] version        : 1.5.6
[I 260829 06:12:59 utils:157] ===============
[W 260829 06:12:59 make_eff_hists:207] No --cut specified. Cuts on PID samples should match your sample cuts.
[I 260829 06:12:59 utils:609] 312 calibration files from EOS will be processed
[I 260829 06:12:59 binning:543] Loading binnings from ./binning_iso.json
[W 260829 06:12:59 binning:581] The following custom binnings are not being used: [{'particle': 'K', 'bin_var': 'Brunel_P'}, {'particle': 'K', 'bin_var': 'Brunel_ETA'}, {'particle': 'K', 'bin_var': 'nTracks_Brunel'}, {'particle': 'P', 'bin_var': 'Brunel_P'}, {'particle': 'P', 'bin_var': 'Brunel_ETA'}, {'particle': 'P', 'bin_var': 'nTracks_Brunel'}, {'particle': 'Mu_nopt', 'bin_var': 'Brunel_P'}, {'particle': 'Mu_nopt', 'bin_var': 'Brunel_ETA'}, {'particle': 'Mu_nopt', 'bin_var': 'nTracks_Brunel'}, {'particle': 'e_B_Jpsi', 'bin_var': 'Brunel_P'}, {'particle': 'e_B_Jpsi', 'bin_var': 'Brunel_ETA'}, {'particle': 'e_B_Jpsi', 'bin_var': 'nTracks'}]
[I 260829 06:18:28 utils:819] Processed 312/312 files
[I 260829 06:18:28 utils:966] 117655029/119514698 (98.4%) events passed binning range cut
[I 260829 06:18:28 utils:966] 2265057/117655029 (1.9%) events passed 'Brunel_MC15TuneV1_ProbNNp>0.4' cut
[I 260829 06:18:28 make_eff_hists:270] Efficiency histograms saved to 'pidcalib_iso/run2-rdx-2017-mu-Pi_nnp_gt-p_eta_ntracks/effhists-Turbo17-up-Pi-Brunel_MC15TuneV1_ProbNNp>0.4-Brunel_P.Brunel_ETA.nTracks_Brunel-binning_iso.pkl'
Output folder: pidcalib_iso/run2-rdx-2017-mu-Pi_nnknng_gtlt-p_eta_ntracks
[I 260829 06:18:31 make_eff_hists:203] Running PIDCalib2 make_eff_hists with the config:
[I 260829 06:18:31 utils:153] ===============
[I 260829 06:18:31 utils:156] sample         : Turbo17
[I 260829 06:18:31 utils:156] magnet         : up
[I 260829 06:18:31 utils:156] particle       : Pi
[I 260829 06:18:31 utils:156] pid_cuts       : ['Brunel_MC15TuneV1_ProbNNk>0.2&Brunel_MC15TuneV1_ProbNNghost<0.3']
[I 260829 06:18:31 utils:156] bin_vars       : ['Brunel_P', 'Brunel_ETA', 'nTracks_Brunel']
[I 260829 06:18:31 utils:156] binning_files  : ['./binning_iso.json']
[I 260829 06:18:31 utils:156] output_dir     : pidcalib_iso/run2-rdx-2017-mu-Pi_nnknng_gtlt-p_eta_ntracks
[I 260829 06:18:31 utils:156] verbose        : False
[I 260829 06:18:31 utils:156] version        : 1.5.6
[I 260829 06:18:31 utils:157] ===============
[W 260829 06:18:31 make_eff_hists:207] No --cut specified. Cuts on PID samples should match your sample cuts.
[I 260829 06:18:32 utils:609] 312 calibration files from EOS will be processed
[I 260829 06:18:32 binning:543] Loading binnings from ./binning_iso.json
[W 260829 06:18:32 binning:581] The following custom binnings are not being used: [{'particle': 'K', 'bin_var': 'Brunel_P'}, {'particle': 'K', 'bin_var': 'Brunel_ETA'}, {'particle': 'K', 'bin_var': 'nTracks_Brunel'}, {'particle': 'P', 'bin_var': 'Brunel_P'}, {'particle': 'P', 'bin_var': 'Brunel_ETA'}, {'particle': 'P', 'bin_var': 'nTracks_Brunel'}, {'particle': 'Mu_nopt', 'bin_var': 'Brunel_P'}, {'particle': 'Mu_nopt', 'bin_var': 'Brunel_ETA'}, {'particle': 'Mu_nopt', 'bin_var': 'nTracks_Brunel'}, {'particle': 'e_B_Jpsi', 'bin_var': 'Brunel_P'}, {'particle': 'e_B_Jpsi', 'bin_var': 'Brunel_ETA'}, {'particle': 'e_B_Jpsi', 'bin_var': 'nTracks'}]
[I 260829 06:24:22 utils:819] Processed 312/312 files
[I 260829 06:24:22 utils:966] 117655029/119514698 (98.4%) events passed binning range cut
[I 260829 06:24:22 utils:966] 14184672/117655029 (12.1%) events passed 'Brunel_MC15TuneV1_ProbNNk>0.2&Brunel_MC15TuneV1_ProbNNghost<0.3' cut
[I 260829 06:24:22 make_eff_hists:270] Efficiency histograms saved to 'pidcalib_iso/run2-rdx-2017-mu-Pi_nnknng_gtlt-p_eta_ntracks/effhists-Turbo17-up-Pi-Brunel_MC15TuneV1_ProbNNk>0.2&Brunel_MC15TuneV1_ProbNNghost<0.3-Brunel_P.Brunel_ETA.nTracks_Brunel-binning_iso.pkl'
Output folder: pidcalib_iso/run2-rdx-2017-mu-Pi_nnknng_lt02lt02-p_eta_ntracks
[I 260829 06:24:26 make_eff_hists:203] Running PIDCalib2 make_eff_hists with the config:
[I 260829 06:24:26 utils:153] ===============
[I 260829 06:24:26 utils:156] sample         : Turbo17
[I 260829 06:24:26 utils:156] magnet         : up
[I 260829 06:24:26 utils:156] particle       : Pi
[I 260829 06:24:26 utils:156] pid_cuts       : ['Brunel_MC15TuneV1_ProbNNk<0.2&Brunel_MC15TuneV1_ProbNNghost<0.2']
[I 260829 06:24:26 utils:156] bin_vars       : ['Brunel_P', 'Brunel_ETA', 'nTracks_Brunel']
[I 260829 06:24:26 utils:156] binning_files  : ['./binning_iso.json']
[I 260829 06:24:26 utils:156] output_dir     : pidcalib_iso/run2-rdx-2017-mu-Pi_nnknng_lt02lt02-p_eta_ntracks
[I 260829 06:24:26 utils:156] verbose        : False
[I 260829 06:24:26 utils:156] version        : 1.5.6
[I 260829 06:24:26 utils:157] ===============
[W 260829 06:24:26 make_eff_hists:207] No --cut specified. Cuts on PID samples should match your sample cuts.
[I 260829 06:24:26 utils:609] 312 calibration files from EOS will be processed
[I 260829 06:24:26 binning:543] Loading binnings from ./binning_iso.json
[W 260829 06:24:26 binning:581] The following custom binnings are not being used: [{'particle': 'K', 'bin_var': 'Brunel_P'}, {'particle': 'K', 'bin_var': 'Brunel_ETA'}, {'particle': 'K', 'bin_var': 'nTracks_Brunel'}, {'particle': 'P', 'bin_var': 'Brunel_P'}, {'particle': 'P', 'bin_var': 'Brunel_ETA'}, {'particle': 'P', 'bin_var': 'nTracks_Brunel'}, {'particle': 'Mu_nopt', 'bin_var': 'Brunel_P'}, {'particle': 'Mu_nopt', 'bin_var': 'Brunel_ETA'}, {'particle': 'Mu_nopt', 'bin_var': 'nTracks_Brunel'}, {'particle': 'e_B_Jpsi', 'bin_var': 'Brunel_P'}, {'particle': 'e_B_Jpsi', 'bin_var': 'Brunel_ETA'}, {'particle': 'e_B_Jpsi', 'bin_var': 'nTracks'}]
[I 260829 06:30:29 utils:819] Processed 312/312 files
[I 260829 06:30:29 utils:966] 117655029/119514698 (98.4%) events passed binning range cut
[I 260829 06:30:29 utils:966] 98456120/117655029 (83.7%) events passed 'Brunel_MC15TuneV1_ProbNNk<0.2&Brunel_MC15TuneV1_ProbNNghost<0.2' cut
[I 260829 06:30:29 make_eff_hists:270] Efficiency histograms saved to 'pidcalib_iso/run2-rdx-2017-mu-Pi_nnknng_lt02lt02-p_eta_ntracks/effhists-Turbo17-up-Pi-Brunel_MC15TuneV1_ProbNNk<0.2&Brunel_MC15TuneV1_ProbNNghost<0.2-Brunel_P.Brunel_ETA.nTracks_Brunel-binning_iso.pkl'
Output folder: pidcalib_iso/run2-rdx-2017-mu-P_nnpnng_gtlt-p_eta_ntracks
[I 260829 06:30:31 make_eff_hists:203] Running PIDCalib2 make_eff_hists with the config:
[I 260829 06:30:31 utils:153] ===============
[I 260829 06:30:31 utils:156] sample         : Turbo17
[I 260829 06:30:31 utils:156] magnet         : up
[I 260829 06:30:31 utils:156] particle       : P
[I 260829 06:30:31 utils:156] pid_cuts       : ['Brunel_MC15TuneV1_ProbNNp>0.4&Brunel_MC15TuneV1_ProbNNghost<0.3']
[I 260829 06:30:31 utils:156] bin_vars       : ['Brunel_P', 'Brunel_ETA', 'nTracks_Brunel']
[I 260829 06:30:31 utils:156] binning_files  : ['./binning_iso.json']
[I 260829 06:30:31 utils:156] output_dir     : pidcalib_iso/run2-rdx-2017-mu-P_nnpnng_gtlt-p_eta_ntracks
[I 260829 06:30:31 utils:156] verbose        : False
[I 260829 06:30:31 utils:156] version        : 1.5.6
[I 260829 06:30:31 utils:157] ===============
[W 260829 06:30:31 make_eff_hists:207] No --cut specified. Cuts on PID samples should match your sample cuts.
[I 260829 06:30:32 utils:609] 312 calibration files from EOS will be processed
[I 260829 06:30:32 binning:543] Loading binnings from ./binning_iso.json
[W 260829 06:30:32 binning:581] The following custom binnings are not being used: [{'particle': 'Pi', 'bin_var': 'Brunel_P'}, {'particle': 'Pi', 'bin_var': 'Brunel_ETA'}, {'particle': 'Pi', 'bin_var': 'nTracks_Brunel'}, {'particle': 'K', 'bin_var': 'Brunel_P'}, {'particle': 'K', 'bin_var': 'Brunel_ETA'}, {'particle': 'K', 'bin_var': 'nTracks_Brunel'}, {'particle': 'Mu_nopt', 'bin_var': 'Brunel_P'}, {'particle': 'Mu_nopt', 'bin_var': 'Brunel_ETA'}, {'particle': 'Mu_nopt', 'bin_var': 'nTracks_Brunel'}, {'particle': 'e_B_Jpsi', 'bin_var': 'Brunel_P'}, {'particle': 'e_B_Jpsi', 'bin_var': 'Brunel_ETA'}, {'particle': 'e_B_Jpsi', 'bin_var': 'nTracks'}]
[I 260829 06:41:24 utils:819] Processed 312/312 files
[I 260829 06:41:24 utils:966] 101787248/103673151 (98.2%) events passed binning range cut
[I 260829 06:41:24 utils:966] 84909551/101787248 (83.4%) events passed 'Brunel_MC15TuneV1_ProbNNp>0.4&Brunel_MC15TuneV1_ProbNNghost<0.3' cut
[I 260829 06:41:24 make_eff_hists:270] Efficiency histograms saved to 'pidcalib_iso/run2-rdx-2017-mu-P_nnpnng_gtlt-p_eta_ntracks/effhists-Turbo17-up-P-Brunel_MC15TuneV1_ProbNNp>0.4&Brunel_MC15TuneV1_ProbNNghost<0.3-Brunel_P.Brunel_ETA.nTracks_Brunel-binning_iso.pkl'
Output folder: pidcalib_iso/run2-rdx-2017-mu-P_nnk_gt-p_eta_ntracks
[I 260829 06:41:28 make_eff_hists:203] Running PIDCalib2 make_eff_hists with the config:
[I 260829 06:41:28 utils:153] ===============
[I 260829 06:41:28 utils:156] sample         : Turbo17
[I 260829 06:41:28 utils:156] magnet         : up
[I 260829 06:41:28 utils:156] particle       : P
[I 260829 06:41:28 utils:156] pid_cuts       : ['Brunel_MC15TuneV1_ProbNNk>0.2']
[I 260829 06:41:28 utils:156] bin_vars       : ['Brunel_P', 'Brunel_ETA', 'nTracks_Brunel']
[I 260829 06:41:28 utils:156] binning_files  : ['./binning_iso.json']
[I 260829 06:41:28 utils:156] output_dir     : pidcalib_iso/run2-rdx-2017-mu-P_nnk_gt-p_eta_ntracks
[I 260829 06:41:28 utils:156] verbose        : False
[I 260829 06:41:28 utils:156] version        : 1.5.6
[I 260829 06:41:28 utils:157] ===============
[W 260829 06:41:28 make_eff_hists:207] No --cut specified. Cuts on PID samples should match your sample cuts.
[I 260829 06:41:29 utils:609] 312 calibration files from EOS will be processed
[I 260829 06:41:29 binning:543] Loading binnings from ./binning_iso.json
[W 260829 06:41:29 binning:581] The following custom binnings are not being used: [{'particle': 'Pi', 'bin_var': 'Brunel_P'}, {'particle': 'Pi', 'bin_var': 'Brunel_ETA'}, {'particle': 'Pi', 'bin_var': 'nTracks_Brunel'}, {'particle': 'K', 'bin_var': 'Brunel_P'}, {'particle': 'K', 'bin_var': 'Brunel_ETA'}, {'particle': 'K', 'bin_var': 'nTracks_Brunel'}, {'particle': 'Mu_nopt', 'bin_var': 'Brunel_P'}, {'particle': 'Mu_nopt', 'bin_var': 'Brunel_ETA'}, {'particle': 'Mu_nopt', 'bin_var': 'nTracks_Brunel'}, {'particle': 'e_B_Jpsi', 'bin_var': 'Brunel_P'}, {'particle': 'e_B_Jpsi', 'bin_var': 'Brunel_ETA'}, {'particle': 'e_B_Jpsi', 'bin_var': 'nTracks'}]
[I 260829 06:50:54 utils:819] Processed 312/312 files
[I 260829 06:50:54 utils:966] 101787248/103673151 (98.2%) events passed binning range cut
[I 260829 06:50:54 utils:966] 31639099/101787248 (31.1%) events passed 'Brunel_MC15TuneV1_ProbNNk>0.2' cut
[I 260829 06:50:54 make_eff_hists:270] Efficiency histograms saved to 'pidcalib_iso/run2-rdx-2017-mu-P_nnk_gt-p_eta_ntracks/effhists-Turbo17-up-P-Brunel_MC15TuneV1_ProbNNk>0.2-Brunel_P.Brunel_ETA.nTracks_Brunel-binning_iso.pkl'
Output folder: pidcalib_iso/run2-rdx-2017-mu-P_nnknng_gt02lt02-p_eta_ntracks
[I 260829 06:50:57 make_eff_hists:203] Running PIDCalib2 make_eff_hists with the config:
[I 260829 06:50:57 utils:153] ===============
[I 260829 06:50:57 utils:156] sample         : Turbo17
[I 260829 06:50:57 utils:156] magnet         : up
[I 260829 06:50:57 utils:156] particle       : P
[I 260829 06:50:57 utils:156] pid_cuts       : ['Brunel_MC15TuneV1_ProbNNk>0.2&Brunel_MC15TuneV1_ProbNNghost<0.2']
[I 260829 06:50:57 utils:156] bin_vars       : ['Brunel_P', 'Brunel_ETA', 'nTracks_Brunel']
[I 260829 06:50:57 utils:156] binning_files  : ['./binning_iso.json']
[I 260829 06:50:57 utils:156] output_dir     : pidcalib_iso/run2-rdx-2017-mu-P_nnknng_gt02lt02-p_eta_ntracks
[I 260829 06:50:57 utils:156] verbose        : False
[I 260829 06:50:57 utils:156] version        : 1.5.6
[I 260829 06:50:57 utils:157] ===============
[W 260829 06:50:57 make_eff_hists:207] No --cut specified. Cuts on PID samples should match your sample cuts.
[I 260829 06:50:57 utils:609] 312 calibration files from EOS will be processed
[I 260829 06:50:57 binning:543] Loading binnings from ./binning_iso.json
[W 260829 06:50:57 binning:581] The following custom binnings are not being used: [{'particle': 'Pi', 'bin_var': 'Brunel_P'}, {'particle': 'Pi', 'bin_var': 'Brunel_ETA'}, {'particle': 'Pi', 'bin_var': 'nTracks_Brunel'}, {'particle': 'K', 'bin_var': 'Brunel_P'}, {'particle': 'K', 'bin_var': 'Brunel_ETA'}, {'particle': 'K', 'bin_var': 'nTracks_Brunel'}, {'particle': 'Mu_nopt', 'bin_var': 'Brunel_P'}, {'particle': 'Mu_nopt', 'bin_var': 'Brunel_ETA'}, {'particle': 'Mu_nopt', 'bin_var': 'nTracks_Brunel'}, {'particle': 'e_B_Jpsi', 'bin_var': 'Brunel_P'}, {'particle': 'e_B_Jpsi', 'bin_var': 'Brunel_ETA'}, {'particle': 'e_B_Jpsi', 'bin_var': 'nTracks'}]
[I 260829 07:01:03 utils:819] Processed 312/312 files
[I 260829 07:01:03 utils:966] 101787248/103673151 (98.2%) events passed binning range cut
[I 260829 07:01:03 utils:966] 28740906/101787248 (28.2%) events passed 'Brunel_MC15TuneV1_ProbNNk>0.2&Brunel_MC15TuneV1_ProbNNghost<0.2' cut
[I 260829 07:01:03 make_eff_hists:270] Efficiency histograms saved to 'pidcalib_iso/run2-rdx-2017-mu-P_nnknng_gt02lt02-p_eta_ntracks/effhists-Turbo17-up-P-Brunel_MC15TuneV1_ProbNNk>0.2&Brunel_MC15TuneV1_ProbNNghost<0.2-Brunel_P.Brunel_ETA.nTracks_Brunel-binning_iso.pkl'
Output folder: pidcalib_iso/run2-rdx-2017-mu-P_nnknng_ltlt-p_eta_ntracks
[I 260829 07:01:06 make_eff_hists:203] Running PIDCalib2 make_eff_hists with the config:
[I 260829 07:01:06 utils:153] ===============
[I 260829 07:01:06 utils:156] sample         : Turbo17
[I 260829 07:01:06 utils:156] magnet         : up
[I 260829 07:01:06 utils:156] particle       : P
[I 260829 07:01:06 utils:156] pid_cuts       : ['Brunel_MC15TuneV1_ProbNNk<0.2&Brunel_MC15TuneV1_ProbNNghost<0.3']
[I 260829 07:01:06 utils:156] bin_vars       : ['Brunel_P', 'Brunel_ETA', 'nTracks_Brunel']
[I 260829 07:01:06 utils:156] binning_files  : ['./binning_iso.json']
[I 260829 07:01:06 utils:156] output_dir     : pidcalib_iso/run2-rdx-2017-mu-P_nnknng_ltlt-p_eta_ntracks
[I 260829 07:01:06 utils:156] verbose        : False
[I 260829 07:01:06 utils:156] version        : 1.5.6
[I 260829 07:01:06 utils:157] ===============
[W 260829 07:01:06 make_eff_hists:207] No --cut specified. Cuts on PID samples should match your sample cuts.
[I 260829 07:01:07 utils:609] 312 calibration files from EOS will be processed
[I 260829 07:01:07 binning:543] Loading binnings from ./binning_iso.json
[W 260829 07:01:07 binning:581] The following custom binnings are not being used: [{'particle': 'Pi', 'bin_var': 'Brunel_P'}, {'particle': 'Pi', 'bin_var': 'Brunel_ETA'}, {'particle': 'Pi', 'bin_var': 'nTracks_Brunel'}, {'particle': 'K', 'bin_var': 'Brunel_P'}, {'particle': 'K', 'bin_var': 'Brunel_ETA'}, {'particle': 'K', 'bin_var': 'nTracks_Brunel'}, {'particle': 'Mu_nopt', 'bin_var': 'Brunel_P'}, {'particle': 'Mu_nopt', 'bin_var': 'Brunel_ETA'}, {'particle': 'Mu_nopt', 'bin_var': 'nTracks_Brunel'}, {'particle': 'e_B_Jpsi', 'bin_var': 'Brunel_P'}, {'particle': 'e_B_Jpsi', 'bin_var': 'Brunel_ETA'}, {'particle': 'e_B_Jpsi', 'bin_var': 'nTracks'}]
[I 260829 07:11:24 utils:819] Processed 312/312 files
[I 260829 07:11:24 utils:966] 101787248/103673151 (98.2%) events passed binning range cut
[I 260829 07:11:24 utils:966] 65448516/101787248 (64.3%) events passed 'Brunel_MC15TuneV1_ProbNNk<0.2&Brunel_MC15TuneV1_ProbNNghost<0.3' cut
[I 260829 07:11:24 make_eff_hists:270] Efficiency histograms saved to 'pidcalib_iso/run2-rdx-2017-mu-P_nnknng_ltlt-p_eta_ntracks/effhists-Turbo17-up-P-Brunel_MC15TuneV1_ProbNNk<0.2&Brunel_MC15TuneV1_ProbNNghost<0.3-Brunel_P.Brunel_ETA.nTracks_Brunel-binning_iso.pkl'
Output folder: pidcalib_iso/run2-rdx-2017-mu-P_nnp_gt-p_eta_ntracks
[I 260829 07:11:28 make_eff_hists:203] Running PIDCalib2 make_eff_hists with the config:
[I 260829 07:11:28 utils:153] ===============
[I 260829 07:11:28 utils:156] sample         : Turbo17
[I 260829 07:11:28 utils:156] magnet         : up
[I 260829 07:11:28 utils:156] particle       : P
[I 260829 07:11:28 utils:156] pid_cuts       : ['Brunel_MC15TuneV1_ProbNNp>0.4']
[I 260829 07:11:28 utils:156] bin_vars       : ['Brunel_P', 'Brunel_ETA', 'nTracks_Brunel']
[I 260829 07:11:28 utils:156] binning_files  : ['./binning_iso.json']
[I 260829 07:11:28 utils:156] output_dir     : pidcalib_iso/run2-rdx-2017-mu-P_nnp_gt-p_eta_ntracks
[I 260829 07:11:28 utils:156] verbose        : False
[I 260829 07:11:28 utils:156] version        : 1.5.6
[I 260829 07:11:28 utils:157] ===============
[W 260829 07:11:28 make_eff_hists:207] No --cut specified. Cuts on PID samples should match your sample cuts.
[I 260829 07:11:29 utils:609] 312 calibration files from EOS will be processed
[I 260829 07:11:29 binning:543] Loading binnings from ./binning_iso.json
[W 260829 07:11:29 binning:581] The following custom binnings are not being used: [{'particle': 'Pi', 'bin_var': 'Brunel_P'}, {'particle': 'Pi', 'bin_var': 'Brunel_ETA'}, {'particle': 'Pi', 'bin_var': 'nTracks_Brunel'}, {'particle': 'K', 'bin_var': 'Brunel_P'}, {'particle': 'K', 'bin_var': 'Brunel_ETA'}, {'particle': 'K', 'bin_var': 'nTracks_Brunel'}, {'particle': 'Mu_nopt', 'bin_var': 'Brunel_P'}, {'particle': 'Mu_nopt', 'bin_var': 'Brunel_ETA'}, {'particle': 'Mu_nopt', 'bin_var': 'nTracks_Brunel'}, {'particle': 'e_B_Jpsi', 'bin_var': 'Brunel_P'}, {'particle': 'e_B_Jpsi', 'bin_var': 'Brunel_ETA'}, {'particle': 'e_B_Jpsi', 'bin_var': 'nTracks'}]
[I 260829 07:20:44 utils:819] Processed 312/312 files
[I 260829 07:20:44 utils:966] 101787248/103673151 (98.2%) events passed binning range cut
[I 260829 07:20:44 utils:966] 88959997/101787248 (87.4%) events passed 'Brunel_MC15TuneV1_ProbNNp>0.4' cut
[I 260829 07:20:44 make_eff_hists:270] Efficiency histograms saved to 'pidcalib_iso/run2-rdx-2017-mu-P_nnp_gt-p_eta_ntracks/effhists-Turbo17-up-P-Brunel_MC15TuneV1_ProbNNp>0.4-Brunel_P.Brunel_ETA.nTracks_Brunel-binning_iso.pkl'
Output folder: pidcalib_iso/run2-rdx-2017-mu-P_nnknng_gtlt-p_eta_ntracks
[I 260829 07:20:48 make_eff_hists:203] Running PIDCalib2 make_eff_hists with the config:
[I 260829 07:20:48 utils:153] ===============
[I 260829 07:20:48 utils:156] sample         : Turbo17
[I 260829 07:20:48 utils:156] magnet         : up
[I 260829 07:20:48 utils:156] particle       : P
[I 260829 07:20:48 utils:156] pid_cuts       : ['Brunel_MC15TuneV1_ProbNNk>0.2&Brunel_MC15TuneV1_ProbNNghost<0.3']
[I 260829 07:20:48 utils:156] bin_vars       : ['Brunel_P', 'Brunel_ETA', 'nTracks_Brunel']
[I 260829 07:20:48 utils:156] binning_files  : ['./binning_iso.json']
[I 260829 07:20:48 utils:156] output_dir     : pidcalib_iso/run2-rdx-2017-mu-P_nnknng_gtlt-p_eta_ntracks
[I 260829 07:20:48 utils:156] verbose        : False
[I 260829 07:20:48 utils:156] version        : 1.5.6
[I 260829 07:20:48 utils:157] ===============
[W 260829 07:20:48 make_eff_hists:207] No --cut specified. Cuts on PID samples should match your sample cuts.
[I 260829 07:20:48 utils:609] 312 calibration files from EOS will be processed
[I 260829 07:20:48 binning:543] Loading binnings from ./binning_iso.json
[W 260829 07:20:48 binning:581] The following custom binnings are not being used: [{'particle': 'Pi', 'bin_var': 'Brunel_P'}, {'particle': 'Pi', 'bin_var': 'Brunel_ETA'}, {'particle': 'Pi', 'bin_var': 'nTracks_Brunel'}, {'particle': 'K', 'bin_var': 'Brunel_P'}, {'particle': 'K', 'bin_var': 'Brunel_ETA'}, {'particle': 'K', 'bin_var': 'nTracks_Brunel'}, {'particle': 'Mu_nopt', 'bin_var': 'Brunel_P'}, {'particle': 'Mu_nopt', 'bin_var': 'Brunel_ETA'}, {'particle': 'Mu_nopt', 'bin_var': 'nTracks_Brunel'}, {'particle': 'e_B_Jpsi', 'bin_var': 'Brunel_P'}, {'particle': 'e_B_Jpsi', 'bin_var': 'Brunel_ETA'}, {'particle': 'e_B_Jpsi', 'bin_var': 'nTracks'}]
[I 260829 07:30:56 utils:819] Processed 312/312 files
[I 260829 07:30:56 utils:966] 101787248/103673151 (98.2%) events passed binning range cut
[I 260829 07:30:56 utils:966] 29611721/101787248 (29.1%) events passed 'Brunel_MC15TuneV1_ProbNNk>0.2&Brunel_MC15TuneV1_ProbNNghost<0.3' cut
[I 260829 07:30:56 make_eff_hists:270] Efficiency histograms saved to 'pidcalib_iso/run2-rdx-2017-mu-P_nnknng_gtlt-p_eta_ntracks/effhists-Turbo17-up-P-Brunel_MC15TuneV1_ProbNNk>0.2&Brunel_MC15TuneV1_ProbNNghost<0.3-Brunel_P.Brunel_ETA.nTracks_Brunel-binning_iso.pkl'
Output folder: pidcalib_iso/run2-rdx-2017-mu-P_nnknng_lt02lt02-p_eta_ntracks
[I 260829 07:30:59 make_eff_hists:203] Running PIDCalib2 make_eff_hists with the config:
[I 260829 07:30:59 utils:153] ===============
[I 260829 07:30:59 utils:156] sample         : Turbo17
[I 260829 07:30:59 utils:156] magnet         : up
[I 260829 07:30:59 utils:156] particle       : P
[I 260829 07:30:59 utils:156] pid_cuts       : ['Brunel_MC15TuneV1_ProbNNk<0.2&Brunel_MC15TuneV1_ProbNNghost<0.2']
[I 260829 07:30:59 utils:156] bin_vars       : ['Brunel_P', 'Brunel_ETA', 'nTracks_Brunel']
[I 260829 07:30:59 utils:156] binning_files  : ['./binning_iso.json']
[I 260829 07:30:59 utils:156] output_dir     : pidcalib_iso/run2-rdx-2017-mu-P_nnknng_lt02lt02-p_eta_ntracks
[I 260829 07:30:59 utils:156] verbose        : False
[I 260829 07:30:59 utils:156] version        : 1.5.6
[I 260829 07:30:59 utils:157] ===============
[W 260829 07:30:59 make_eff_hists:207] No --cut specified. Cuts on PID samples should match your sample cuts.
[I 260829 07:31:02 utils:609] 312 calibration files from EOS will be processed
[I 260829 07:31:02 binning:543] Loading binnings from ./binning_iso.json
[W 260829 07:31:02 binning:581] The following custom binnings are not being used: [{'particle': 'Pi', 'bin_var': 'Brunel_P'}, {'particle': 'Pi', 'bin_var': 'Brunel_ETA'}, {'particle': 'Pi', 'bin_var': 'nTracks_Brunel'}, {'particle': 'K', 'bin_var': 'Brunel_P'}, {'particle': 'K', 'bin_var': 'Brunel_ETA'}, {'particle': 'K', 'bin_var': 'nTracks_Brunel'}, {'particle': 'Mu_nopt', 'bin_var': 'Brunel_P'}, {'particle': 'Mu_nopt', 'bin_var': 'Brunel_ETA'}, {'particle': 'Mu_nopt', 'bin_var': 'nTracks_Brunel'}, {'particle': 'e_B_Jpsi', 'bin_var': 'Brunel_P'}, {'particle': 'e_B_Jpsi', 'bin_var': 'Brunel_ETA'}, {'particle': 'e_B_Jpsi', 'bin_var': 'nTracks'}]
[I 260829 07:41:04 utils:819] Processed 312/312 files
[I 260829 07:41:04 utils:966] 101787248/103673151 (98.2%) events passed binning range cut
[I 260829 07:41:04 utils:966] 63595676/101787248 (62.5%) events passed 'Brunel_MC15TuneV1_ProbNNk<0.2&Brunel_MC15TuneV1_ProbNNghost<0.2' cut
[I 260829 07:41:04 make_eff_hists:270] Efficiency histograms saved to 'pidcalib_iso/run2-rdx-2017-mu-P_nnknng_lt02lt02-p_eta_ntracks/effhists-Turbo17-up-P-Brunel_MC15TuneV1_ProbNNk<0.2&Brunel_MC15TuneV1_ProbNNghost<0.2-Brunel_P.Brunel_ETA.nTracks_Brunel-binning_iso.pkl'
Output folder: pidcalib_iso/run2-rdx-2017-mu-Mu_nopt_nnpnng_gtlt-p_eta_ntracks
[I 260829 07:41:08 make_eff_hists:203] Running PIDCalib2 make_eff_hists with the config:
[I 260829 07:41:08 utils:153] ===============
[I 260829 07:41:08 utils:156] sample         : Turbo17
[I 260829 07:41:08 utils:156] magnet         : up
[I 260829 07:41:08 utils:156] particle       : Mu_nopt
[I 260829 07:41:08 utils:156] pid_cuts       : ['Brunel_MC15TuneV1_ProbNNp>0.4&Brunel_MC15TuneV1_ProbNNghost<0.3']
[I 260829 07:41:08 utils:156] bin_vars       : ['Brunel_P', 'Brunel_ETA', 'nTracks_Brunel']
[I 260829 07:41:08 utils:156] binning_files  : ['./binning_iso.json']
[I 260829 07:41:08 utils:156] output_dir     : pidcalib_iso/run2-rdx-2017-mu-Mu_nopt_nnpnng_gtlt-p_eta_ntracks
[I 260829 07:41:08 utils:156] verbose        : False
[I 260829 07:41:08 utils:156] version        : 1.5.6
[I 260829 07:41:08 utils:157] ===============
[W 260829 07:41:08 make_eff_hists:207] No --cut specified. Cuts on PID samples should match your sample cuts.
[I 260829 07:41:08 utils:609] 32 calibration files from EOS will be processed
[I 260829 07:41:08 binning:543] Loading binnings from ./binning_iso.json
[W 260829 07:41:08 binning:581] The following custom binnings are not being used: [{'particle': 'Pi', 'bin_var': 'Brunel_P'}, {'particle': 'Pi', 'bin_var': 'Brunel_ETA'}, {'particle': 'Pi', 'bin_var': 'nTracks_Brunel'}, {'particle': 'K', 'bin_var': 'Brunel_P'}, {'particle': 'K', 'bin_var': 'Brunel_ETA'}, {'particle': 'K', 'bin_var': 'nTracks_Brunel'}, {'particle': 'P', 'bin_var': 'Brunel_P'}, {'particle': 'P', 'bin_var': 'Brunel_ETA'}, {'particle': 'P', 'bin_var': 'nTracks_Brunel'}, {'particle': 'e_B_Jpsi', 'bin_var': 'Brunel_P'}, {'particle': 'e_B_Jpsi', 'bin_var': 'Brunel_ETA'}, {'particle': 'e_B_Jpsi', 'bin_var': 'nTracks'}]
[I 260829 07:43:00 utils:819] Processed 32/32 files
[I 260829 07:43:00 utils:966] 49450537/49967999 (99.0%) events passed binning range cut
[I 260829 07:43:00 utils:966] 4052205/49450537 (8.2%) events passed 'Brunel_MC15TuneV1_ProbNNp>0.4&Brunel_MC15TuneV1_ProbNNghost<0.3' cut
[I 260829 07:43:00 make_eff_hists:270] Efficiency histograms saved to 'pidcalib_iso/run2-rdx-2017-mu-Mu_nopt_nnpnng_gtlt-p_eta_ntracks/effhists-Turbo17-up-Mu_nopt-Brunel_MC15TuneV1_ProbNNp>0.4&Brunel_MC15TuneV1_ProbNNghost<0.3-Brunel_P.Brunel_ETA.nTracks_Brunel-binning_iso.pkl'
Output folder: pidcalib_iso/run2-rdx-2017-mu-Mu_nopt_nnk_gt-p_eta_ntracks
[I 260829 07:43:03 make_eff_hists:203] Running PIDCalib2 make_eff_hists with the config:
[I 260829 07:43:03 utils:153] ===============
[I 260829 07:43:03 utils:156] sample         : Turbo17
[I 260829 07:43:03 utils:156] magnet         : up
[I 260829 07:43:03 utils:156] particle       : Mu_nopt
[I 260829 07:43:03 utils:156] pid_cuts       : ['Brunel_MC15TuneV1_ProbNNk>0.2']
[I 260829 07:43:03 utils:156] bin_vars       : ['Brunel_P', 'Brunel_ETA', 'nTracks_Brunel']
[I 260829 07:43:03 utils:156] binning_files  : ['./binning_iso.json']
[I 260829 07:43:03 utils:156] output_dir     : pidcalib_iso/run2-rdx-2017-mu-Mu_nopt_nnk_gt-p_eta_ntracks
[I 260829 07:43:03 utils:156] verbose        : False
[I 260829 07:43:03 utils:156] version        : 1.5.6
[I 260829 07:43:03 utils:157] ===============
[W 260829 07:43:03 make_eff_hists:207] No --cut specified. Cuts on PID samples should match your sample cuts.
[I 260829 07:43:03 utils:609] 32 calibration files from EOS will be processed
[I 260829 07:43:03 binning:543] Loading binnings from ./binning_iso.json
[W 260829 07:43:03 binning:581] The following custom binnings are not being used: [{'particle': 'Pi', 'bin_var': 'Brunel_P'}, {'particle': 'Pi', 'bin_var': 'Brunel_ETA'}, {'particle': 'Pi', 'bin_var': 'nTracks_Brunel'}, {'particle': 'K', 'bin_var': 'Brunel_P'}, {'particle': 'K', 'bin_var': 'Brunel_ETA'}, {'particle': 'K', 'bin_var': 'nTracks_Brunel'}, {'particle': 'P', 'bin_var': 'Brunel_P'}, {'particle': 'P', 'bin_var': 'Brunel_ETA'}, {'particle': 'P', 'bin_var': 'nTracks_Brunel'}, {'particle': 'e_B_Jpsi', 'bin_var': 'Brunel_P'}, {'particle': 'e_B_Jpsi', 'bin_var': 'Brunel_ETA'}, {'particle': 'e_B_Jpsi', 'bin_var': 'nTracks'}]
[I 260829 07:44:34 utils:819] Processed 32/32 files
[I 260829 07:44:34 utils:966] 49450537/49967999 (99.0%) events passed binning range cut
[I 260829 07:44:34 utils:966] 6893588/49450537 (13.9%) events passed 'Brunel_MC15TuneV1_ProbNNk>0.2' cut
[I 260829 07:44:34 make_eff_hists:270] Efficiency histograms saved to 'pidcalib_iso/run2-rdx-2017-mu-Mu_nopt_nnk_gt-p_eta_ntracks/effhists-Turbo17-up-Mu_nopt-Brunel_MC15TuneV1_ProbNNk>0.2-Brunel_P.Brunel_ETA.nTracks_Brunel-binning_iso.pkl'
Output folder: pidcalib_iso/run2-rdx-2017-mu-Mu_nopt_nnknng_gt02lt02-p_eta_ntracks
[I 260829 07:44:37 make_eff_hists:203] Running PIDCalib2 make_eff_hists with the config:
[I 260829 07:44:37 utils:153] ===============
[I 260829 07:44:37 utils:156] sample         : Turbo17
[I 260829 07:44:37 utils:156] magnet         : up
[I 260829 07:44:37 utils:156] particle       : Mu_nopt
[I 260829 07:44:37 utils:156] pid_cuts       : ['Brunel_MC15TuneV1_ProbNNk>0.2&Brunel_MC15TuneV1_ProbNNghost<0.2']
[I 260829 07:44:37 utils:156] bin_vars       : ['Brunel_P', 'Brunel_ETA', 'nTracks_Brunel']
[I 260829 07:44:37 utils:156] binning_files  : ['./binning_iso.json']
[I 260829 07:44:37 utils:156] output_dir     : pidcalib_iso/run2-rdx-2017-mu-Mu_nopt_nnknng_gt02lt02-p_eta_ntracks
[I 260829 07:44:37 utils:156] verbose        : False
[I 260829 07:44:37 utils:156] version        : 1.5.6
[I 260829 07:44:37 utils:157] ===============
[W 260829 07:44:37 make_eff_hists:207] No --cut specified. Cuts on PID samples should match your sample cuts.
[I 260829 07:44:37 utils:609] 32 calibration files from EOS will be processed
[I 260829 07:44:37 binning:543] Loading binnings from ./binning_iso.json
[W 260829 07:44:37 binning:581] The following custom binnings are not being used: [{'particle': 'Pi', 'bin_var': 'Brunel_P'}, {'particle': 'Pi', 'bin_var': 'Brunel_ETA'}, {'particle': 'Pi', 'bin_var': 'nTracks_Brunel'}, {'particle': 'K', 'bin_var': 'Brunel_P'}, {'particle': 'K', 'bin_var': 'Brunel_ETA'}, {'particle': 'K', 'bin_var': 'nTracks_Brunel'}, {'particle': 'P', 'bin_var': 'Brunel_P'}, {'particle': 'P', 'bin_var': 'Brunel_ETA'}, {'particle': 'P', 'bin_var': 'nTracks_Brunel'}, {'particle': 'e_B_Jpsi', 'bin_var': 'Brunel_P'}, {'particle': 'e_B_Jpsi', 'bin_var': 'Brunel_ETA'}, {'particle': 'e_B_Jpsi', 'bin_var': 'nTracks'}]
[I 260829 07:46:24 utils:819] Processed 32/32 files
[I 260829 07:46:24 utils:966] 49450537/49967999 (99.0%) events passed binning range cut
[I 260829 07:46:24 utils:966] 5948332/49450537 (12.0%) events passed 'Brunel_MC15TuneV1_ProbNNk>0.2&Brunel_MC15TuneV1_ProbNNghost<0.2' cut
[I 260829 07:46:24 make_eff_hists:270] Efficiency histograms saved to 'pidcalib_iso/run2-rdx-2017-mu-Mu_nopt_nnknng_gt02lt02-p_eta_ntracks/effhists-Turbo17-up-Mu_nopt-Brunel_MC15TuneV1_ProbNNk>0.2&Brunel_MC15TuneV1_ProbNNghost<0.2-Brunel_P.Brunel_ETA.nTracks_Brunel-binning_iso.pkl'
Output folder: pidcalib_iso/run2-rdx-2017-mu-Mu_nopt_nnknng_ltlt-p_eta_ntracks
[I 260829 07:46:27 make_eff_hists:203] Running PIDCalib2 make_eff_hists with the config:
[I 260829 07:46:27 utils:153] ===============
[I 260829 07:46:27 utils:156] sample         : Turbo17
[I 260829 07:46:27 utils:156] magnet         : up
[I 260829 07:46:27 utils:156] particle       : Mu_nopt
[I 260829 07:46:27 utils:156] pid_cuts       : ['Brunel_MC15TuneV1_ProbNNk<0.2&Brunel_MC15TuneV1_ProbNNghost<0.3']
[I 260829 07:46:27 utils:156] bin_vars       : ['Brunel_P', 'Brunel_ETA', 'nTracks_Brunel']
[I 260829 07:46:27 utils:156] binning_files  : ['./binning_iso.json']
[I 260829 07:46:27 utils:156] output_dir     : pidcalib_iso/run2-rdx-2017-mu-Mu_nopt_nnknng_ltlt-p_eta_ntracks
[I 260829 07:46:27 utils:156] verbose        : False
[I 260829 07:46:27 utils:156] version        : 1.5.6
[I 260829 07:46:27 utils:157] ===============
[W 260829 07:46:27 make_eff_hists:207] No --cut specified. Cuts on PID samples should match your sample cuts.
[I 260829 07:46:27 utils:609] 32 calibration files from EOS will be processed
[I 260829 07:46:27 binning:543] Loading binnings from ./binning_iso.json
[W 260829 07:46:27 binning:581] The following custom binnings are not being used: [{'particle': 'Pi', 'bin_var': 'Brunel_P'}, {'particle': 'Pi', 'bin_var': 'Brunel_ETA'}, {'particle': 'Pi', 'bin_var': 'nTracks_Brunel'}, {'particle': 'K', 'bin_var': 'Brunel_P'}, {'particle': 'K', 'bin_var': 'Brunel_ETA'}, {'particle': 'K', 'bin_var': 'nTracks_Brunel'}, {'particle': 'P', 'bin_var': 'Brunel_P'}, {'particle': 'P', 'bin_var': 'Brunel_ETA'}, {'particle': 'P', 'bin_var': 'nTracks_Brunel'}, {'particle': 'e_B_Jpsi', 'bin_var': 'Brunel_P'}, {'particle': 'e_B_Jpsi', 'bin_var': 'Brunel_ETA'}, {'particle': 'e_B_Jpsi', 'bin_var': 'nTracks'}]
[I 260829 07:48:09 utils:819] Processed 32/32 files
[I 260829 07:48:09 utils:966] 49450537/49967999 (99.0%) events passed binning range cut
[I 260829 07:48:09 utils:966] 39863496/49450537 (80.6%) events passed 'Brunel_MC15TuneV1_ProbNNk<0.2&Brunel_MC15TuneV1_ProbNNghost<0.3' cut
[I 260829 07:48:09 make_eff_hists:270] Efficiency histograms saved to 'pidcalib_iso/run2-rdx-2017-mu-Mu_nopt_nnknng_ltlt-p_eta_ntracks/effhists-Turbo17-up-Mu_nopt-Brunel_MC15TuneV1_ProbNNk<0.2&Brunel_MC15TuneV1_ProbNNghost<0.3-Brunel_P.Brunel_ETA.nTracks_Brunel-binning_iso.pkl'
Output folder: pidcalib_iso/run2-rdx-2017-mu-Mu_nopt_nnp_gt-p_eta_ntracks
[I 260829 07:48:12 make_eff_hists:203] Running PIDCalib2 make_eff_hists with the config:
[I 260829 07:48:12 utils:153] ===============
[I 260829 07:48:12 utils:156] sample         : Turbo17
[I 260829 07:48:12 utils:156] magnet         : up
[I 260829 07:48:12 utils:156] particle       : Mu_nopt
[I 260829 07:48:12 utils:156] pid_cuts       : ['Brunel_MC15TuneV1_ProbNNp>0.4']
[I 260829 07:48:12 utils:156] bin_vars       : ['Brunel_P', 'Brunel_ETA', 'nTracks_Brunel']
[I 260829 07:48:12 utils:156] binning_files  : ['./binning_iso.json']
[I 260829 07:48:12 utils:156] output_dir     : pidcalib_iso/run2-rdx-2017-mu-Mu_nopt_nnp_gt-p_eta_ntracks
[I 260829 07:48:12 utils:156] verbose        : False
[I 260829 07:48:12 utils:156] version        : 1.5.6
[I 260829 07:48:12 utils:157] ===============
[W 260829 07:48:12 make_eff_hists:207] No --cut specified. Cuts on PID samples should match your sample cuts.
[I 260829 07:48:12 utils:609] 32 calibration files from EOS will be processed
[I 260829 07:48:12 binning:543] Loading binnings from ./binning_iso.json
[W 260829 07:48:12 binning:581] The following custom binnings are not being used: [{'particle': 'Pi', 'bin_var': 'Brunel_P'}, {'particle': 'Pi', 'bin_var': 'Brunel_ETA'}, {'particle': 'Pi', 'bin_var': 'nTracks_Brunel'}, {'particle': 'K', 'bin_var': 'Brunel_P'}, {'particle': 'K', 'bin_var': 'Brunel_ETA'}, {'particle': 'K', 'bin_var': 'nTracks_Brunel'}, {'particle': 'P', 'bin_var': 'Brunel_P'}, {'particle': 'P', 'bin_var': 'Brunel_ETA'}, {'particle': 'P', 'bin_var': 'nTracks_Brunel'}, {'particle': 'e_B_Jpsi', 'bin_var': 'Brunel_P'}, {'particle': 'e_B_Jpsi', 'bin_var': 'Brunel_ETA'}, {'particle': 'e_B_Jpsi', 'bin_var': 'nTracks'}]
[I 260829 07:49:52 utils:819] Processed 32/32 files
[I 260829 07:49:52 utils:966] 49450537/49967999 (99.0%) events passed binning range cut
[I 260829 07:49:52 utils:966] 4437683/49450537 (9.0%) events passed 'Brunel_MC15TuneV1_ProbNNp>0.4' cut
[W 260829 07:49:52 utils:122] There are 1 negative bins in the 'eff_Brunel_MC15TuneV1_ProbNNp>0.4' efficiency histogram! You might want to change the binning.
[I 260829 07:49:52 make_eff_hists:270] Efficiency histograms saved to 'pidcalib_iso/run2-rdx-2017-mu-Mu_nopt_nnp_gt-p_eta_ntracks/effhists-Turbo17-up-Mu_nopt-Brunel_MC15TuneV1_ProbNNp>0.4-Brunel_P.Brunel_ETA.nTracks_Brunel-binning_iso.pkl'
Output folder: pidcalib_iso/run2-rdx-2017-mu-Mu_nopt_nnknng_gtlt-p_eta_ntracks
[I 260829 07:49:55 make_eff_hists:203] Running PIDCalib2 make_eff_hists with the config:
[I 260829 07:49:55 utils:153] ===============
[I 260829 07:49:55 utils:156] sample         : Turbo17
[I 260829 07:49:55 utils:156] magnet         : up
[I 260829 07:49:55 utils:156] particle       : Mu_nopt
[I 260829 07:49:55 utils:156] pid_cuts       : ['Brunel_MC15TuneV1_ProbNNk>0.2&Brunel_MC15TuneV1_ProbNNghost<0.3']
[I 260829 07:49:55 utils:156] bin_vars       : ['Brunel_P', 'Brunel_ETA', 'nTracks_Brunel']
[I 260829 07:49:55 utils:156] binning_files  : ['./binning_iso.json']
[I 260829 07:49:55 utils:156] output_dir     : pidcalib_iso/run2-rdx-2017-mu-Mu_nopt_nnknng_gtlt-p_eta_ntracks
[I 260829 07:49:55 utils:156] verbose        : False
[I 260829 07:49:55 utils:156] version        : 1.5.6
[I 260829 07:49:55 utils:157] ===============
[W 260829 07:49:55 make_eff_hists:207] No --cut specified. Cuts on PID samples should match your sample cuts.
[I 260829 07:49:55 utils:609] 32 calibration files from EOS will be processed
[I 260829 07:49:55 binning:543] Loading binnings from ./binning_iso.json
[W 260829 07:49:55 binning:581] The following custom binnings are not being used: [{'particle': 'Pi', 'bin_var': 'Brunel_P'}, {'particle': 'Pi', 'bin_var': 'Brunel_ETA'}, {'particle': 'Pi', 'bin_var': 'nTracks_Brunel'}, {'particle': 'K', 'bin_var': 'Brunel_P'}, {'particle': 'K', 'bin_var': 'Brunel_ETA'}, {'particle': 'K', 'bin_var': 'nTracks_Brunel'}, {'particle': 'P', 'bin_var': 'Brunel_P'}, {'particle': 'P', 'bin_var': 'Brunel_ETA'}, {'particle': 'P', 'bin_var': 'nTracks_Brunel'}, {'particle': 'e_B_Jpsi', 'bin_var': 'Brunel_P'}, {'particle': 'e_B_Jpsi', 'bin_var': 'Brunel_ETA'}, {'particle': 'e_B_Jpsi', 'bin_var': 'nTracks'}]
[I 260829 07:51:53 utils:819] Processed 32/32 files
[I 260829 07:51:53 utils:966] 49450537/49967999 (99.0%) events passed binning range cut
[I 260829 07:51:53 utils:966] 6162556/49450537 (12.5%) events passed 'Brunel_MC15TuneV1_ProbNNk>0.2&Brunel_MC15TuneV1_ProbNNghost<0.3' cut
[I 260829 07:51:53 make_eff_hists:270] Efficiency histograms saved to 'pidcalib_iso/run2-rdx-2017-mu-Mu_nopt_nnknng_gtlt-p_eta_ntracks/effhists-Turbo17-up-Mu_nopt-Brunel_MC15TuneV1_ProbNNk>0.2&Brunel_MC15TuneV1_ProbNNghost<0.3-Brunel_P.Brunel_ETA.nTracks_Brunel-binning_iso.pkl'
Output folder: pidcalib_iso/run2-rdx-2017-mu-Mu_nopt_nnknng_lt02lt02-p_eta_ntracks
[I 260829 07:51:56 make_eff_hists:203] Running PIDCalib2 make_eff_hists with the config:
[I 260829 07:51:56 utils:153] ===============
[I 260829 07:51:56 utils:156] sample         : Turbo17
[I 260829 07:51:56 utils:156] magnet         : up
[I 260829 07:51:56 utils:156] particle       : Mu_nopt
[I 260829 07:51:56 utils:156] pid_cuts       : ['Brunel_MC15TuneV1_ProbNNk<0.2&Brunel_MC15TuneV1_ProbNNghost<0.2']
[I 260829 07:51:56 utils:156] bin_vars       : ['Brunel_P', 'Brunel_ETA', 'nTracks_Brunel']
[I 260829 07:51:56 utils:156] binning_files  : ['./binning_iso.json']
[I 260829 07:51:56 utils:156] output_dir     : pidcalib_iso/run2-rdx-2017-mu-Mu_nopt_nnknng_lt02lt02-p_eta_ntracks
[I 260829 07:51:56 utils:156] verbose        : False
[I 260829 07:51:56 utils:156] version        : 1.5.6
[I 260829 07:51:56 utils:157] ===============
[W 260829 07:51:56 make_eff_hists:207] No --cut specified. Cuts on PID samples should match your sample cuts.
[I 260829 07:51:56 utils:609] 32 calibration files from EOS will be processed
[I 260829 07:51:56 binning:543] Loading binnings from ./binning_iso.json
[W 260829 07:51:56 binning:581] The following custom binnings are not being used: [{'particle': 'Pi', 'bin_var': 'Brunel_P'}, {'particle': 'Pi', 'bin_var': 'Brunel_ETA'}, {'particle': 'Pi', 'bin_var': 'nTracks_Brunel'}, {'particle': 'K', 'bin_var': 'Brunel_P'}, {'particle': 'K', 'bin_var': 'Brunel_ETA'}, {'particle': 'K', 'bin_var': 'nTracks_Brunel'}, {'particle': 'P', 'bin_var': 'Brunel_P'}, {'particle': 'P', 'bin_var': 'Brunel_ETA'}, {'particle': 'P', 'bin_var': 'nTracks_Brunel'}, {'particle': 'e_B_Jpsi', 'bin_var': 'Brunel_P'}, {'particle': 'e_B_Jpsi', 'bin_var': 'Brunel_ETA'}, {'particle': 'e_B_Jpsi', 'bin_var': 'nTracks'}]
[I 260829 07:53:59 utils:819] Processed 32/32 files
[I 260829 07:53:59 utils:966] 49450537/49967999 (99.0%) events passed binning range cut
[I 260829 07:53:59 utils:966] 39057568/49450537 (79.0%) events passed 'Brunel_MC15TuneV1_ProbNNk<0.2&Brunel_MC15TuneV1_ProbNNghost<0.2' cut
[I 260829 07:53:59 make_eff_hists:270] Efficiency histograms saved to 'pidcalib_iso/run2-rdx-2017-mu-Mu_nopt_nnknng_lt02lt02-p_eta_ntracks/effhists-Turbo17-up-Mu_nopt-Brunel_MC15TuneV1_ProbNNk<0.2&Brunel_MC15TuneV1_ProbNNghost<0.2-Brunel_P.Brunel_ETA.nTracks_Brunel-binning_iso.pkl'
Output folder: pidcalib_iso/run2-rdx-2017-mu-e_B_Jpsi_nnpnng_gtlt-p_eta_ntracks
[I 260829 07:54:02 make_eff_hists:203] Running PIDCalib2 make_eff_hists with the config:
[I 260829 07:54:02 utils:153] ===============
[I 260829 07:54:02 utils:156] sample         : Electron17
[I 260829 07:54:02 utils:156] magnet         : up
[I 260829 07:54:02 utils:156] particle       : e_B_Jpsi
[I 260829 07:54:02 utils:156] pid_cuts       : ['Brunel_MC15TuneV1_ProbNNp>0.4&Brunel_MC15TuneV1_ProbNNghost<0.3']
[I 260829 07:54:02 utils:156] bin_vars       : ['Brunel_P', 'Brunel_ETA', 'nTracks']
[I 260829 07:54:02 utils:156] binning_files  : ['./binning_iso.json']
[I 260829 07:54:02 utils:156] output_dir     : pidcalib_iso/run2-rdx-2017-mu-e_B_Jpsi_nnpnng_gtlt-p_eta_ntracks
[I 260829 07:54:02 utils:156] verbose        : False
[I 260829 07:54:02 utils:156] version        : 1.5.6
[I 260829 07:54:02 utils:157] ===============
[W 260829 07:54:02 make_eff_hists:207] No --cut specified. Cuts on PID samples should match your sample cuts.
[I 260829 07:54:02 utils:609] 1 calibration files from EOS will be processed
[I 260829 07:54:02 binning:543] Loading binnings from ./binning_iso.json
[W 260829 07:54:02 binning:581] The following custom binnings are not being used: [{'particle': 'Pi', 'bin_var': 'Brunel_P'}, {'particle': 'Pi', 'bin_var': 'Brunel_ETA'}, {'particle': 'Pi', 'bin_var': 'nTracks_Brunel'}, {'particle': 'K', 'bin_var': 'Brunel_P'}, {'particle': 'K', 'bin_var': 'Brunel_ETA'}, {'particle': 'K', 'bin_var': 'nTracks_Brunel'}, {'particle': 'P', 'bin_var': 'Brunel_P'}, {'particle': 'P', 'bin_var': 'Brunel_ETA'}, {'particle': 'P', 'bin_var': 'nTracks_Brunel'}, {'particle': 'Mu_nopt', 'bin_var': 'Brunel_P'}, {'particle': 'Mu_nopt', 'bin_var': 'Brunel_ETA'}, {'particle': 'Mu_nopt', 'bin_var': 'nTracks_Brunel'}]
[I 260829 07:54:06 utils:819] Processed 1/1 files
[I 260829 07:54:06 utils:966] 560727/561918 (99.8%) events passed binning range cut
[I 260829 07:54:06 utils:966] 31059/560727 (5.5%) events passed 'Brunel_MC15TuneV1_ProbNNp>0.4&Brunel_MC15TuneV1_ProbNNghost<0.3' cut
[W 260829 07:54:06 utils:77] There are 4 empty bins in the total histogram! You might want to change the binning.
[W 260829 07:54:06 utils:91] There are 22 non-empty bins with < 10 events in the total histogram! You might want to change the binning.
[W 260829 07:54:06 utils:122] There are 3 negative bins in the 'eff_Brunel_MC15TuneV1_ProbNNp>0.4&Brunel_MC15TuneV1_ProbNNghost<0.3' efficiency histogram! You might want to change the binning.
[W 260829 07:54:06 utils:131] There are 1 bins > 1 in the 'eff_Brunel_MC15TuneV1_ProbNNp>0.4&Brunel_MC15TuneV1_ProbNNghost<0.3' efficiency histogram! You might want to change the binning.
[I 260829 07:54:06 make_eff_hists:270] Efficiency histograms saved to 'pidcalib_iso/run2-rdx-2017-mu-e_B_Jpsi_nnpnng_gtlt-p_eta_ntracks/effhists-Electron17-up-e_B_Jpsi-Brunel_MC15TuneV1_ProbNNp>0.4&Brunel_MC15TuneV1_ProbNNghost<0.3-Brunel_P.Brunel_ETA.nTracks-binning_iso.pkl'
Output folder: pidcalib_iso/run2-rdx-2017-mu-e_B_Jpsi_nnk_gt-p_eta_ntracks
[I 260829 07:54:08 make_eff_hists:203] Running PIDCalib2 make_eff_hists with the config:
[I 260829 07:54:08 utils:153] ===============
[I 260829 07:54:08 utils:156] sample         : Electron17
[I 260829 07:54:08 utils:156] magnet         : up
[I 260829 07:54:08 utils:156] particle       : e_B_Jpsi
[I 260829 07:54:08 utils:156] pid_cuts       : ['Brunel_MC15TuneV1_ProbNNk>0.2']
[I 260829 07:54:08 utils:156] bin_vars       : ['Brunel_P', 'Brunel_ETA', 'nTracks']
[I 260829 07:54:08 utils:156] binning_files  : ['./binning_iso.json']
[I 260829 07:54:08 utils:156] output_dir     : pidcalib_iso/run2-rdx-2017-mu-e_B_Jpsi_nnk_gt-p_eta_ntracks
[I 260829 07:54:08 utils:156] verbose        : False
[I 260829 07:54:08 utils:156] version        : 1.5.6
[I 260829 07:54:08 utils:157] ===============
[W 260829 07:54:08 make_eff_hists:207] No --cut specified. Cuts on PID samples should match your sample cuts.
[I 260829 07:54:08 utils:609] 1 calibration files from EOS will be processed
[I 260829 07:54:08 binning:543] Loading binnings from ./binning_iso.json
[W 260829 07:54:08 binning:581] The following custom binnings are not being used: [{'particle': 'Pi', 'bin_var': 'Brunel_P'}, {'particle': 'Pi', 'bin_var': 'Brunel_ETA'}, {'particle': 'Pi', 'bin_var': 'nTracks_Brunel'}, {'particle': 'K', 'bin_var': 'Brunel_P'}, {'particle': 'K', 'bin_var': 'Brunel_ETA'}, {'particle': 'K', 'bin_var': 'nTracks_Brunel'}, {'particle': 'P', 'bin_var': 'Brunel_P'}, {'particle': 'P', 'bin_var': 'Brunel_ETA'}, {'particle': 'P', 'bin_var': 'nTracks_Brunel'}, {'particle': 'Mu_nopt', 'bin_var': 'Brunel_P'}, {'particle': 'Mu_nopt', 'bin_var': 'Brunel_ETA'}, {'particle': 'Mu_nopt', 'bin_var': 'nTracks_Brunel'}]
[I 260829 07:54:13 utils:819] Processed 1/1 files
[I 260829 07:54:13 utils:966] 560727/561918 (99.8%) events passed binning range cut
[I 260829 07:54:13 utils:966] 88342/560727 (15.8%) events passed 'Brunel_MC15TuneV1_ProbNNk>0.2' cut
[W 260829 07:54:13 utils:77] There are 4 empty bins in the total histogram! You might want to change the binning.
[W 260829 07:54:13 utils:91] There are 22 non-empty bins with < 10 events in the total histogram! You might want to change the binning.
[W 260829 07:54:13 utils:122] There are 5 negative bins in the 'eff_Brunel_MC15TuneV1_ProbNNk>0.2' efficiency histogram! You might want to change the binning.
[W 260829 07:54:13 utils:131] There are 2 bins > 1 in the 'eff_Brunel_MC15TuneV1_ProbNNk>0.2' efficiency histogram! You might want to change the binning.
[I 260829 07:54:13 make_eff_hists:270] Efficiency histograms saved to 'pidcalib_iso/run2-rdx-2017-mu-e_B_Jpsi_nnk_gt-p_eta_ntracks/effhists-Electron17-up-e_B_Jpsi-Brunel_MC15TuneV1_ProbNNk>0.2-Brunel_P.Brunel_ETA.nTracks-binning_iso.pkl'
Output folder: pidcalib_iso/run2-rdx-2017-mu-e_B_Jpsi_nnknng_gt02lt02-p_eta_ntracks
[I 260829 07:54:15 make_eff_hists:203] Running PIDCalib2 make_eff_hists with the config:
[I 260829 07:54:15 utils:153] ===============
[I 260829 07:54:15 utils:156] sample         : Electron17
[I 260829 07:54:15 utils:156] magnet         : up
[I 260829 07:54:15 utils:156] particle       : e_B_Jpsi
[I 260829 07:54:15 utils:156] pid_cuts       : ['Brunel_MC15TuneV1_ProbNNk>0.2&Brunel_MC15TuneV1_ProbNNghost<0.2']
[I 260829 07:54:15 utils:156] bin_vars       : ['Brunel_P', 'Brunel_ETA', 'nTracks']
[I 260829 07:54:15 utils:156] binning_files  : ['./binning_iso.json']
[I 260829 07:54:15 utils:156] output_dir     : pidcalib_iso/run2-rdx-2017-mu-e_B_Jpsi_nnknng_gt02lt02-p_eta_ntracks
[I 260829 07:54:15 utils:156] verbose        : False
[I 260829 07:54:15 utils:156] version        : 1.5.6
[I 260829 07:54:15 utils:157] ===============
[W 260829 07:54:15 make_eff_hists:207] No --cut specified. Cuts on PID samples should match your sample cuts.
[I 260829 07:54:15 utils:609] 1 calibration files from EOS will be processed
[I 260829 07:54:15 binning:543] Loading binnings from ./binning_iso.json
[W 260829 07:54:15 binning:581] The following custom binnings are not being used: [{'particle': 'Pi', 'bin_var': 'Brunel_P'}, {'particle': 'Pi', 'bin_var': 'Brunel_ETA'}, {'particle': 'Pi', 'bin_var': 'nTracks_Brunel'}, {'particle': 'K', 'bin_var': 'Brunel_P'}, {'particle': 'K', 'bin_var': 'Brunel_ETA'}, {'particle': 'K', 'bin_var': 'nTracks_Brunel'}, {'particle': 'P', 'bin_var': 'Brunel_P'}, {'particle': 'P', 'bin_var': 'Brunel_ETA'}, {'particle': 'P', 'bin_var': 'nTracks_Brunel'}, {'particle': 'Mu_nopt', 'bin_var': 'Brunel_P'}, {'particle': 'Mu_nopt', 'bin_var': 'Brunel_ETA'}, {'particle': 'Mu_nopt', 'bin_var': 'nTracks_Brunel'}]
[I 260829 07:54:16 utils:819] Processed 1/1 files
[I 260829 07:54:16 utils:966] 560727/561918 (99.8%) events passed binning range cut
[I 260829 07:54:16 utils:966] 72614/560727 (12.9%) events passed 'Brunel_MC15TuneV1_ProbNNk>0.2&Brunel_MC15TuneV1_ProbNNghost<0.2' cut
[W 260829 07:54:16 utils:77] There are 4 empty bins in the total histogram! You might want to change the binning.
[W 260829 07:54:16 utils:91] There are 22 non-empty bins with < 10 events in the total histogram! You might want to change the binning.
[W 260829 07:54:16 utils:122] There are 6 negative bins in the 'eff_Brunel_MC15TuneV1_ProbNNk>0.2&Brunel_MC15TuneV1_ProbNNghost<0.2' efficiency histogram! You might want to change the binning.
[W 260829 07:54:16 utils:131] There are 2 bins > 1 in the 'eff_Brunel_MC15TuneV1_ProbNNk>0.2&Brunel_MC15TuneV1_ProbNNghost<0.2' efficiency histogram! You might want to change the binning.
[I 260829 07:54:16 make_eff_hists:270] Efficiency histograms saved to 'pidcalib_iso/run2-rdx-2017-mu-e_B_Jpsi_nnknng_gt02lt02-p_eta_ntracks/effhists-Electron17-up-e_B_Jpsi-Brunel_MC15TuneV1_ProbNNk>0.2&Brunel_MC15TuneV1_ProbNNghost<0.2-Brunel_P.Brunel_ETA.nTracks-binning_iso.pkl'
Output folder: pidcalib_iso/run2-rdx-2017-mu-e_B_Jpsi_nnknng_ltlt-p_eta_ntracks
[I 260829 07:54:19 make_eff_hists:203] Running PIDCalib2 make_eff_hists with the config:
[I 260829 07:54:19 utils:153] ===============
[I 260829 07:54:19 utils:156] sample         : Electron17
[I 260829 07:54:19 utils:156] magnet         : up
[I 260829 07:54:19 utils:156] particle       : e_B_Jpsi
[I 260829 07:54:19 utils:156] pid_cuts       : ['Brunel_MC15TuneV1_ProbNNk<0.2&Brunel_MC15TuneV1_ProbNNghost<0.3']
[I 260829 07:54:19 utils:156] bin_vars       : ['Brunel_P', 'Brunel_ETA', 'nTracks']
[I 260829 07:54:19 utils:156] binning_files  : ['./binning_iso.json']
[I 260829 07:54:19 utils:156] output_dir     : pidcalib_iso/run2-rdx-2017-mu-e_B_Jpsi_nnknng_ltlt-p_eta_ntracks
[I 260829 07:54:19 utils:156] verbose        : False
[I 260829 07:54:19 utils:156] version        : 1.5.6
[I 260829 07:54:19 utils:157] ===============
[W 260829 07:54:19 make_eff_hists:207] No --cut specified. Cuts on PID samples should match your sample cuts.
[I 260829 07:54:19 utils:609] 1 calibration files from EOS will be processed
[I 260829 07:54:19 binning:543] Loading binnings from ./binning_iso.json
[W 260829 07:54:19 binning:581] The following custom binnings are not being used: [{'particle': 'Pi', 'bin_var': 'Brunel_P'}, {'particle': 'Pi', 'bin_var': 'Brunel_ETA'}, {'particle': 'Pi', 'bin_var': 'nTracks_Brunel'}, {'particle': 'K', 'bin_var': 'Brunel_P'}, {'particle': 'K', 'bin_var': 'Brunel_ETA'}, {'particle': 'K', 'bin_var': 'nTracks_Brunel'}, {'particle': 'P', 'bin_var': 'Brunel_P'}, {'particle': 'P', 'bin_var': 'Brunel_ETA'}, {'particle': 'P', 'bin_var': 'nTracks_Brunel'}, {'particle': 'Mu_nopt', 'bin_var': 'Brunel_P'}, {'particle': 'Mu_nopt', 'bin_var': 'Brunel_ETA'}, {'particle': 'Mu_nopt', 'bin_var': 'nTracks_Brunel'}]
[I 260829 07:54:20 utils:819] Processed 1/1 files
[I 260829 07:54:20 utils:966] 560727/561918 (99.8%) events passed binning range cut
[I 260829 07:54:20 utils:966] 405304/560727 (72.3%) events passed 'Brunel_MC15TuneV1_ProbNNk<0.2&Brunel_MC15TuneV1_ProbNNghost<0.3' cut
[W 260829 07:54:20 utils:77] There are 4 empty bins in the total histogram! You might want to change the binning.
[W 260829 07:54:20 utils:91] There are 22 non-empty bins with < 10 events in the total histogram! You might want to change the binning.
[W 260829 07:54:20 utils:122] There are 2 negative bins in the 'eff_Brunel_MC15TuneV1_ProbNNk<0.2&Brunel_MC15TuneV1_ProbNNghost<0.3' efficiency histogram! You might want to change the binning.
[W 260829 07:54:20 utils:131] There are 3 bins > 1 in the 'eff_Brunel_MC15TuneV1_ProbNNk<0.2&Brunel_MC15TuneV1_ProbNNghost<0.3' efficiency histogram! You might want to change the binning.
[I 260829 07:54:20 make_eff_hists:270] Efficiency histograms saved to 'pidcalib_iso/run2-rdx-2017-mu-e_B_Jpsi_nnknng_ltlt-p_eta_ntracks/effhists-Electron17-up-e_B_Jpsi-Brunel_MC15TuneV1_ProbNNk<0.2&Brunel_MC15TuneV1_ProbNNghost<0.3-Brunel_P.Brunel_ETA.nTracks-binning_iso.pkl'
Output folder: pidcalib_iso/run2-rdx-2017-mu-e_B_Jpsi_nnp_gt-p_eta_ntracks
[I 260829 07:54:22 make_eff_hists:203] Running PIDCalib2 make_eff_hists with the config:
[I 260829 07:54:22 utils:153] ===============
[I 260829 07:54:22 utils:156] sample         : Electron17
[I 260829 07:54:22 utils:156] magnet         : up
[I 260829 07:54:22 utils:156] particle       : e_B_Jpsi
[I 260829 07:54:22 utils:156] pid_cuts       : ['Brunel_MC15TuneV1_ProbNNp>0.4']
[I 260829 07:54:22 utils:156] bin_vars       : ['Brunel_P', 'Brunel_ETA', 'nTracks']
[I 260829 07:54:22 utils:156] binning_files  : ['./binning_iso.json']
[I 260829 07:54:22 utils:156] output_dir     : pidcalib_iso/run2-rdx-2017-mu-e_B_Jpsi_nnp_gt-p_eta_ntracks
[I 260829 07:54:22 utils:156] verbose        : False
[I 260829 07:54:22 utils:156] version        : 1.5.6
[I 260829 07:54:22 utils:157] ===============
[W 260829 07:54:22 make_eff_hists:207] No --cut specified. Cuts on PID samples should match your sample cuts.
[I 260829 07:54:22 utils:609] 1 calibration files from EOS will be processed
[I 260829 07:54:22 binning:543] Loading binnings from ./binning_iso.json
[W 260829 07:54:22 binning:581] The following custom binnings are not being used: [{'particle': 'Pi', 'bin_var': 'Brunel_P'}, {'particle': 'Pi', 'bin_var': 'Brunel_ETA'}, {'particle': 'Pi', 'bin_var': 'nTracks_Brunel'}, {'particle': 'K', 'bin_var': 'Brunel_P'}, {'particle': 'K', 'bin_var': 'Brunel_ETA'}, {'particle': 'K', 'bin_var': 'nTracks_Brunel'}, {'particle': 'P', 'bin_var': 'Brunel_P'}, {'particle': 'P', 'bin_var': 'Brunel_ETA'}, {'particle': 'P', 'bin_var': 'nTracks_Brunel'}, {'particle': 'Mu_nopt', 'bin_var': 'Brunel_P'}, {'particle': 'Mu_nopt', 'bin_var': 'Brunel_ETA'}, {'particle': 'Mu_nopt', 'bin_var': 'nTracks_Brunel'}]
[I 260829 07:54:23 utils:819] Processed 1/1 files
[I 260829 07:54:23 utils:966] 560727/561918 (99.8%) events passed binning range cut
[I 260829 07:54:23 utils:966] 34805/560727 (6.2%) events passed 'Brunel_MC15TuneV1_ProbNNp>0.4' cut
[W 260829 07:54:23 utils:77] There are 4 empty bins in the total histogram! You might want to change the binning.
[W 260829 07:54:23 utils:91] There are 22 non-empty bins with < 10 events in the total histogram! You might want to change the binning.
[W 260829 07:54:23 utils:122] There are 2 negative bins in the 'eff_Brunel_MC15TuneV1_ProbNNp>0.4' efficiency histogram! You might want to change the binning.
[W 260829 07:54:23 utils:131] There are 2 bins > 1 in the 'eff_Brunel_MC15TuneV1_ProbNNp>0.4' efficiency histogram! You might want to change the binning.
[I 260829 07:54:23 make_eff_hists:270] Efficiency histograms saved to 'pidcalib_iso/run2-rdx-2017-mu-e_B_Jpsi_nnp_gt-p_eta_ntracks/effhists-Electron17-up-e_B_Jpsi-Brunel_MC15TuneV1_ProbNNp>0.4-Brunel_P.Brunel_ETA.nTracks-binning_iso.pkl'
Output folder: pidcalib_iso/run2-rdx-2017-mu-e_B_Jpsi_nnknng_gtlt-p_eta_ntracks
[I 260829 07:54:26 make_eff_hists:203] Running PIDCalib2 make_eff_hists with the config:
[I 260829 07:54:26 utils:153] ===============
[I 260829 07:54:26 utils:156] sample         : Electron17
[I 260829 07:54:26 utils:156] magnet         : up
[I 260829 07:54:26 utils:156] particle       : e_B_Jpsi
[I 260829 07:54:26 utils:156] pid_cuts       : ['Brunel_MC15TuneV1_ProbNNk>0.2&Brunel_MC15TuneV1_ProbNNghost<0.3']
[I 260829 07:54:26 utils:156] bin_vars       : ['Brunel_P', 'Brunel_ETA', 'nTracks']
[I 260829 07:54:26 utils:156] binning_files  : ['./binning_iso.json']
[I 260829 07:54:26 utils:156] output_dir     : pidcalib_iso/run2-rdx-2017-mu-e_B_Jpsi_nnknng_gtlt-p_eta_ntracks
[I 260829 07:54:26 utils:156] verbose        : False
[I 260829 07:54:26 utils:156] version        : 1.5.6
[I 260829 07:54:26 utils:157] ===============
[W 260829 07:54:26 make_eff_hists:207] No --cut specified. Cuts on PID samples should match your sample cuts.
[I 260829 07:54:26 utils:609] 1 calibration files from EOS will be processed
[I 260829 07:54:26 binning:543] Loading binnings from ./binning_iso.json
[W 260829 07:54:26 binning:581] The following custom binnings are not being used: [{'particle': 'Pi', 'bin_var': 'Brunel_P'}, {'particle': 'Pi', 'bin_var': 'Brunel_ETA'}, {'particle': 'Pi', 'bin_var': 'nTracks_Brunel'}, {'particle': 'K', 'bin_var': 'Brunel_P'}, {'particle': 'K', 'bin_var': 'Brunel_ETA'}, {'particle': 'K', 'bin_var': 'nTracks_Brunel'}, {'particle': 'P', 'bin_var': 'Brunel_P'}, {'particle': 'P', 'bin_var': 'Brunel_ETA'}, {'particle': 'P', 'bin_var': 'nTracks_Brunel'}, {'particle': 'Mu_nopt', 'bin_var': 'Brunel_P'}, {'particle': 'Mu_nopt', 'bin_var': 'Brunel_ETA'}, {'particle': 'Mu_nopt', 'bin_var': 'nTracks_Brunel'}]
[I 260829 07:54:26 utils:819] Processed 1/1 files
[I 260829 07:54:26 utils:966] 560727/561918 (99.8%) events passed binning range cut
[I 260829 07:54:26 utils:966] 76938/560727 (13.7%) events passed 'Brunel_MC15TuneV1_ProbNNk>0.2&Brunel_MC15TuneV1_ProbNNghost<0.3' cut
[W 260829 07:54:26 utils:77] There are 4 empty bins in the total histogram! You might want to change the binning.
[W 260829 07:54:26 utils:91] There are 22 non-empty bins with < 10 events in the total histogram! You might want to change the binning.
[W 260829 07:54:26 utils:122] There are 6 negative bins in the 'eff_Brunel_MC15TuneV1_ProbNNk>0.2&Brunel_MC15TuneV1_ProbNNghost<0.3' efficiency histogram! You might want to change the binning.
[W 260829 07:54:26 utils:131] There are 2 bins > 1 in the 'eff_Brunel_MC15TuneV1_ProbNNk>0.2&Brunel_MC15TuneV1_ProbNNghost<0.3' efficiency histogram! You might want to change the binning.
[I 260829 07:54:26 make_eff_hists:270] Efficiency histograms saved to 'pidcalib_iso/run2-rdx-2017-mu-e_B_Jpsi_nnknng_gtlt-p_eta_ntracks/effhists-Electron17-up-e_B_Jpsi-Brunel_MC15TuneV1_ProbNNk>0.2&Brunel_MC15TuneV1_ProbNNghost<0.3-Brunel_P.Brunel_ETA.nTracks-binning_iso.pkl'
Output folder: pidcalib_iso/run2-rdx-2017-mu-e_B_Jpsi_nnknng_lt02lt02-p_eta_ntracks
[I 260829 07:54:29 make_eff_hists:203] Running PIDCalib2 make_eff_hists with the config:
[I 260829 07:54:29 utils:153] ===============
[I 260829 07:54:29 utils:156] sample         : Electron17
[I 260829 07:54:29 utils:156] magnet         : up
[I 260829 07:54:29 utils:156] particle       : e_B_Jpsi
[I 260829 07:54:29 utils:156] pid_cuts       : ['Brunel_MC15TuneV1_ProbNNk<0.2&Brunel_MC15TuneV1_ProbNNghost<0.2']
[I 260829 07:54:29 utils:156] bin_vars       : ['Brunel_P', 'Brunel_ETA', 'nTracks']
[I 260829 07:54:29 utils:156] binning_files  : ['./binning_iso.json']
[I 260829 07:54:29 utils:156] output_dir     : pidcalib_iso/run2-rdx-2017-mu-e_B_Jpsi_nnknng_lt02lt02-p_eta_ntracks
[I 260829 07:54:29 utils:156] verbose        : False
[I 260829 07:54:29 utils:156] version        : 1.5.6
[I 260829 07:54:29 utils:157] ===============
[W 260829 07:54:29 make_eff_hists:207] No --cut specified. Cuts on PID samples should match your sample cuts.
[I 260829 07:54:29 utils:609] 1 calibration files from EOS will be processed
[I 260829 07:54:29 binning:543] Loading binnings from ./binning_iso.json
[W 260829 07:54:29 binning:581] The following custom binnings are not being used: [{'particle': 'Pi', 'bin_var': 'Brunel_P'}, {'particle': 'Pi', 'bin_var': 'Brunel_ETA'}, {'particle': 'Pi', 'bin_var': 'nTracks_Brunel'}, {'particle': 'K', 'bin_var': 'Brunel_P'}, {'particle': 'K', 'bin_var': 'Brunel_ETA'}, {'particle': 'K', 'bin_var': 'nTracks_Brunel'}, {'particle': 'P', 'bin_var': 'Brunel_P'}, {'particle': 'P', 'bin_var': 'Brunel_ETA'}, {'particle': 'P', 'bin_var': 'nTracks_Brunel'}, {'particle': 'Mu_nopt', 'bin_var': 'Brunel_P'}, {'particle': 'Mu_nopt', 'bin_var': 'Brunel_ETA'}, {'particle': 'Mu_nopt', 'bin_var': 'nTracks_Brunel'}]
[I 260829 07:54:29 utils:819] Processed 1/1 files
[I 260829 07:54:29 utils:966] 560727/561918 (99.8%) events passed binning range cut
[I 260829 07:54:29 utils:966] 385131/560727 (68.7%) events passed 'Brunel_MC15TuneV1_ProbNNk<0.2&Brunel_MC15TuneV1_ProbNNghost<0.2' cut
[W 260829 07:54:29 utils:77] There are 4 empty bins in the total histogram! You might want to change the binning.
[W 260829 07:54:29 utils:91] There are 22 non-empty bins with < 10 events in the total histogram! You might want to change the binning.
[W 260829 07:54:29 utils:122] There are 2 negative bins in the 'eff_Brunel_MC15TuneV1_ProbNNk<0.2&Brunel_MC15TuneV1_ProbNNghost<0.2' efficiency histogram! You might want to change the binning.
[W 260829 07:54:29 utils:131] There are 2 bins > 1 in the 'eff_Brunel_MC15TuneV1_ProbNNk<0.2&Brunel_MC15TuneV1_ProbNNghost<0.2' efficiency histogram! You might want to change the binning.
[I 260829 07:54:29 make_eff_hists:270] Efficiency histograms saved to 'pidcalib_iso/run2-rdx-2017-mu-e_B_Jpsi_nnknng_lt02lt02-p_eta_ntracks/effhists-Electron17-up-e_B_Jpsi-Brunel_MC15TuneV1_ProbNNk<0.2&Brunel_MC15TuneV1_ProbNNghost<0.2-Brunel_P.Brunel_ETA.nTracks-binning_iso.pkl'
Output folder: pidcalib_iso/run2-rdx-2018-md-K_nnpnng_gtlt-p_eta_ntracks
[I 260829 07:54:32 make_eff_hists:203] Running PIDCalib2 make_eff_hists with the config:
[I 260829 07:54:32 utils:153] ===============
[I 260829 07:54:32 utils:156] sample         : Turbo18
[I 260829 07:54:32 utils:156] magnet         : down
[I 260829 07:54:32 utils:156] particle       : K
[I 260829 07:54:32 utils:156] pid_cuts       : ['Brunel_MC15TuneV1_ProbNNp>0.4&Brunel_MC15TuneV1_ProbNNghost<0.3']
[I 260829 07:54:32 utils:156] bin_vars       : ['Brunel_P', 'Brunel_ETA', 'nTracks_Brunel']
[I 260829 07:54:32 utils:156] binning_files  : ['./binning_iso.json']
[I 260829 07:54:32 utils:156] output_dir     : pidcalib_iso/run2-rdx-2018-md-K_nnpnng_gtlt-p_eta_ntracks
[I 260829 07:54:32 utils:156] verbose        : False
[I 260829 07:54:32 utils:156] version        : 1.5.6
[I 260829 07:54:32 utils:157] ===============
[W 260829 07:54:32 make_eff_hists:207] No --cut specified. Cuts on PID samples should match your sample cuts.
[I 260829 07:54:35 utils:609] 401 calibration files from EOS will be processed
[I 260829 07:54:35 binning:543] Loading binnings from ./binning_iso.json
[W 260829 07:54:35 binning:581] The following custom binnings are not being used: [{'particle': 'Pi', 'bin_var': 'Brunel_P'}, {'particle': 'Pi', 'bin_var': 'Brunel_ETA'}, {'particle': 'Pi', 'bin_var': 'nTracks_Brunel'}, {'particle': 'P', 'bin_var': 'Brunel_P'}, {'particle': 'P', 'bin_var': 'Brunel_ETA'}, {'particle': 'P', 'bin_var': 'nTracks_Brunel'}, {'particle': 'Mu_nopt', 'bin_var': 'Brunel_P'}, {'particle': 'Mu_nopt', 'bin_var': 'Brunel_ETA'}, {'particle': 'Mu_nopt', 'bin_var': 'nTracks_Brunel'}, {'particle': 'e_B_Jpsi', 'bin_var': 'Brunel_P'}, {'particle': 'e_B_Jpsi', 'bin_var': 'Brunel_ETA'}, {'particle': 'e_B_Jpsi', 'bin_var': 'nTracks'}]
[I 260829 08:02:36 utils:819] Processed 401/401 files
[I 260829 08:02:36 utils:966] 150043342/152975052 (98.1%) events passed binning range cut
[I 260829 08:02:36 utils:966] 23367025/150043342 (15.6%) events passed 'Brunel_MC15TuneV1_ProbNNp>0.4&Brunel_MC15TuneV1_ProbNNghost<0.3' cut
[I 260829 08:02:36 make_eff_hists:270] Efficiency histograms saved to 'pidcalib_iso/run2-rdx-2018-md-K_nnpnng_gtlt-p_eta_ntracks/effhists-Turbo18-down-K-Brunel_MC15TuneV1_ProbNNp>0.4&Brunel_MC15TuneV1_ProbNNghost<0.3-Brunel_P.Brunel_ETA.nTracks_Brunel-binning_iso.pkl'
Output folder: pidcalib_iso/run2-rdx-2018-md-K_nnk_gt-p_eta_ntracks
[I 260829 08:02:40 make_eff_hists:203] Running PIDCalib2 make_eff_hists with the config:
[I 260829 08:02:40 utils:153] ===============
[I 260829 08:02:40 utils:156] sample         : Turbo18
[I 260829 08:02:40 utils:156] magnet         : down
[I 260829 08:02:40 utils:156] particle       : K
[I 260829 08:02:40 utils:156] pid_cuts       : ['Brunel_MC15TuneV1_ProbNNk>0.2']
[I 260829 08:02:40 utils:156] bin_vars       : ['Brunel_P', 'Brunel_ETA', 'nTracks_Brunel']
[I 260829 08:02:40 utils:156] binning_files  : ['./binning_iso.json']
[I 260829 08:02:40 utils:156] output_dir     : pidcalib_iso/run2-rdx-2018-md-K_nnk_gt-p_eta_ntracks
[I 260829 08:02:40 utils:156] verbose        : False
[I 260829 08:02:40 utils:156] version        : 1.5.6
[I 260829 08:02:40 utils:157] ===============
[W 260829 08:02:40 make_eff_hists:207] No --cut specified. Cuts on PID samples should match your sample cuts.
[I 260829 08:02:40 utils:609] 401 calibration files from EOS will be processed
[I 260829 08:02:40 binning:543] Loading binnings from ./binning_iso.json
[W 260829 08:02:40 binning:581] The following custom binnings are not being used: [{'particle': 'Pi', 'bin_var': 'Brunel_P'}, {'particle': 'Pi', 'bin_var': 'Brunel_ETA'}, {'particle': 'Pi', 'bin_var': 'nTracks_Brunel'}, {'particle': 'P', 'bin_var': 'Brunel_P'}, {'particle': 'P', 'bin_var': 'Brunel_ETA'}, {'particle': 'P', 'bin_var': 'nTracks_Brunel'}, {'particle': 'Mu_nopt', 'bin_var': 'Brunel_P'}, {'particle': 'Mu_nopt', 'bin_var': 'Brunel_ETA'}, {'particle': 'Mu_nopt', 'bin_var': 'nTracks_Brunel'}, {'particle': 'e_B_Jpsi', 'bin_var': 'Brunel_P'}, {'particle': 'e_B_Jpsi', 'bin_var': 'Brunel_ETA'}, {'particle': 'e_B_Jpsi', 'bin_var': 'nTracks'}]
[I 260829 08:10:12 utils:819] Processed 401/401 files
[I 260829 08:10:12 utils:966] 150043342/152975052 (98.1%) events passed binning range cut
[I 260829 08:10:12 utils:966] 132878305/150043342 (88.6%) events passed 'Brunel_MC15TuneV1_ProbNNk>0.2' cut
[I 260829 08:10:12 make_eff_hists:270] Efficiency histograms saved to 'pidcalib_iso/run2-rdx-2018-md-K_nnk_gt-p_eta_ntracks/effhists-Turbo18-down-K-Brunel_MC15TuneV1_ProbNNk>0.2-Brunel_P.Brunel_ETA.nTracks_Brunel-binning_iso.pkl'
Output folder: pidcalib_iso/run2-rdx-2018-md-K_nnknng_gt02lt02-p_eta_ntracks
[I 260829 08:10:15 make_eff_hists:203] Running PIDCalib2 make_eff_hists with the config:
[I 260829 08:10:15 utils:153] ===============
[I 260829 08:10:15 utils:156] sample         : Turbo18
[I 260829 08:10:15 utils:156] magnet         : down
[I 260829 08:10:15 utils:156] particle       : K
[I 260829 08:10:15 utils:156] pid_cuts       : ['Brunel_MC15TuneV1_ProbNNk>0.2&Brunel_MC15TuneV1_ProbNNghost<0.2']
[I 260829 08:10:15 utils:156] bin_vars       : ['Brunel_P', 'Brunel_ETA', 'nTracks_Brunel']
[I 260829 08:10:15 utils:156] binning_files  : ['./binning_iso.json']
[I 260829 08:10:15 utils:156] output_dir     : pidcalib_iso/run2-rdx-2018-md-K_nnknng_gt02lt02-p_eta_ntracks
[I 260829 08:10:15 utils:156] verbose        : False
[I 260829 08:10:15 utils:156] version        : 1.5.6
[I 260829 08:10:15 utils:157] ===============
[W 260829 08:10:15 make_eff_hists:207] No --cut specified. Cuts on PID samples should match your sample cuts.
[I 260829 08:10:18 utils:609] 401 calibration files from EOS will be processed
[I 260829 08:10:18 binning:543] Loading binnings from ./binning_iso.json
[W 260829 08:10:18 binning:581] The following custom binnings are not being used: [{'particle': 'Pi', 'bin_var': 'Brunel_P'}, {'particle': 'Pi', 'bin_var': 'Brunel_ETA'}, {'particle': 'Pi', 'bin_var': 'nTracks_Brunel'}, {'particle': 'P', 'bin_var': 'Brunel_P'}, {'particle': 'P', 'bin_var': 'Brunel_ETA'}, {'particle': 'P', 'bin_var': 'nTracks_Brunel'}, {'particle': 'Mu_nopt', 'bin_var': 'Brunel_P'}, {'particle': 'Mu_nopt', 'bin_var': 'Brunel_ETA'}, {'particle': 'Mu_nopt', 'bin_var': 'nTracks_Brunel'}, {'particle': 'e_B_Jpsi', 'bin_var': 'Brunel_P'}, {'particle': 'e_B_Jpsi', 'bin_var': 'Brunel_ETA'}, {'particle': 'e_B_Jpsi', 'bin_var': 'nTracks'}]
[I 260829 08:18:33 utils:819] Processed 401/401 files
[I 260829 08:18:33 utils:966] 150043342/152975052 (98.1%) events passed binning range cut
[I 260829 08:18:33 utils:966] 127389896/150043342 (84.9%) events passed 'Brunel_MC15TuneV1_ProbNNk>0.2&Brunel_MC15TuneV1_ProbNNghost<0.2' cut
[I 260829 08:18:33 make_eff_hists:270] Efficiency histograms saved to 'pidcalib_iso/run2-rdx-2018-md-K_nnknng_gt02lt02-p_eta_ntracks/effhists-Turbo18-down-K-Brunel_MC15TuneV1_ProbNNk>0.2&Brunel_MC15TuneV1_ProbNNghost<0.2-Brunel_P.Brunel_ETA.nTracks_Brunel-binning_iso.pkl'
Output folder: pidcalib_iso/run2-rdx-2018-md-K_nnknng_ltlt-p_eta_ntracks
[I 260829 08:18:37 make_eff_hists:203] Running PIDCalib2 make_eff_hists with the config:
[I 260829 08:18:37 utils:153] ===============
[I 260829 08:18:37 utils:156] sample         : Turbo18
[I 260829 08:18:37 utils:156] magnet         : down
[I 260829 08:18:37 utils:156] particle       : K
[I 260829 08:18:37 utils:156] pid_cuts       : ['Brunel_MC15TuneV1_ProbNNk<0.2&Brunel_MC15TuneV1_ProbNNghost<0.3']
[I 260829 08:18:37 utils:156] bin_vars       : ['Brunel_P', 'Brunel_ETA', 'nTracks_Brunel']
[I 260829 08:18:37 utils:156] binning_files  : ['./binning_iso.json']
[I 260829 08:18:37 utils:156] output_dir     : pidcalib_iso/run2-rdx-2018-md-K_nnknng_ltlt-p_eta_ntracks
[I 260829 08:18:37 utils:156] verbose        : False
[I 260829 08:18:37 utils:156] version        : 1.5.6
[I 260829 08:18:37 utils:157] ===============
[W 260829 08:18:37 make_eff_hists:207] No --cut specified. Cuts on PID samples should match your sample cuts.
[I 260829 08:18:37 utils:609] 401 calibration files from EOS will be processed
[I 260829 08:18:37 binning:543] Loading binnings from ./binning_iso.json
[W 260829 08:18:37 binning:581] The following custom binnings are not being used: [{'particle': 'Pi', 'bin_var': 'Brunel_P'}, {'particle': 'Pi', 'bin_var': 'Brunel_ETA'}, {'particle': 'Pi', 'bin_var': 'nTracks_Brunel'}, {'particle': 'P', 'bin_var': 'Brunel_P'}, {'particle': 'P', 'bin_var': 'Brunel_ETA'}, {'particle': 'P', 'bin_var': 'nTracks_Brunel'}, {'particle': 'Mu_nopt', 'bin_var': 'Brunel_P'}, {'particle': 'Mu_nopt', 'bin_var': 'Brunel_ETA'}, {'particle': 'Mu_nopt', 'bin_var': 'nTracks_Brunel'}, {'particle': 'e_B_Jpsi', 'bin_var': 'Brunel_P'}, {'particle': 'e_B_Jpsi', 'bin_var': 'Brunel_ETA'}, {'particle': 'e_B_Jpsi', 'bin_var': 'nTracks'}]
[I 260829 08:26:36 utils:819] Processed 401/401 files
[I 260829 08:26:36 utils:966] 150043342/152975052 (98.1%) events passed binning range cut
[I 260829 08:26:36 utils:966] 15509254/150043342 (10.3%) events passed 'Brunel_MC15TuneV1_ProbNNk<0.2&Brunel_MC15TuneV1_ProbNNghost<0.3' cut
[I 260829 08:26:36 make_eff_hists:270] Efficiency histograms saved to 'pidcalib_iso/run2-rdx-2018-md-K_nnknng_ltlt-p_eta_ntracks/effhists-Turbo18-down-K-Brunel_MC15TuneV1_ProbNNk<0.2&Brunel_MC15TuneV1_ProbNNghost<0.3-Brunel_P.Brunel_ETA.nTracks_Brunel-binning_iso.pkl'
Output folder: pidcalib_iso/run2-rdx-2018-md-K_nnp_gt-p_eta_ntracks
[I 260829 08:26:39 make_eff_hists:203] Running PIDCalib2 make_eff_hists with the config:
[I 260829 08:26:39 utils:153] ===============
[I 260829 08:26:39 utils:156] sample         : Turbo18
[I 260829 08:26:39 utils:156] magnet         : down
[I 260829 08:26:39 utils:156] particle       : K
[I 260829 08:26:39 utils:156] pid_cuts       : ['Brunel_MC15TuneV1_ProbNNp>0.4']
[I 260829 08:26:39 utils:156] bin_vars       : ['Brunel_P', 'Brunel_ETA', 'nTracks_Brunel']
[I 260829 08:26:39 utils:156] binning_files  : ['./binning_iso.json']
[I 260829 08:26:39 utils:156] output_dir     : pidcalib_iso/run2-rdx-2018-md-K_nnp_gt-p_eta_ntracks
[I 260829 08:26:39 utils:156] verbose        : False
[I 260829 08:26:39 utils:156] version        : 1.5.6
[I 260829 08:26:39 utils:157] ===============
[W 260829 08:26:39 make_eff_hists:207] No --cut specified. Cuts on PID samples should match your sample cuts.
[I 260829 08:26:43 utils:609] 401 calibration files from EOS will be processed
[I 260829 08:26:43 binning:543] Loading binnings from ./binning_iso.json
[W 260829 08:26:43 binning:581] The following custom binnings are not being used: [{'particle': 'Pi', 'bin_var': 'Brunel_P'}, {'particle': 'Pi', 'bin_var': 'Brunel_ETA'}, {'particle': 'Pi', 'bin_var': 'nTracks_Brunel'}, {'particle': 'P', 'bin_var': 'Brunel_P'}, {'particle': 'P', 'bin_var': 'Brunel_ETA'}, {'particle': 'P', 'bin_var': 'nTracks_Brunel'}, {'particle': 'Mu_nopt', 'bin_var': 'Brunel_P'}, {'particle': 'Mu_nopt', 'bin_var': 'Brunel_ETA'}, {'particle': 'Mu_nopt', 'bin_var': 'nTracks_Brunel'}, {'particle': 'e_B_Jpsi', 'bin_var': 'Brunel_P'}, {'particle': 'e_B_Jpsi', 'bin_var': 'Brunel_ETA'}, {'particle': 'e_B_Jpsi', 'bin_var': 'nTracks'}]
[I 260829 08:34:22 utils:819] Processed 401/401 files
[I 260829 08:34:22 utils:966] 150043342/152975052 (98.1%) events passed binning range cut
[I 260829 08:34:22 utils:966] 24143652/150043342 (16.1%) events passed 'Brunel_MC15TuneV1_ProbNNp>0.4' cut
[I 260829 08:34:22 make_eff_hists:270] Efficiency histograms saved to 'pidcalib_iso/run2-rdx-2018-md-K_nnp_gt-p_eta_ntracks/effhists-Turbo18-down-K-Brunel_MC15TuneV1_ProbNNp>0.4-Brunel_P.Brunel_ETA.nTracks_Brunel-binning_iso.pkl'
Output folder: pidcalib_iso/run2-rdx-2018-md-K_nnknng_gtlt-p_eta_ntracks
[I 260829 08:34:25 make_eff_hists:203] Running PIDCalib2 make_eff_hists with the config:
[I 260829 08:34:25 utils:153] ===============
[I 260829 08:34:25 utils:156] sample         : Turbo18
[I 260829 08:34:25 utils:156] magnet         : down
[I 260829 08:34:25 utils:156] particle       : K
[I 260829 08:34:25 utils:156] pid_cuts       : ['Brunel_MC15TuneV1_ProbNNk>0.2&Brunel_MC15TuneV1_ProbNNghost<0.3']
[I 260829 08:34:25 utils:156] bin_vars       : ['Brunel_P', 'Brunel_ETA', 'nTracks_Brunel']
[I 260829 08:34:25 utils:156] binning_files  : ['./binning_iso.json']
[I 260829 08:34:25 utils:156] output_dir     : pidcalib_iso/run2-rdx-2018-md-K_nnknng_gtlt-p_eta_ntracks
[I 260829 08:34:25 utils:156] verbose        : False
[I 260829 08:34:25 utils:156] version        : 1.5.6
[I 260829 08:34:25 utils:157] ===============
[W 260829 08:34:25 make_eff_hists:207] No --cut specified. Cuts on PID samples should match your sample cuts.
[I 260829 08:34:25 utils:609] 401 calibration files from EOS will be processed
[I 260829 08:34:25 binning:543] Loading binnings from ./binning_iso.json
[W 260829 08:34:25 binning:581] The following custom binnings are not being used: [{'particle': 'Pi', 'bin_var': 'Brunel_P'}, {'particle': 'Pi', 'bin_var': 'Brunel_ETA'}, {'particle': 'Pi', 'bin_var': 'nTracks_Brunel'}, {'particle': 'P', 'bin_var': 'Brunel_P'}, {'particle': 'P', 'bin_var': 'Brunel_ETA'}, {'particle': 'P', 'bin_var': 'nTracks_Brunel'}, {'particle': 'Mu_nopt', 'bin_var': 'Brunel_P'}, {'particle': 'Mu_nopt', 'bin_var': 'Brunel_ETA'}, {'particle': 'Mu_nopt', 'bin_var': 'nTracks_Brunel'}, {'particle': 'e_B_Jpsi', 'bin_var': 'Brunel_P'}, {'particle': 'e_B_Jpsi', 'bin_var': 'Brunel_ETA'}, {'particle': 'e_B_Jpsi', 'bin_var': 'nTracks'}]
[I 260829 08:42:33 utils:819] Processed 401/401 files
[I 260829 08:42:33 utils:966] 150043342/152975052 (98.1%) events passed binning range cut
[I 260829 08:42:33 utils:966] 129197565/150043342 (86.1%) events passed 'Brunel_MC15TuneV1_ProbNNk>0.2&Brunel_MC15TuneV1_ProbNNghost<0.3' cut
[I 260829 08:42:33 make_eff_hists:270] Efficiency histograms saved to 'pidcalib_iso/run2-rdx-2018-md-K_nnknng_gtlt-p_eta_ntracks/effhists-Turbo18-down-K-Brunel_MC15TuneV1_ProbNNk>0.2&Brunel_MC15TuneV1_ProbNNghost<0.3-Brunel_P.Brunel_ETA.nTracks_Brunel-binning_iso.pkl'
Output folder: pidcalib_iso/run2-rdx-2018-md-K_nnknng_lt02lt02-p_eta_ntracks
[I 260829 08:42:36 make_eff_hists:203] Running PIDCalib2 make_eff_hists with the config:
[I 260829 08:42:36 utils:153] ===============
[I 260829 08:42:36 utils:156] sample         : Turbo18
[I 260829 08:42:36 utils:156] magnet         : down
[I 260829 08:42:36 utils:156] particle       : K
[I 260829 08:42:36 utils:156] pid_cuts       : ['Brunel_MC15TuneV1_ProbNNk<0.2&Brunel_MC15TuneV1_ProbNNghost<0.2']
[I 260829 08:42:36 utils:156] bin_vars       : ['Brunel_P', 'Brunel_ETA', 'nTracks_Brunel']
[I 260829 08:42:36 utils:156] binning_files  : ['./binning_iso.json']
[I 260829 08:42:36 utils:156] output_dir     : pidcalib_iso/run2-rdx-2018-md-K_nnknng_lt02lt02-p_eta_ntracks
[I 260829 08:42:36 utils:156] verbose        : False
[I 260829 08:42:36 utils:156] version        : 1.5.6
[I 260829 08:42:36 utils:157] ===============
[W 260829 08:42:36 make_eff_hists:207] No --cut specified. Cuts on PID samples should match your sample cuts.
[I 260829 08:42:38 utils:609] 401 calibration files from EOS will be processed
[I 260829 08:42:39 binning:543] Loading binnings from ./binning_iso.json
[W 260829 08:42:39 binning:581] The following custom binnings are not being used: [{'particle': 'Pi', 'bin_var': 'Brunel_P'}, {'particle': 'Pi', 'bin_var': 'Brunel_ETA'}, {'particle': 'Pi', 'bin_var': 'nTracks_Brunel'}, {'particle': 'P', 'bin_var': 'Brunel_P'}, {'particle': 'P', 'bin_var': 'Brunel_ETA'}, {'particle': 'P', 'bin_var': 'nTracks_Brunel'}, {'particle': 'Mu_nopt', 'bin_var': 'Brunel_P'}, {'particle': 'Mu_nopt', 'bin_var': 'Brunel_ETA'}, {'particle': 'Mu_nopt', 'bin_var': 'nTracks_Brunel'}, {'particle': 'e_B_Jpsi', 'bin_var': 'Brunel_P'}, {'particle': 'e_B_Jpsi', 'bin_var': 'Brunel_ETA'}, {'particle': 'e_B_Jpsi', 'bin_var': 'nTracks'}]
[I 260829 08:50:49 utils:819] Processed 401/401 files
[I 260829 08:50:49 utils:966] 150043342/152975052 (98.1%) events passed binning range cut
[I 260829 08:50:49 utils:966] 14992895/150043342 (10.0%) events passed 'Brunel_MC15TuneV1_ProbNNk<0.2&Brunel_MC15TuneV1_ProbNNghost<0.2' cut
[I 260829 08:50:49 make_eff_hists:270] Efficiency histograms saved to 'pidcalib_iso/run2-rdx-2018-md-K_nnknng_lt02lt02-p_eta_ntracks/effhists-Turbo18-down-K-Brunel_MC15TuneV1_ProbNNk<0.2&Brunel_MC15TuneV1_ProbNNghost<0.2-Brunel_P.Brunel_ETA.nTracks_Brunel-binning_iso.pkl'
Output folder: pidcalib_iso/run2-rdx-2018-md-Pi_nnpnng_gtlt-p_eta_ntracks
[I 260829 08:50:53 make_eff_hists:203] Running PIDCalib2 make_eff_hists with the config:
[I 260829 08:50:53 utils:153] ===============
[I 260829 08:50:53 utils:156] sample         : Turbo18
[I 260829 08:50:53 utils:156] magnet         : down
[I 260829 08:50:53 utils:156] particle       : Pi
[I 260829 08:50:53 utils:156] pid_cuts       : ['Brunel_MC15TuneV1_ProbNNp>0.4&Brunel_MC15TuneV1_ProbNNghost<0.3']
[I 260829 08:50:53 utils:156] bin_vars       : ['Brunel_P', 'Brunel_ETA', 'nTracks_Brunel']
[I 260829 08:50:53 utils:156] binning_files  : ['./binning_iso.json']
[I 260829 08:50:53 utils:156] output_dir     : pidcalib_iso/run2-rdx-2018-md-Pi_nnpnng_gtlt-p_eta_ntracks
[I 260829 08:50:53 utils:156] verbose        : False
[I 260829 08:50:53 utils:156] version        : 1.5.6
[I 260829 08:50:53 utils:157] ===============
[W 260829 08:50:53 make_eff_hists:207] No --cut specified. Cuts on PID samples should match your sample cuts.
[I 260829 08:50:53 utils:609] 401 calibration files from EOS will be processed
[I 260829 08:50:53 binning:543] Loading binnings from ./binning_iso.json
[W 260829 08:50:53 binning:581] The following custom binnings are not being used: [{'particle': 'K', 'bin_var': 'Brunel_P'}, {'particle': 'K', 'bin_var': 'Brunel_ETA'}, {'particle': 'K', 'bin_var': 'nTracks_Brunel'}, {'particle': 'P', 'bin_var': 'Brunel_P'}, {'particle': 'P', 'bin_var': 'Brunel_ETA'}, {'particle': 'P', 'bin_var': 'nTracks_Brunel'}, {'particle': 'Mu_nopt', 'bin_var': 'Brunel_P'}, {'particle': 'Mu_nopt', 'bin_var': 'Brunel_ETA'}, {'particle': 'Mu_nopt', 'bin_var': 'nTracks_Brunel'}, {'particle': 'e_B_Jpsi', 'bin_var': 'Brunel_P'}, {'particle': 'e_B_Jpsi', 'bin_var': 'Brunel_ETA'}, {'particle': 'e_B_Jpsi', 'bin_var': 'nTracks'}]
[I 260829 08:58:54 utils:819] Processed 401/401 files
[I 260829 08:58:54 utils:966] 150383975/152975052 (98.3%) events passed binning range cut
[I 260829 08:58:54 utils:966] 2987595/150383975 (2.0%) events passed 'Brunel_MC15TuneV1_ProbNNp>0.4&Brunel_MC15TuneV1_ProbNNghost<0.3' cut
[I 260829 08:58:54 make_eff_hists:270] Efficiency histograms saved to 'pidcalib_iso/run2-rdx-2018-md-Pi_nnpnng_gtlt-p_eta_ntracks/effhists-Turbo18-down-Pi-Brunel_MC15TuneV1_ProbNNp>0.4&Brunel_MC15TuneV1_ProbNNghost<0.3-Brunel_P.Brunel_ETA.nTracks_Brunel-binning_iso.pkl'
Output folder: pidcalib_iso/run2-rdx-2018-md-Pi_nnk_gt-p_eta_ntracks
[I 260829 08:58:57 make_eff_hists:203] Running PIDCalib2 make_eff_hists with the config:
[I 260829 08:58:57 utils:153] ===============
[I 260829 08:58:57 utils:156] sample         : Turbo18
[I 260829 08:58:57 utils:156] magnet         : down
[I 260829 08:58:57 utils:156] particle       : Pi
[I 260829 08:58:57 utils:156] pid_cuts       : ['Brunel_MC15TuneV1_ProbNNk>0.2']
[I 260829 08:58:57 utils:156] bin_vars       : ['Brunel_P', 'Brunel_ETA', 'nTracks_Brunel']
[I 260829 08:58:57 utils:156] binning_files  : ['./binning_iso.json']
[I 260829 08:58:57 utils:156] output_dir     : pidcalib_iso/run2-rdx-2018-md-Pi_nnk_gt-p_eta_ntracks
[I 260829 08:58:57 utils:156] verbose        : False
[I 260829 08:58:57 utils:156] version        : 1.5.6
[I 260829 08:58:57 utils:157] ===============
[W 260829 08:58:57 make_eff_hists:207] No --cut specified. Cuts on PID samples should match your sample cuts.
[I 260829 08:59:10 utils:609] 401 calibration files from EOS will be processed
[I 260829 08:59:10 binning:543] Loading binnings from ./binning_iso.json
[W 260829 08:59:10 binning:581] The following custom binnings are not being used: [{'particle': 'K', 'bin_var': 'Brunel_P'}, {'particle': 'K', 'bin_var': 'Brunel_ETA'}, {'particle': 'K', 'bin_var': 'nTracks_Brunel'}, {'particle': 'P', 'bin_var': 'Brunel_P'}, {'particle': 'P', 'bin_var': 'Brunel_ETA'}, {'particle': 'P', 'bin_var': 'nTracks_Brunel'}, {'particle': 'Mu_nopt', 'bin_var': 'Brunel_P'}, {'particle': 'Mu_nopt', 'bin_var': 'Brunel_ETA'}, {'particle': 'Mu_nopt', 'bin_var': 'nTracks_Brunel'}, {'particle': 'e_B_Jpsi', 'bin_var': 'Brunel_P'}, {'particle': 'e_B_Jpsi', 'bin_var': 'Brunel_ETA'}, {'particle': 'e_B_Jpsi', 'bin_var': 'nTracks'}]
[I 260829 09:06:21 utils:819] Processed 401/401 files
[I 260829 09:06:21 utils:966] 150383975/152975052 (98.3%) events passed binning range cut
[I 260829 09:06:21 utils:966] 19963557/150383975 (13.3%) events passed 'Brunel_MC15TuneV1_ProbNNk>0.2' cut
[I 260829 09:06:21 make_eff_hists:270] Efficiency histograms saved to 'pidcalib_iso/run2-rdx-2018-md-Pi_nnk_gt-p_eta_ntracks/effhists-Turbo18-down-Pi-Brunel_MC15TuneV1_ProbNNk>0.2-Brunel_P.Brunel_ETA.nTracks_Brunel-binning_iso.pkl'
Output folder: pidcalib_iso/run2-rdx-2018-md-Pi_nnknng_gt02lt02-p_eta_ntracks
[I 260829 09:06:24 make_eff_hists:203] Running PIDCalib2 make_eff_hists with the config:
[I 260829 09:06:24 utils:153] ===============
[I 260829 09:06:24 utils:156] sample         : Turbo18
[I 260829 09:06:24 utils:156] magnet         : down
[I 260829 09:06:24 utils:156] particle       : Pi
[I 260829 09:06:24 utils:156] pid_cuts       : ['Brunel_MC15TuneV1_ProbNNk>0.2&Brunel_MC15TuneV1_ProbNNghost<0.2']
[I 260829 09:06:24 utils:156] bin_vars       : ['Brunel_P', 'Brunel_ETA', 'nTracks_Brunel']
[I 260829 09:06:24 utils:156] binning_files  : ['./binning_iso.json']
[I 260829 09:06:24 utils:156] output_dir     : pidcalib_iso/run2-rdx-2018-md-Pi_nnknng_gt02lt02-p_eta_ntracks
[I 260829 09:06:24 utils:156] verbose        : False
[I 260829 09:06:24 utils:156] version        : 1.5.6
[I 260829 09:06:24 utils:157] ===============
[W 260829 09:06:24 make_eff_hists:207] No --cut specified. Cuts on PID samples should match your sample cuts.
[I 260829 09:06:24 utils:609] 401 calibration files from EOS will be processed
[I 260829 09:06:24 binning:543] Loading binnings from ./binning_iso.json
[W 260829 09:06:24 binning:581] The following custom binnings are not being used: [{'particle': 'K', 'bin_var': 'Brunel_P'}, {'particle': 'K', 'bin_var': 'Brunel_ETA'}, {'particle': 'K', 'bin_var': 'nTracks_Brunel'}, {'particle': 'P', 'bin_var': 'Brunel_P'}, {'particle': 'P', 'bin_var': 'Brunel_ETA'}, {'particle': 'P', 'bin_var': 'nTracks_Brunel'}, {'particle': 'Mu_nopt', 'bin_var': 'Brunel_P'}, {'particle': 'Mu_nopt', 'bin_var': 'Brunel_ETA'}, {'particle': 'Mu_nopt', 'bin_var': 'nTracks_Brunel'}, {'particle': 'e_B_Jpsi', 'bin_var': 'Brunel_P'}, {'particle': 'e_B_Jpsi', 'bin_var': 'Brunel_ETA'}, {'particle': 'e_B_Jpsi', 'bin_var': 'nTracks'}]
[I 260829 09:14:25 utils:819] Processed 401/401 files
[I 260829 09:14:25 utils:966] 150383975/152975052 (98.3%) events passed binning range cut
[I 260829 09:14:25 utils:966] 18929939/150383975 (12.6%) events passed 'Brunel_MC15TuneV1_ProbNNk>0.2&Brunel_MC15TuneV1_ProbNNghost<0.2' cut
[I 260829 09:14:25 make_eff_hists:270] Efficiency histograms saved to 'pidcalib_iso/run2-rdx-2018-md-Pi_nnknng_gt02lt02-p_eta_ntracks/effhists-Turbo18-down-Pi-Brunel_MC15TuneV1_ProbNNk>0.2&Brunel_MC15TuneV1_ProbNNghost<0.2-Brunel_P.Brunel_ETA.nTracks_Brunel-binning_iso.pkl'
Output folder: pidcalib_iso/run2-rdx-2018-md-Pi_nnknng_ltlt-p_eta_ntracks
[I 260829 09:14:28 make_eff_hists:203] Running PIDCalib2 make_eff_hists with the config:
[I 260829 09:14:28 utils:153] ===============
[I 260829 09:14:28 utils:156] sample         : Turbo18
[I 260829 09:14:28 utils:156] magnet         : down
[I 260829 09:14:28 utils:156] particle       : Pi
[I 260829 09:14:28 utils:156] pid_cuts       : ['Brunel_MC15TuneV1_ProbNNk<0.2&Brunel_MC15TuneV1_ProbNNghost<0.3']
[I 260829 09:14:28 utils:156] bin_vars       : ['Brunel_P', 'Brunel_ETA', 'nTracks_Brunel']
[I 260829 09:14:28 utils:156] binning_files  : ['./binning_iso.json']
[I 260829 09:14:28 utils:156] output_dir     : pidcalib_iso/run2-rdx-2018-md-Pi_nnknng_ltlt-p_eta_ntracks
[I 260829 09:14:28 utils:156] verbose        : False
[I 260829 09:14:28 utils:156] version        : 1.5.6
[I 260829 09:14:28 utils:157] ===============
[W 260829 09:14:28 make_eff_hists:207] No --cut specified. Cuts on PID samples should match your sample cuts.
[I 260829 09:14:48 utils:609] 401 calibration files from EOS will be processed
[I 260829 09:14:48 binning:543] Loading binnings from ./binning_iso.json
[W 260829 09:14:48 binning:581] The following custom binnings are not being used: [{'particle': 'K', 'bin_var': 'Brunel_P'}, {'particle': 'K', 'bin_var': 'Brunel_ETA'}, {'particle': 'K', 'bin_var': 'nTracks_Brunel'}, {'particle': 'P', 'bin_var': 'Brunel_P'}, {'particle': 'P', 'bin_var': 'Brunel_ETA'}, {'particle': 'P', 'bin_var': 'nTracks_Brunel'}, {'particle': 'Mu_nopt', 'bin_var': 'Brunel_P'}, {'particle': 'Mu_nopt', 'bin_var': 'Brunel_ETA'}, {'particle': 'Mu_nopt', 'bin_var': 'nTracks_Brunel'}, {'particle': 'e_B_Jpsi', 'bin_var': 'Brunel_P'}, {'particle': 'e_B_Jpsi', 'bin_var': 'Brunel_ETA'}, {'particle': 'e_B_Jpsi', 'bin_var': 'nTracks'}]
[I 260829 09:22:48 utils:819] Processed 401/401 files
[I 260829 09:22:48 utils:966] 150383975/152975052 (98.3%) events passed binning range cut
[I 260829 09:22:48 utils:966] 126356557/150383975 (84.0%) events passed 'Brunel_MC15TuneV1_ProbNNk<0.2&Brunel_MC15TuneV1_ProbNNghost<0.3' cut
[I 260829 09:22:48 make_eff_hists:270] Efficiency histograms saved to 'pidcalib_iso/run2-rdx-2018-md-Pi_nnknng_ltlt-p_eta_ntracks/effhists-Turbo18-down-Pi-Brunel_MC15TuneV1_ProbNNk<0.2&Brunel_MC15TuneV1_ProbNNghost<0.3-Brunel_P.Brunel_ETA.nTracks_Brunel-binning_iso.pkl'
Output folder: pidcalib_iso/run2-rdx-2018-md-Pi_nnp_gt-p_eta_ntracks
[I 260829 09:22:52 make_eff_hists:203] Running PIDCalib2 make_eff_hists with the config:
[I 260829 09:22:52 utils:153] ===============
[I 260829 09:22:52 utils:156] sample         : Turbo18
[I 260829 09:22:52 utils:156] magnet         : down
[I 260829 09:22:52 utils:156] particle       : Pi
[I 260829 09:22:52 utils:156] pid_cuts       : ['Brunel_MC15TuneV1_ProbNNp>0.4']
[I 260829 09:22:52 utils:156] bin_vars       : ['Brunel_P', 'Brunel_ETA', 'nTracks_Brunel']
[I 260829 09:22:52 utils:156] binning_files  : ['./binning_iso.json']
[I 260829 09:22:52 utils:156] output_dir     : pidcalib_iso/run2-rdx-2018-md-Pi_nnp_gt-p_eta_ntracks
[I 260829 09:22:52 utils:156] verbose        : False
[I 260829 09:22:52 utils:156] version        : 1.5.6
[I 260829 09:22:52 utils:157] ===============
[W 260829 09:22:52 make_eff_hists:207] No --cut specified. Cuts on PID samples should match your sample cuts.
[I 260829 09:22:52 utils:609] 401 calibration files from EOS will be processed
[I 260829 09:22:52 binning:543] Loading binnings from ./binning_iso.json
[W 260829 09:22:52 binning:581] The following custom binnings are not being used: [{'particle': 'K', 'bin_var': 'Brunel_P'}, {'particle': 'K', 'bin_var': 'Brunel_ETA'}, {'particle': 'K', 'bin_var': 'nTracks_Brunel'}, {'particle': 'P', 'bin_var': 'Brunel_P'}, {'particle': 'P', 'bin_var': 'Brunel_ETA'}, {'particle': 'P', 'bin_var': 'nTracks_Brunel'}, {'particle': 'Mu_nopt', 'bin_var': 'Brunel_P'}, {'particle': 'Mu_nopt', 'bin_var': 'Brunel_ETA'}, {'particle': 'Mu_nopt', 'bin_var': 'nTracks_Brunel'}, {'particle': 'e_B_Jpsi', 'bin_var': 'Brunel_P'}, {'particle': 'e_B_Jpsi', 'bin_var': 'Brunel_ETA'}, {'particle': 'e_B_Jpsi', 'bin_var': 'nTracks'}]
[I 260829 09:30:26 utils:819] Processed 401/401 files
[I 260829 09:30:26 utils:966] 150383975/152975052 (98.3%) events passed binning range cut
[I 260829 09:30:26 utils:966] 3189381/150383975 (2.1%) events passed 'Brunel_MC15TuneV1_ProbNNp>0.4' cut
[I 260829 09:30:26 make_eff_hists:270] Efficiency histograms saved to 'pidcalib_iso/run2-rdx-2018-md-Pi_nnp_gt-p_eta_ntracks/effhists-Turbo18-down-Pi-Brunel_MC15TuneV1_ProbNNp>0.4-Brunel_P.Brunel_ETA.nTracks_Brunel-binning_iso.pkl'
Output folder: pidcalib_iso/run2-rdx-2018-md-Pi_nnknng_gtlt-p_eta_ntracks
[I 260829 09:30:30 make_eff_hists:203] Running PIDCalib2 make_eff_hists with the config:
[I 260829 09:30:30 utils:153] ===============
[I 260829 09:30:30 utils:156] sample         : Turbo18
[I 260829 09:30:30 utils:156] magnet         : down
[I 260829 09:30:30 utils:156] particle       : Pi
[I 260829 09:30:30 utils:156] pid_cuts       : ['Brunel_MC15TuneV1_ProbNNk>0.2&Brunel_MC15TuneV1_ProbNNghost<0.3']
[I 260829 09:30:30 utils:156] bin_vars       : ['Brunel_P', 'Brunel_ETA', 'nTracks_Brunel']
[I 260829 09:30:30 utils:156] binning_files  : ['./binning_iso.json']
[I 260829 09:30:30 utils:156] output_dir     : pidcalib_iso/run2-rdx-2018-md-Pi_nnknng_gtlt-p_eta_ntracks
[I 260829 09:30:30 utils:156] verbose        : False
[I 260829 09:30:30 utils:156] version        : 1.5.6
[I 260829 09:30:30 utils:157] ===============
[W 260829 09:30:30 make_eff_hists:207] No --cut specified. Cuts on PID samples should match your sample cuts.
[I 260829 09:30:31 utils:609] 401 calibration files from EOS will be processed
[I 260829 09:30:31 binning:543] Loading binnings from ./binning_iso.json
[W 260829 09:30:31 binning:581] The following custom binnings are not being used: [{'particle': 'K', 'bin_var': 'Brunel_P'}, {'particle': 'K', 'bin_var': 'Brunel_ETA'}, {'particle': 'K', 'bin_var': 'nTracks_Brunel'}, {'particle': 'P', 'bin_var': 'Brunel_P'}, {'particle': 'P', 'bin_var': 'Brunel_ETA'}, {'particle': 'P', 'bin_var': 'nTracks_Brunel'}, {'particle': 'Mu_nopt', 'bin_var': 'Brunel_P'}, {'particle': 'Mu_nopt', 'bin_var': 'Brunel_ETA'}, {'particle': 'Mu_nopt', 'bin_var': 'nTracks_Brunel'}, {'particle': 'e_B_Jpsi', 'bin_var': 'Brunel_P'}, {'particle': 'e_B_Jpsi', 'bin_var': 'Brunel_ETA'}, {'particle': 'e_B_Jpsi', 'bin_var': 'nTracks'}]
[I 260829 09:38:31 utils:819] Processed 401/401 files
[I 260829 09:38:31 utils:966] 150383975/152975052 (98.3%) events passed binning range cut
[I 260829 09:38:31 utils:966] 19266382/150383975 (12.8%) events passed 'Brunel_MC15TuneV1_ProbNNk>0.2&Brunel_MC15TuneV1_ProbNNghost<0.3' cut
[I 260829 09:38:31 make_eff_hists:270] Efficiency histograms saved to 'pidcalib_iso/run2-rdx-2018-md-Pi_nnknng_gtlt-p_eta_ntracks/effhists-Turbo18-down-Pi-Brunel_MC15TuneV1_ProbNNk>0.2&Brunel_MC15TuneV1_ProbNNghost<0.3-Brunel_P.Brunel_ETA.nTracks_Brunel-binning_iso.pkl'
Output folder: pidcalib_iso/run2-rdx-2018-md-Pi_nnknng_lt02lt02-p_eta_ntracks
[I 260829 09:38:34 make_eff_hists:203] Running PIDCalib2 make_eff_hists with the config:
[I 260829 09:38:34 utils:153] ===============
[I 260829 09:38:34 utils:156] sample         : Turbo18
[I 260829 09:38:34 utils:156] magnet         : down
[I 260829 09:38:34 utils:156] particle       : Pi
[I 260829 09:38:34 utils:156] pid_cuts       : ['Brunel_MC15TuneV1_ProbNNk<0.2&Brunel_MC15TuneV1_ProbNNghost<0.2']
[I 260829 09:38:34 utils:156] bin_vars       : ['Brunel_P', 'Brunel_ETA', 'nTracks_Brunel']
[I 260829 09:38:34 utils:156] binning_files  : ['./binning_iso.json']
[I 260829 09:38:34 utils:156] output_dir     : pidcalib_iso/run2-rdx-2018-md-Pi_nnknng_lt02lt02-p_eta_ntracks
[I 260829 09:38:34 utils:156] verbose        : False
[I 260829 09:38:34 utils:156] version        : 1.5.6
[I 260829 09:38:34 utils:157] ===============
[W 260829 09:38:34 make_eff_hists:207] No --cut specified. Cuts on PID samples should match your sample cuts.
[I 260829 09:38:34 utils:609] 401 calibration files from EOS will be processed
[I 260829 09:38:34 binning:543] Loading binnings from ./binning_iso.json
[W 260829 09:38:34 binning:581] The following custom binnings are not being used: [{'particle': 'K', 'bin_var': 'Brunel_P'}, {'particle': 'K', 'bin_var': 'Brunel_ETA'}, {'particle': 'K', 'bin_var': 'nTracks_Brunel'}, {'particle': 'P', 'bin_var': 'Brunel_P'}, {'particle': 'P', 'bin_var': 'Brunel_ETA'}, {'particle': 'P', 'bin_var': 'nTracks_Brunel'}, {'particle': 'Mu_nopt', 'bin_var': 'Brunel_P'}, {'particle': 'Mu_nopt', 'bin_var': 'Brunel_ETA'}, {'particle': 'Mu_nopt', 'bin_var': 'nTracks_Brunel'}, {'particle': 'e_B_Jpsi', 'bin_var': 'Brunel_P'}, {'particle': 'e_B_Jpsi', 'bin_var': 'Brunel_ETA'}, {'particle': 'e_B_Jpsi', 'bin_var': 'nTracks'}]
[I 260829 09:46:30 utils:819] Processed 401/401 files
[I 260829 09:46:30 utils:966] 150383975/152975052 (98.3%) events passed binning range cut
[I 260829 09:46:30 utils:966] 124435534/150383975 (82.7%) events passed 'Brunel_MC15TuneV1_ProbNNk<0.2&Brunel_MC15TuneV1_ProbNNghost<0.2' cut
[I 260829 09:46:30 make_eff_hists:270] Efficiency histograms saved to 'pidcalib_iso/run2-rdx-2018-md-Pi_nnknng_lt02lt02-p_eta_ntracks/effhists-Turbo18-down-Pi-Brunel_MC15TuneV1_ProbNNk<0.2&Brunel_MC15TuneV1_ProbNNghost<0.2-Brunel_P.Brunel_ETA.nTracks_Brunel-binning_iso.pkl'
Output folder: pidcalib_iso/run2-rdx-2018-md-P_nnpnng_gtlt-p_eta_ntracks
[I 260829 09:46:33 make_eff_hists:203] Running PIDCalib2 make_eff_hists with the config:
[I 260829 09:46:33 utils:153] ===============
[I 260829 09:46:33 utils:156] sample         : Turbo18
[I 260829 09:46:33 utils:156] magnet         : down
[I 260829 09:46:33 utils:156] particle       : P
[I 260829 09:46:33 utils:156] pid_cuts       : ['Brunel_MC15TuneV1_ProbNNp>0.4&Brunel_MC15TuneV1_ProbNNghost<0.3']
[I 260829 09:46:33 utils:156] bin_vars       : ['Brunel_P', 'Brunel_ETA', 'nTracks_Brunel']
[I 260829 09:46:33 utils:156] binning_files  : ['./binning_iso.json']
[I 260829 09:46:33 utils:156] output_dir     : pidcalib_iso/run2-rdx-2018-md-P_nnpnng_gtlt-p_eta_ntracks
[I 260829 09:46:33 utils:156] verbose        : False
[I 260829 09:46:33 utils:156] version        : 1.5.6
[I 260829 09:46:33 utils:157] ===============
[W 260829 09:46:33 make_eff_hists:207] No --cut specified. Cuts on PID samples should match your sample cuts.
[I 260829 09:46:34 utils:609] 401 calibration files from EOS will be processed
[I 260829 09:46:34 binning:543] Loading binnings from ./binning_iso.json
[W 260829 09:46:34 binning:581] The following custom binnings are not being used: [{'particle': 'Pi', 'bin_var': 'Brunel_P'}, {'particle': 'Pi', 'bin_var': 'Brunel_ETA'}, {'particle': 'Pi', 'bin_var': 'nTracks_Brunel'}, {'particle': 'K', 'bin_var': 'Brunel_P'}, {'particle': 'K', 'bin_var': 'Brunel_ETA'}, {'particle': 'K', 'bin_var': 'nTracks_Brunel'}, {'particle': 'Mu_nopt', 'bin_var': 'Brunel_P'}, {'particle': 'Mu_nopt', 'bin_var': 'Brunel_ETA'}, {'particle': 'Mu_nopt', 'bin_var': 'nTracks_Brunel'}, {'particle': 'e_B_Jpsi', 'bin_var': 'Brunel_P'}, {'particle': 'e_B_Jpsi', 'bin_var': 'Brunel_ETA'}, {'particle': 'e_B_Jpsi', 'bin_var': 'nTracks'}]
[I 260829 10:00:10 utils:819] Processed 401/401 files
[I 260829 10:00:10 utils:966] 128729478/131334581 (98.0%) events passed binning range cut
[I 260829 10:00:10 utils:966] 106938525/128729478 (83.1%) events passed 'Brunel_MC15TuneV1_ProbNNp>0.4&Brunel_MC15TuneV1_ProbNNghost<0.3' cut
[I 260829 10:00:10 make_eff_hists:270] Efficiency histograms saved to 'pidcalib_iso/run2-rdx-2018-md-P_nnpnng_gtlt-p_eta_ntracks/effhists-Turbo18-down-P-Brunel_MC15TuneV1_ProbNNp>0.4&Brunel_MC15TuneV1_ProbNNghost<0.3-Brunel_P.Brunel_ETA.nTracks_Brunel-binning_iso.pkl'
Output folder: pidcalib_iso/run2-rdx-2018-md-P_nnk_gt-p_eta_ntracks
[I 260829 10:00:14 make_eff_hists:203] Running PIDCalib2 make_eff_hists with the config:
[I 260829 10:00:14 utils:153] ===============
[I 260829 10:00:14 utils:156] sample         : Turbo18
[I 260829 10:00:14 utils:156] magnet         : down
[I 260829 10:00:14 utils:156] particle       : P
[I 260829 10:00:14 utils:156] pid_cuts       : ['Brunel_MC15TuneV1_ProbNNk>0.2']
[I 260829 10:00:14 utils:156] bin_vars       : ['Brunel_P', 'Brunel_ETA', 'nTracks_Brunel']
[I 260829 10:00:14 utils:156] binning_files  : ['./binning_iso.json']
[I 260829 10:00:14 utils:156] output_dir     : pidcalib_iso/run2-rdx-2018-md-P_nnk_gt-p_eta_ntracks
[I 260829 10:00:14 utils:156] verbose        : False
[I 260829 10:00:14 utils:156] version        : 1.5.6
[I 260829 10:00:14 utils:157] ===============
[W 260829 10:00:14 make_eff_hists:207] No --cut specified. Cuts on PID samples should match your sample cuts.
[I 260829 10:00:15 utils:609] 401 calibration files from EOS will be processed
[I 260829 10:00:15 binning:543] Loading binnings from ./binning_iso.json
[W 260829 10:00:15 binning:581] The following custom binnings are not being used: [{'particle': 'Pi', 'bin_var': 'Brunel_P'}, {'particle': 'Pi', 'bin_var': 'Brunel_ETA'}, {'particle': 'Pi', 'bin_var': 'nTracks_Brunel'}, {'particle': 'K', 'bin_var': 'Brunel_P'}, {'particle': 'K', 'bin_var': 'Brunel_ETA'}, {'particle': 'K', 'bin_var': 'nTracks_Brunel'}, {'particle': 'Mu_nopt', 'bin_var': 'Brunel_P'}, {'particle': 'Mu_nopt', 'bin_var': 'Brunel_ETA'}, {'particle': 'Mu_nopt', 'bin_var': 'nTracks_Brunel'}, {'particle': 'e_B_Jpsi', 'bin_var': 'Brunel_P'}, {'particle': 'e_B_Jpsi', 'bin_var': 'Brunel_ETA'}, {'particle': 'e_B_Jpsi', 'bin_var': 'nTracks'}]
[I 260829 10:12:23 utils:819] Processed 401/401 files
[I 260829 10:12:23 utils:966] 128729478/131334581 (98.0%) events passed binning range cut
[I 260829 10:12:23 utils:966] 39760362/128729478 (30.9%) events passed 'Brunel_MC15TuneV1_ProbNNk>0.2' cut
[I 260829 10:12:23 make_eff_hists:270] Efficiency histograms saved to 'pidcalib_iso/run2-rdx-2018-md-P_nnk_gt-p_eta_ntracks/effhists-Turbo18-down-P-Brunel_MC15TuneV1_ProbNNk>0.2-Brunel_P.Brunel_ETA.nTracks_Brunel-binning_iso.pkl'
Output folder: pidcalib_iso/run2-rdx-2018-md-P_nnknng_gt02lt02-p_eta_ntracks
[I 260829 10:12:27 make_eff_hists:203] Running PIDCalib2 make_eff_hists with the config:
[I 260829 10:12:27 utils:153] ===============
[I 260829 10:12:27 utils:156] sample         : Turbo18
[I 260829 10:12:27 utils:156] magnet         : down
[I 260829 10:12:27 utils:156] particle       : P
[I 260829 10:12:27 utils:156] pid_cuts       : ['Brunel_MC15TuneV1_ProbNNk>0.2&Brunel_MC15TuneV1_ProbNNghost<0.2']
[I 260829 10:12:27 utils:156] bin_vars       : ['Brunel_P', 'Brunel_ETA', 'nTracks_Brunel']
[I 260829 10:12:27 utils:156] binning_files  : ['./binning_iso.json']
[I 260829 10:12:27 utils:156] output_dir     : pidcalib_iso/run2-rdx-2018-md-P_nnknng_gt02lt02-p_eta_ntracks
[I 260829 10:12:27 utils:156] verbose        : False
[I 260829 10:12:27 utils:156] version        : 1.5.6
[I 260829 10:12:27 utils:157] ===============
[W 260829 10:12:27 make_eff_hists:207] No --cut specified. Cuts on PID samples should match your sample cuts.
[I 260829 10:12:28 utils:609] 401 calibration files from EOS will be processed
[I 260829 10:12:28 binning:543] Loading binnings from ./binning_iso.json
[W 260829 10:12:28 binning:581] The following custom binnings are not being used: [{'particle': 'Pi', 'bin_var': 'Brunel_P'}, {'particle': 'Pi', 'bin_var': 'Brunel_ETA'}, {'particle': 'Pi', 'bin_var': 'nTracks_Brunel'}, {'particle': 'K', 'bin_var': 'Brunel_P'}, {'particle': 'K', 'bin_var': 'Brunel_ETA'}, {'particle': 'K', 'bin_var': 'nTracks_Brunel'}, {'particle': 'Mu_nopt', 'bin_var': 'Brunel_P'}, {'particle': 'Mu_nopt', 'bin_var': 'Brunel_ETA'}, {'particle': 'Mu_nopt', 'bin_var': 'nTracks_Brunel'}, {'particle': 'e_B_Jpsi', 'bin_var': 'Brunel_P'}, {'particle': 'e_B_Jpsi', 'bin_var': 'Brunel_ETA'}, {'particle': 'e_B_Jpsi', 'bin_var': 'nTracks'}]
[I 260829 10:25:46 utils:819] Processed 401/401 files
[I 260829 10:25:46 utils:966] 128729478/131334581 (98.0%) events passed binning range cut
[I 260829 10:25:46 utils:966] 35985043/128729478 (28.0%) events passed 'Brunel_MC15TuneV1_ProbNNk>0.2&Brunel_MC15TuneV1_ProbNNghost<0.2' cut
[I 260829 10:25:46 make_eff_hists:270] Efficiency histograms saved to 'pidcalib_iso/run2-rdx-2018-md-P_nnknng_gt02lt02-p_eta_ntracks/effhists-Turbo18-down-P-Brunel_MC15TuneV1_ProbNNk>0.2&Brunel_MC15TuneV1_ProbNNghost<0.2-Brunel_P.Brunel_ETA.nTracks_Brunel-binning_iso.pkl'
Output folder: pidcalib_iso/run2-rdx-2018-md-P_nnknng_ltlt-p_eta_ntracks
[I 260829 10:25:50 make_eff_hists:203] Running PIDCalib2 make_eff_hists with the config:
[I 260829 10:25:50 utils:153] ===============
[I 260829 10:25:50 utils:156] sample         : Turbo18
[I 260829 10:25:50 utils:156] magnet         : down
[I 260829 10:25:50 utils:156] particle       : P
[I 260829 10:25:50 utils:156] pid_cuts       : ['Brunel_MC15TuneV1_ProbNNk<0.2&Brunel_MC15TuneV1_ProbNNghost<0.3']
[I 260829 10:25:50 utils:156] bin_vars       : ['Brunel_P', 'Brunel_ETA', 'nTracks_Brunel']
[I 260829 10:25:50 utils:156] binning_files  : ['./binning_iso.json']
[I 260829 10:25:50 utils:156] output_dir     : pidcalib_iso/run2-rdx-2018-md-P_nnknng_ltlt-p_eta_ntracks
[I 260829 10:25:50 utils:156] verbose        : False
[I 260829 10:25:50 utils:156] version        : 1.5.6
[I 260829 10:25:50 utils:157] ===============
[W 260829 10:25:50 make_eff_hists:207] No --cut specified. Cuts on PID samples should match your sample cuts.
[I 260829 10:25:51 utils:609] 401 calibration files from EOS will be processed
[I 260829 10:25:51 binning:543] Loading binnings from ./binning_iso.json
[W 260829 10:25:51 binning:581] The following custom binnings are not being used: [{'particle': 'Pi', 'bin_var': 'Brunel_P'}, {'particle': 'Pi', 'bin_var': 'Brunel_ETA'}, {'particle': 'Pi', 'bin_var': 'nTracks_Brunel'}, {'particle': 'K', 'bin_var': 'Brunel_P'}, {'particle': 'K', 'bin_var': 'Brunel_ETA'}, {'particle': 'K', 'bin_var': 'nTracks_Brunel'}, {'particle': 'Mu_nopt', 'bin_var': 'Brunel_P'}, {'particle': 'Mu_nopt', 'bin_var': 'Brunel_ETA'}, {'particle': 'Mu_nopt', 'bin_var': 'nTracks_Brunel'}, {'particle': 'e_B_Jpsi', 'bin_var': 'Brunel_P'}, {'particle': 'e_B_Jpsi', 'bin_var': 'Brunel_ETA'}, {'particle': 'e_B_Jpsi', 'bin_var': 'nTracks'}]
[I 260829 10:39:12 utils:819] Processed 401/401 files
[I 260829 10:39:12 utils:966] 128729478/131334581 (98.0%) events passed binning range cut
[I 260829 10:39:12 utils:966] 82760702/128729478 (64.3%) events passed 'Brunel_MC15TuneV1_ProbNNk<0.2&Brunel_MC15TuneV1_ProbNNghost<0.3' cut
[I 260829 10:39:12 make_eff_hists:270] Efficiency histograms saved to 'pidcalib_iso/run2-rdx-2018-md-P_nnknng_ltlt-p_eta_ntracks/effhists-Turbo18-down-P-Brunel_MC15TuneV1_ProbNNk<0.2&Brunel_MC15TuneV1_ProbNNghost<0.3-Brunel_P.Brunel_ETA.nTracks_Brunel-binning_iso.pkl'
Output folder: pidcalib_iso/run2-rdx-2018-md-P_nnp_gt-p_eta_ntracks
[I 260829 10:39:15 make_eff_hists:203] Running PIDCalib2 make_eff_hists with the config:
[I 260829 10:39:15 utils:153] ===============
[I 260829 10:39:15 utils:156] sample         : Turbo18
[I 260829 10:39:15 utils:156] magnet         : down
[I 260829 10:39:15 utils:156] particle       : P
[I 260829 10:39:15 utils:156] pid_cuts       : ['Brunel_MC15TuneV1_ProbNNp>0.4']
[I 260829 10:39:15 utils:156] bin_vars       : ['Brunel_P', 'Brunel_ETA', 'nTracks_Brunel']
[I 260829 10:39:15 utils:156] binning_files  : ['./binning_iso.json']
[I 260829 10:39:15 utils:156] output_dir     : pidcalib_iso/run2-rdx-2018-md-P_nnp_gt-p_eta_ntracks
[I 260829 10:39:15 utils:156] verbose        : False
[I 260829 10:39:15 utils:156] version        : 1.5.6
[I 260829 10:39:15 utils:157] ===============
[W 260829 10:39:15 make_eff_hists:207] No --cut specified. Cuts on PID samples should match your sample cuts.
[I 260829 10:39:16 utils:609] 401 calibration files from EOS will be processed
[I 260829 10:39:16 binning:543] Loading binnings from ./binning_iso.json
[W 260829 10:39:16 binning:581] The following custom binnings are not being used: [{'particle': 'Pi', 'bin_var': 'Brunel_P'}, {'particle': 'Pi', 'bin_var': 'Brunel_ETA'}, {'particle': 'Pi', 'bin_var': 'nTracks_Brunel'}, {'particle': 'K', 'bin_var': 'Brunel_P'}, {'particle': 'K', 'bin_var': 'Brunel_ETA'}, {'particle': 'K', 'bin_var': 'nTracks_Brunel'}, {'particle': 'Mu_nopt', 'bin_var': 'Brunel_P'}, {'particle': 'Mu_nopt', 'bin_var': 'Brunel_ETA'}, {'particle': 'Mu_nopt', 'bin_var': 'nTracks_Brunel'}, {'particle': 'e_B_Jpsi', 'bin_var': 'Brunel_P'}, {'particle': 'e_B_Jpsi', 'bin_var': 'Brunel_ETA'}, {'particle': 'e_B_Jpsi', 'bin_var': 'nTracks'}]
[I 260829 10:51:11 utils:819] Processed 401/401 files
[I 260829 10:51:11 utils:966] 128729478/131334581 (98.0%) events passed binning range cut
[I 260829 10:51:11 utils:966] 112279787/128729478 (87.2%) events passed 'Brunel_MC15TuneV1_ProbNNp>0.4' cut
[I 260829 10:51:11 make_eff_hists:270] Efficiency histograms saved to 'pidcalib_iso/run2-rdx-2018-md-P_nnp_gt-p_eta_ntracks/effhists-Turbo18-down-P-Brunel_MC15TuneV1_ProbNNp>0.4-Brunel_P.Brunel_ETA.nTracks_Brunel-binning_iso.pkl'
Output folder: pidcalib_iso/run2-rdx-2018-md-P_nnknng_gtlt-p_eta_ntracks
[I 260829 10:51:15 make_eff_hists:203] Running PIDCalib2 make_eff_hists with the config:
[I 260829 10:51:15 utils:153] ===============
[I 260829 10:51:15 utils:156] sample         : Turbo18
[I 260829 10:51:15 utils:156] magnet         : down
[I 260829 10:51:15 utils:156] particle       : P
[I 260829 10:51:15 utils:156] pid_cuts       : ['Brunel_MC15TuneV1_ProbNNk>0.2&Brunel_MC15TuneV1_ProbNNghost<0.3']
[I 260829 10:51:15 utils:156] bin_vars       : ['Brunel_P', 'Brunel_ETA', 'nTracks_Brunel']
[I 260829 10:51:15 utils:156] binning_files  : ['./binning_iso.json']
[I 260829 10:51:15 utils:156] output_dir     : pidcalib_iso/run2-rdx-2018-md-P_nnknng_gtlt-p_eta_ntracks
[I 260829 10:51:15 utils:156] verbose        : False
[I 260829 10:51:15 utils:156] version        : 1.5.6
[I 260829 10:51:15 utils:157] ===============
[W 260829 10:51:15 make_eff_hists:207] No --cut specified. Cuts on PID samples should match your sample cuts.
[I 260829 10:51:18 utils:609] 401 calibration files from EOS will be processed
[I 260829 10:51:18 binning:543] Loading binnings from ./binning_iso.json
[W 260829 10:51:18 binning:581] The following custom binnings are not being used: [{'particle': 'Pi', 'bin_var': 'Brunel_P'}, {'particle': 'Pi', 'bin_var': 'Brunel_ETA'}, {'particle': 'Pi', 'bin_var': 'nTracks_Brunel'}, {'particle': 'K', 'bin_var': 'Brunel_P'}, {'particle': 'K', 'bin_var': 'Brunel_ETA'}, {'particle': 'K', 'bin_var': 'nTracks_Brunel'}, {'particle': 'Mu_nopt', 'bin_var': 'Brunel_P'}, {'particle': 'Mu_nopt', 'bin_var': 'Brunel_ETA'}, {'particle': 'Mu_nopt', 'bin_var': 'nTracks_Brunel'}, {'particle': 'e_B_Jpsi', 'bin_var': 'Brunel_P'}, {'particle': 'e_B_Jpsi', 'bin_var': 'Brunel_ETA'}, {'particle': 'e_B_Jpsi', 'bin_var': 'nTracks'}]
[I 260829 11:05:02 utils:819] Processed 401/401 files
[I 260829 11:05:02 utils:966] 128729478/131334581 (98.0%) events passed binning range cut
[I 260829 11:05:02 utils:966] 37098092/128729478 (28.8%) events passed 'Brunel_MC15TuneV1_ProbNNk>0.2&Brunel_MC15TuneV1_ProbNNghost<0.3' cut
[I 260829 11:05:02 make_eff_hists:270] Efficiency histograms saved to 'pidcalib_iso/run2-rdx-2018-md-P_nnknng_gtlt-p_eta_ntracks/effhists-Turbo18-down-P-Brunel_MC15TuneV1_ProbNNk>0.2&Brunel_MC15TuneV1_ProbNNghost<0.3-Brunel_P.Brunel_ETA.nTracks_Brunel-binning_iso.pkl'
Output folder: pidcalib_iso/run2-rdx-2018-md-P_nnknng_lt02lt02-p_eta_ntracks
[I 260829 11:05:06 make_eff_hists:203] Running PIDCalib2 make_eff_hists with the config:
[I 260829 11:05:06 utils:153] ===============
[I 260829 11:05:06 utils:156] sample         : Turbo18
[I 260829 11:05:06 utils:156] magnet         : down
[I 260829 11:05:06 utils:156] particle       : P
[I 260829 11:05:06 utils:156] pid_cuts       : ['Brunel_MC15TuneV1_ProbNNk<0.2&Brunel_MC15TuneV1_ProbNNghost<0.2']
[I 260829 11:05:06 utils:156] bin_vars       : ['Brunel_P', 'Brunel_ETA', 'nTracks_Brunel']
[I 260829 11:05:06 utils:156] binning_files  : ['./binning_iso.json']
[I 260829 11:05:06 utils:156] output_dir     : pidcalib_iso/run2-rdx-2018-md-P_nnknng_lt02lt02-p_eta_ntracks
[I 260829 11:05:06 utils:156] verbose        : False
[I 260829 11:05:06 utils:156] version        : 1.5.6
[I 260829 11:05:06 utils:157] ===============
[W 260829 11:05:06 make_eff_hists:207] No --cut specified. Cuts on PID samples should match your sample cuts.
[I 260829 11:05:07 utils:609] 401 calibration files from EOS will be processed
[I 260829 11:05:07 binning:543] Loading binnings from ./binning_iso.json
[W 260829 11:05:07 binning:581] The following custom binnings are not being used: [{'particle': 'Pi', 'bin_var': 'Brunel_P'}, {'particle': 'Pi', 'bin_var': 'Brunel_ETA'}, {'particle': 'Pi', 'bin_var': 'nTracks_Brunel'}, {'particle': 'K', 'bin_var': 'Brunel_P'}, {'particle': 'K', 'bin_var': 'Brunel_ETA'}, {'particle': 'K', 'bin_var': 'nTracks_Brunel'}, {'particle': 'Mu_nopt', 'bin_var': 'Brunel_P'}, {'particle': 'Mu_nopt', 'bin_var': 'Brunel_ETA'}, {'particle': 'Mu_nopt', 'bin_var': 'nTracks_Brunel'}, {'particle': 'e_B_Jpsi', 'bin_var': 'Brunel_P'}, {'particle': 'e_B_Jpsi', 'bin_var': 'Brunel_ETA'}, {'particle': 'e_B_Jpsi', 'bin_var': 'nTracks'}]
[I 260829 11:19:44 utils:819] Processed 401/401 files
[I 260829 11:19:44 utils:966] 128729478/131334581 (98.0%) events passed binning range cut
[I 260829 11:19:44 utils:966] 80379104/128729478 (62.4%) events passed 'Brunel_MC15TuneV1_ProbNNk<0.2&Brunel_MC15TuneV1_ProbNNghost<0.2' cut
[I 260829 11:19:44 make_eff_hists:270] Efficiency histograms saved to 'pidcalib_iso/run2-rdx-2018-md-P_nnknng_lt02lt02-p_eta_ntracks/effhists-Turbo18-down-P-Brunel_MC15TuneV1_ProbNNk<0.2&Brunel_MC15TuneV1_ProbNNghost<0.2-Brunel_P.Brunel_ETA.nTracks_Brunel-binning_iso.pkl'
Output folder: pidcalib_iso/run2-rdx-2018-md-Mu_nopt_nnpnng_gtlt-p_eta_ntracks
[I 260829 11:19:48 make_eff_hists:203] Running PIDCalib2 make_eff_hists with the config:
[I 260829 11:19:48 utils:153] ===============
[I 260829 11:19:48 utils:156] sample         : Turbo18
[I 260829 11:19:48 utils:156] magnet         : down
[I 260829 11:19:48 utils:156] particle       : Mu_nopt
[I 260829 11:19:48 utils:156] pid_cuts       : ['Brunel_MC15TuneV1_ProbNNp>0.4&Brunel_MC15TuneV1_ProbNNghost<0.3']
[I 260829 11:19:48 utils:156] bin_vars       : ['Brunel_P', 'Brunel_ETA', 'nTracks_Brunel']
[I 260829 11:19:48 utils:156] binning_files  : ['./binning_iso.json']
[I 260829 11:19:48 utils:156] output_dir     : pidcalib_iso/run2-rdx-2018-md-Mu_nopt_nnpnng_gtlt-p_eta_ntracks
[I 260829 11:19:48 utils:156] verbose        : False
[I 260829 11:19:48 utils:156] version        : 1.5.6
[I 260829 11:19:48 utils:157] ===============
[W 260829 11:19:48 make_eff_hists:207] No --cut specified. Cuts on PID samples should match your sample cuts.
[I 260829 11:19:48 utils:609] 52 calibration files from EOS will be processed
[I 260829 11:19:48 binning:543] Loading binnings from ./binning_iso.json
[W 260829 11:19:48 binning:581] The following custom binnings are not being used: [{'particle': 'Pi', 'bin_var': 'Brunel_P'}, {'particle': 'Pi', 'bin_var': 'Brunel_ETA'}, {'particle': 'Pi', 'bin_var': 'nTracks_Brunel'}, {'particle': 'K', 'bin_var': 'Brunel_P'}, {'particle': 'K', 'bin_var': 'Brunel_ETA'}, {'particle': 'K', 'bin_var': 'nTracks_Brunel'}, {'particle': 'P', 'bin_var': 'Brunel_P'}, {'particle': 'P', 'bin_var': 'Brunel_ETA'}, {'particle': 'P', 'bin_var': 'nTracks_Brunel'}, {'particle': 'e_B_Jpsi', 'bin_var': 'Brunel_P'}, {'particle': 'e_B_Jpsi', 'bin_var': 'Brunel_ETA'}, {'particle': 'e_B_Jpsi', 'bin_var': 'nTracks'}]
[I 260829 11:21:51 utils:819] Processed 52/52 files
[I 260829 11:21:51 utils:966] 65005388/65769943 (98.8%) events passed binning range cut
[I 260829 11:21:51 utils:966] 5399855/65005388 (8.3%) events passed 'Brunel_MC15TuneV1_ProbNNp>0.4&Brunel_MC15TuneV1_ProbNNghost<0.3' cut
[W 260829 11:21:51 utils:122] There are 1 negative bins in the 'eff_Brunel_MC15TuneV1_ProbNNp>0.4&Brunel_MC15TuneV1_ProbNNghost<0.3' efficiency histogram! You might want to change the binning.
[I 260829 11:21:51 make_eff_hists:270] Efficiency histograms saved to 'pidcalib_iso/run2-rdx-2018-md-Mu_nopt_nnpnng_gtlt-p_eta_ntracks/effhists-Turbo18-down-Mu_nopt-Brunel_MC15TuneV1_ProbNNp>0.4&Brunel_MC15TuneV1_ProbNNghost<0.3-Brunel_P.Brunel_ETA.nTracks_Brunel-binning_iso.pkl'
Output folder: pidcalib_iso/run2-rdx-2018-md-Mu_nopt_nnk_gt-p_eta_ntracks
[I 260829 11:21:54 make_eff_hists:203] Running PIDCalib2 make_eff_hists with the config:
[I 260829 11:21:54 utils:153] ===============
[I 260829 11:21:54 utils:156] sample         : Turbo18
[I 260829 11:21:54 utils:156] magnet         : down
[I 260829 11:21:54 utils:156] particle       : Mu_nopt
[I 260829 11:21:54 utils:156] pid_cuts       : ['Brunel_MC15TuneV1_ProbNNk>0.2']
[I 260829 11:21:54 utils:156] bin_vars       : ['Brunel_P', 'Brunel_ETA', 'nTracks_Brunel']
[I 260829 11:21:54 utils:156] binning_files  : ['./binning_iso.json']
[I 260829 11:21:54 utils:156] output_dir     : pidcalib_iso/run2-rdx-2018-md-Mu_nopt_nnk_gt-p_eta_ntracks
[I 260829 11:21:54 utils:156] verbose        : False
[I 260829 11:21:54 utils:156] version        : 1.5.6
[I 260829 11:21:54 utils:157] ===============
[W 260829 11:21:54 make_eff_hists:207] No --cut specified. Cuts on PID samples should match your sample cuts.
[I 260829 11:21:54 utils:609] 52 calibration files from EOS will be processed
[I 260829 11:21:54 binning:543] Loading binnings from ./binning_iso.json
[W 260829 11:21:54 binning:581] The following custom binnings are not being used: [{'particle': 'Pi', 'bin_var': 'Brunel_P'}, {'particle': 'Pi', 'bin_var': 'Brunel_ETA'}, {'particle': 'Pi', 'bin_var': 'nTracks_Brunel'}, {'particle': 'K', 'bin_var': 'Brunel_P'}, {'particle': 'K', 'bin_var': 'Brunel_ETA'}, {'particle': 'K', 'bin_var': 'nTracks_Brunel'}, {'particle': 'P', 'bin_var': 'Brunel_P'}, {'particle': 'P', 'bin_var': 'Brunel_ETA'}, {'particle': 'P', 'bin_var': 'nTracks_Brunel'}, {'particle': 'e_B_Jpsi', 'bin_var': 'Brunel_P'}, {'particle': 'e_B_Jpsi', 'bin_var': 'Brunel_ETA'}, {'particle': 'e_B_Jpsi', 'bin_var': 'nTracks'}]
[I 260829 11:23:48 utils:819] Processed 52/52 files
[I 260829 11:23:48 utils:966] 65005388/65769943 (98.8%) events passed binning range cut
[I 260829 11:23:48 utils:966] 9159994/65005388 (14.1%) events passed 'Brunel_MC15TuneV1_ProbNNk>0.2' cut
[I 260829 11:23:48 make_eff_hists:270] Efficiency histograms saved to 'pidcalib_iso/run2-rdx-2018-md-Mu_nopt_nnk_gt-p_eta_ntracks/effhists-Turbo18-down-Mu_nopt-Brunel_MC15TuneV1_ProbNNk>0.2-Brunel_P.Brunel_ETA.nTracks_Brunel-binning_iso.pkl'
Output folder: pidcalib_iso/run2-rdx-2018-md-Mu_nopt_nnknng_gt02lt02-p_eta_ntracks
[I 260829 11:23:52 make_eff_hists:203] Running PIDCalib2 make_eff_hists with the config:
[I 260829 11:23:52 utils:153] ===============
[I 260829 11:23:52 utils:156] sample         : Turbo18
[I 260829 11:23:52 utils:156] magnet         : down
[I 260829 11:23:52 utils:156] particle       : Mu_nopt
[I 260829 11:23:52 utils:156] pid_cuts       : ['Brunel_MC15TuneV1_ProbNNk>0.2&Brunel_MC15TuneV1_ProbNNghost<0.2']
[I 260829 11:23:52 utils:156] bin_vars       : ['Brunel_P', 'Brunel_ETA', 'nTracks_Brunel']
[I 260829 11:23:52 utils:156] binning_files  : ['./binning_iso.json']
[I 260829 11:23:52 utils:156] output_dir     : pidcalib_iso/run2-rdx-2018-md-Mu_nopt_nnknng_gt02lt02-p_eta_ntracks
[I 260829 11:23:52 utils:156] verbose        : False
[I 260829 11:23:52 utils:156] version        : 1.5.6
[I 260829 11:23:52 utils:157] ===============
[W 260829 11:23:52 make_eff_hists:207] No --cut specified. Cuts on PID samples should match your sample cuts.
[I 260829 11:23:52 utils:609] 52 calibration files from EOS will be processed
[I 260829 11:23:52 binning:543] Loading binnings from ./binning_iso.json
[W 260829 11:23:52 binning:581] The following custom binnings are not being used: [{'particle': 'Pi', 'bin_var': 'Brunel_P'}, {'particle': 'Pi', 'bin_var': 'Brunel_ETA'}, {'particle': 'Pi', 'bin_var': 'nTracks_Brunel'}, {'particle': 'K', 'bin_var': 'Brunel_P'}, {'particle': 'K', 'bin_var': 'Brunel_ETA'}, {'particle': 'K', 'bin_var': 'nTracks_Brunel'}, {'particle': 'P', 'bin_var': 'Brunel_P'}, {'particle': 'P', 'bin_var': 'Brunel_ETA'}, {'particle': 'P', 'bin_var': 'nTracks_Brunel'}, {'particle': 'e_B_Jpsi', 'bin_var': 'Brunel_P'}, {'particle': 'e_B_Jpsi', 'bin_var': 'Brunel_ETA'}, {'particle': 'e_B_Jpsi', 'bin_var': 'nTracks'}]
[I 260829 11:25:45 utils:819] Processed 52/52 files
[I 260829 11:25:45 utils:966] 65005388/65769943 (98.8%) events passed binning range cut
[I 260829 11:25:45 utils:966] 7893078/65005388 (12.1%) events passed 'Brunel_MC15TuneV1_ProbNNk>0.2&Brunel_MC15TuneV1_ProbNNghost<0.2' cut
[I 260829 11:25:45 make_eff_hists:270] Efficiency histograms saved to 'pidcalib_iso/run2-rdx-2018-md-Mu_nopt_nnknng_gt02lt02-p_eta_ntracks/effhists-Turbo18-down-Mu_nopt-Brunel_MC15TuneV1_ProbNNk>0.2&Brunel_MC15TuneV1_ProbNNghost<0.2-Brunel_P.Brunel_ETA.nTracks_Brunel-binning_iso.pkl'
Output folder: pidcalib_iso/run2-rdx-2018-md-Mu_nopt_nnknng_ltlt-p_eta_ntracks
[I 260829 11:25:48 make_eff_hists:203] Running PIDCalib2 make_eff_hists with the config:
[I 260829 11:25:48 utils:153] ===============
[I 260829 11:25:48 utils:156] sample         : Turbo18
[I 260829 11:25:48 utils:156] magnet         : down
[I 260829 11:25:48 utils:156] particle       : Mu_nopt
[I 260829 11:25:48 utils:156] pid_cuts       : ['Brunel_MC15TuneV1_ProbNNk<0.2&Brunel_MC15TuneV1_ProbNNghost<0.3']
[I 260829 11:25:48 utils:156] bin_vars       : ['Brunel_P', 'Brunel_ETA', 'nTracks_Brunel']
[I 260829 11:25:48 utils:156] binning_files  : ['./binning_iso.json']
[I 260829 11:25:48 utils:156] output_dir     : pidcalib_iso/run2-rdx-2018-md-Mu_nopt_nnknng_ltlt-p_eta_ntracks
[I 260829 11:25:48 utils:156] verbose        : False
[I 260829 11:25:48 utils:156] version        : 1.5.6
[I 260829 11:25:48 utils:157] ===============
[W 260829 11:25:48 make_eff_hists:207] No --cut specified. Cuts on PID samples should match your sample cuts.
[I 260829 11:25:48 utils:609] 52 calibration files from EOS will be processed
[I 260829 11:25:48 binning:543] Loading binnings from ./binning_iso.json
[W 260829 11:25:48 binning:581] The following custom binnings are not being used: [{'particle': 'Pi', 'bin_var': 'Brunel_P'}, {'particle': 'Pi', 'bin_var': 'Brunel_ETA'}, {'particle': 'Pi', 'bin_var': 'nTracks_Brunel'}, {'particle': 'K', 'bin_var': 'Brunel_P'}, {'particle': 'K', 'bin_var': 'Brunel_ETA'}, {'particle': 'K', 'bin_var': 'nTracks_Brunel'}, {'particle': 'P', 'bin_var': 'Brunel_P'}, {'particle': 'P', 'bin_var': 'Brunel_ETA'}, {'particle': 'P', 'bin_var': 'nTracks_Brunel'}, {'particle': 'e_B_Jpsi', 'bin_var': 'Brunel_P'}, {'particle': 'e_B_Jpsi', 'bin_var': 'Brunel_ETA'}, {'particle': 'e_B_Jpsi', 'bin_var': 'nTracks'}]
[I 260829 11:27:55 utils:819] Processed 52/52 files
[I 260829 11:27:55 utils:966] 65005388/65769943 (98.8%) events passed binning range cut
[I 260829 11:27:55 utils:966] 52303916/65005388 (80.5%) events passed 'Brunel_MC15TuneV1_ProbNNk<0.2&Brunel_MC15TuneV1_ProbNNghost<0.3' cut
[I 260829 11:27:55 make_eff_hists:270] Efficiency histograms saved to 'pidcalib_iso/run2-rdx-2018-md-Mu_nopt_nnknng_ltlt-p_eta_ntracks/effhists-Turbo18-down-Mu_nopt-Brunel_MC15TuneV1_ProbNNk<0.2&Brunel_MC15TuneV1_ProbNNghost<0.3-Brunel_P.Brunel_ETA.nTracks_Brunel-binning_iso.pkl'
Output folder: pidcalib_iso/run2-rdx-2018-md-Mu_nopt_nnp_gt-p_eta_ntracks
[I 260829 11:27:58 make_eff_hists:203] Running PIDCalib2 make_eff_hists with the config:
[I 260829 11:27:58 utils:153] ===============
[I 260829 11:27:58 utils:156] sample         : Turbo18
[I 260829 11:27:58 utils:156] magnet         : down
[I 260829 11:27:58 utils:156] particle       : Mu_nopt
[I 260829 11:27:58 utils:156] pid_cuts       : ['Brunel_MC15TuneV1_ProbNNp>0.4']
[I 260829 11:27:58 utils:156] bin_vars       : ['Brunel_P', 'Brunel_ETA', 'nTracks_Brunel']
[I 260829 11:27:58 utils:156] binning_files  : ['./binning_iso.json']
[I 260829 11:27:58 utils:156] output_dir     : pidcalib_iso/run2-rdx-2018-md-Mu_nopt_nnp_gt-p_eta_ntracks
[I 260829 11:27:58 utils:156] verbose        : False
[I 260829 11:27:58 utils:156] version        : 1.5.6
[I 260829 11:27:58 utils:157] ===============
[W 260829 11:27:58 make_eff_hists:207] No --cut specified. Cuts on PID samples should match your sample cuts.
[I 260829 11:27:58 utils:609] 52 calibration files from EOS will be processed
[I 260829 11:27:58 binning:543] Loading binnings from ./binning_iso.json
[W 260829 11:27:58 binning:581] The following custom binnings are not being used: [{'particle': 'Pi', 'bin_var': 'Brunel_P'}, {'particle': 'Pi', 'bin_var': 'Brunel_ETA'}, {'particle': 'Pi', 'bin_var': 'nTracks_Brunel'}, {'particle': 'K', 'bin_var': 'Brunel_P'}, {'particle': 'K', 'bin_var': 'Brunel_ETA'}, {'particle': 'K', 'bin_var': 'nTracks_Brunel'}, {'particle': 'P', 'bin_var': 'Brunel_P'}, {'particle': 'P', 'bin_var': 'Brunel_ETA'}, {'particle': 'P', 'bin_var': 'nTracks_Brunel'}, {'particle': 'e_B_Jpsi', 'bin_var': 'Brunel_P'}, {'particle': 'e_B_Jpsi', 'bin_var': 'Brunel_ETA'}, {'particle': 'e_B_Jpsi', 'bin_var': 'nTracks'}]
[I 260829 11:29:47 utils:819] Processed 52/52 files
[I 260829 11:29:47 utils:966] 65005388/65769943 (98.8%) events passed binning range cut
[I 260829 11:29:47 utils:966] 5916195/65005388 (9.1%) events passed 'Brunel_MC15TuneV1_ProbNNp>0.4' cut
[W 260829 11:29:47 utils:122] There are 2 negative bins in the 'eff_Brunel_MC15TuneV1_ProbNNp>0.4' efficiency histogram! You might want to change the binning.
[I 260829 11:29:47 make_eff_hists:270] Efficiency histograms saved to 'pidcalib_iso/run2-rdx-2018-md-Mu_nopt_nnp_gt-p_eta_ntracks/effhists-Turbo18-down-Mu_nopt-Brunel_MC15TuneV1_ProbNNp>0.4-Brunel_P.Brunel_ETA.nTracks_Brunel-binning_iso.pkl'
Output folder: pidcalib_iso/run2-rdx-2018-md-Mu_nopt_nnknng_gtlt-p_eta_ntracks
[I 260829 11:29:50 make_eff_hists:203] Running PIDCalib2 make_eff_hists with the config:
[I 260829 11:29:50 utils:153] ===============
[I 260829 11:29:50 utils:156] sample         : Turbo18
[I 260829 11:29:50 utils:156] magnet         : down
[I 260829 11:29:50 utils:156] particle       : Mu_nopt
[I 260829 11:29:50 utils:156] pid_cuts       : ['Brunel_MC15TuneV1_ProbNNk>0.2&Brunel_MC15TuneV1_ProbNNghost<0.3']
[I 260829 11:29:50 utils:156] bin_vars       : ['Brunel_P', 'Brunel_ETA', 'nTracks_Brunel']
[I 260829 11:29:50 utils:156] binning_files  : ['./binning_iso.json']
[I 260829 11:29:50 utils:156] output_dir     : pidcalib_iso/run2-rdx-2018-md-Mu_nopt_nnknng_gtlt-p_eta_ntracks
[I 260829 11:29:50 utils:156] verbose        : False
[I 260829 11:29:50 utils:156] version        : 1.5.6
[I 260829 11:29:50 utils:157] ===============
[W 260829 11:29:50 make_eff_hists:207] No --cut specified. Cuts on PID samples should match your sample cuts.
[I 260829 11:29:50 utils:609] 52 calibration files from EOS will be processed
[I 260829 11:29:50 binning:543] Loading binnings from ./binning_iso.json
[W 260829 11:29:50 binning:581] The following custom binnings are not being used: [{'particle': 'Pi', 'bin_var': 'Brunel_P'}, {'particle': 'Pi', 'bin_var': 'Brunel_ETA'}, {'particle': 'Pi', 'bin_var': 'nTracks_Brunel'}, {'particle': 'K', 'bin_var': 'Brunel_P'}, {'particle': 'K', 'bin_var': 'Brunel_ETA'}, {'particle': 'K', 'bin_var': 'nTracks_Brunel'}, {'particle': 'P', 'bin_var': 'Brunel_P'}, {'particle': 'P', 'bin_var': 'Brunel_ETA'}, {'particle': 'P', 'bin_var': 'nTracks_Brunel'}, {'particle': 'e_B_Jpsi', 'bin_var': 'Brunel_P'}, {'particle': 'e_B_Jpsi', 'bin_var': 'Brunel_ETA'}, {'particle': 'e_B_Jpsi', 'bin_var': 'nTracks'}]
[I 260829 11:32:00 utils:819] Processed 52/52 files
[I 260829 11:32:00 utils:966] 65005388/65769943 (98.8%) events passed binning range cut
[I 260829 11:32:00 utils:966] 8179158/65005388 (12.6%) events passed 'Brunel_MC15TuneV1_ProbNNk>0.2&Brunel_MC15TuneV1_ProbNNghost<0.3' cut
[I 260829 11:32:00 make_eff_hists:270] Efficiency histograms saved to 'pidcalib_iso/run2-rdx-2018-md-Mu_nopt_nnknng_gtlt-p_eta_ntracks/effhists-Turbo18-down-Mu_nopt-Brunel_MC15TuneV1_ProbNNk>0.2&Brunel_MC15TuneV1_ProbNNghost<0.3-Brunel_P.Brunel_ETA.nTracks_Brunel-binning_iso.pkl'
Output folder: pidcalib_iso/run2-rdx-2018-md-Mu_nopt_nnknng_lt02lt02-p_eta_ntracks
[I 260829 11:32:02 make_eff_hists:203] Running PIDCalib2 make_eff_hists with the config:
[I 260829 11:32:02 utils:153] ===============
[I 260829 11:32:02 utils:156] sample         : Turbo18
[I 260829 11:32:02 utils:156] magnet         : down
[I 260829 11:32:02 utils:156] particle       : Mu_nopt
[I 260829 11:32:02 utils:156] pid_cuts       : ['Brunel_MC15TuneV1_ProbNNk<0.2&Brunel_MC15TuneV1_ProbNNghost<0.2']
[I 260829 11:32:02 utils:156] bin_vars       : ['Brunel_P', 'Brunel_ETA', 'nTracks_Brunel']
[I 260829 11:32:02 utils:156] binning_files  : ['./binning_iso.json']
[I 260829 11:32:02 utils:156] output_dir     : pidcalib_iso/run2-rdx-2018-md-Mu_nopt_nnknng_lt02lt02-p_eta_ntracks
[I 260829 11:32:02 utils:156] verbose        : False
[I 260829 11:32:02 utils:156] version        : 1.5.6
[I 260829 11:32:02 utils:157] ===============
[W 260829 11:32:02 make_eff_hists:207] No --cut specified. Cuts on PID samples should match your sample cuts.
[I 260829 11:32:02 utils:609] 52 calibration files from EOS will be processed
[I 260829 11:32:02 binning:543] Loading binnings from ./binning_iso.json
[W 260829 11:32:02 binning:581] The following custom binnings are not being used: [{'particle': 'Pi', 'bin_var': 'Brunel_P'}, {'particle': 'Pi', 'bin_var': 'Brunel_ETA'}, {'particle': 'Pi', 'bin_var': 'nTracks_Brunel'}, {'particle': 'K', 'bin_var': 'Brunel_P'}, {'particle': 'K', 'bin_var': 'Brunel_ETA'}, {'particle': 'K', 'bin_var': 'nTracks_Brunel'}, {'particle': 'P', 'bin_var': 'Brunel_P'}, {'particle': 'P', 'bin_var': 'Brunel_ETA'}, {'particle': 'P', 'bin_var': 'nTracks_Brunel'}, {'particle': 'e_B_Jpsi', 'bin_var': 'Brunel_P'}, {'particle': 'e_B_Jpsi', 'bin_var': 'Brunel_ETA'}, {'particle': 'e_B_Jpsi', 'bin_var': 'nTracks'}]
[I 260829 11:34:02 utils:819] Processed 52/52 files
[I 260829 11:34:02 utils:966] 65005388/65769943 (98.8%) events passed binning range cut
[I 260829 11:34:02 utils:966] 51247486/65005388 (78.8%) events passed 'Brunel_MC15TuneV1_ProbNNk<0.2&Brunel_MC15TuneV1_ProbNNghost<0.2' cut
[I 260829 11:34:02 make_eff_hists:270] Efficiency histograms saved to 'pidcalib_iso/run2-rdx-2018-md-Mu_nopt_nnknng_lt02lt02-p_eta_ntracks/effhists-Turbo18-down-Mu_nopt-Brunel_MC15TuneV1_ProbNNk<0.2&Brunel_MC15TuneV1_ProbNNghost<0.2-Brunel_P.Brunel_ETA.nTracks_Brunel-binning_iso.pkl'
Output folder: pidcalib_iso/run2-rdx-2018-md-e_B_Jpsi_nnpnng_gtlt-p_eta_ntracks
[I 260829 11:34:05 make_eff_hists:203] Running PIDCalib2 make_eff_hists with the config:
[I 260829 11:34:05 utils:153] ===============
[I 260829 11:34:05 utils:156] sample         : Electron18
[I 260829 11:34:05 utils:156] magnet         : down
[I 260829 11:34:05 utils:156] particle       : e_B_Jpsi
[I 260829 11:34:05 utils:156] pid_cuts       : ['Brunel_MC15TuneV1_ProbNNp>0.4&Brunel_MC15TuneV1_ProbNNghost<0.3']
[I 260829 11:34:05 utils:156] bin_vars       : ['Brunel_P', 'Brunel_ETA', 'nTracks']
[I 260829 11:34:05 utils:156] binning_files  : ['./binning_iso.json']
[I 260829 11:34:05 utils:156] output_dir     : pidcalib_iso/run2-rdx-2018-md-e_B_Jpsi_nnpnng_gtlt-p_eta_ntracks
[I 260829 11:34:05 utils:156] verbose        : False
[I 260829 11:34:05 utils:156] version        : 1.5.6
[I 260829 11:34:05 utils:157] ===============
[W 260829 11:34:05 make_eff_hists:207] No --cut specified. Cuts on PID samples should match your sample cuts.
[I 260829 11:34:05 utils:609] 1 calibration files from EOS will be processed
[I 260829 11:34:05 binning:543] Loading binnings from ./binning_iso.json
[W 260829 11:34:05 binning:581] The following custom binnings are not being used: [{'particle': 'Pi', 'bin_var': 'Brunel_P'}, {'particle': 'Pi', 'bin_var': 'Brunel_ETA'}, {'particle': 'Pi', 'bin_var': 'nTracks_Brunel'}, {'particle': 'K', 'bin_var': 'Brunel_P'}, {'particle': 'K', 'bin_var': 'Brunel_ETA'}, {'particle': 'K', 'bin_var': 'nTracks_Brunel'}, {'particle': 'P', 'bin_var': 'Brunel_P'}, {'particle': 'P', 'bin_var': 'Brunel_ETA'}, {'particle': 'P', 'bin_var': 'nTracks_Brunel'}, {'particle': 'Mu_nopt', 'bin_var': 'Brunel_P'}, {'particle': 'Mu_nopt', 'bin_var': 'Brunel_ETA'}, {'particle': 'Mu_nopt', 'bin_var': 'nTracks_Brunel'}]
[I 260829 11:34:10 utils:819] Processed 1/1 files
[I 260829 11:34:10 utils:966] 585112/586371 (99.8%) events passed binning range cut
[I 260829 11:34:10 utils:966] 33531/585112 (5.7%) events passed 'Brunel_MC15TuneV1_ProbNNp>0.4&Brunel_MC15TuneV1_ProbNNghost<0.3' cut
[W 260829 11:34:10 utils:77] There are 8 empty bins in the total histogram! You might want to change the binning.
[W 260829 11:34:10 utils:91] There are 19 non-empty bins with < 10 events in the total histogram! You might want to change the binning.
[W 260829 11:34:10 utils:131] There are 3 bins > 1 in the 'eff_Brunel_MC15TuneV1_ProbNNp>0.4&Brunel_MC15TuneV1_ProbNNghost<0.3' efficiency histogram! You might want to change the binning.
[I 260829 11:34:10 make_eff_hists:270] Efficiency histograms saved to 'pidcalib_iso/run2-rdx-2018-md-e_B_Jpsi_nnpnng_gtlt-p_eta_ntracks/effhists-Electron18-down-e_B_Jpsi-Brunel_MC15TuneV1_ProbNNp>0.4&Brunel_MC15TuneV1_ProbNNghost<0.3-Brunel_P.Brunel_ETA.nTracks-binning_iso.pkl'
Output folder: pidcalib_iso/run2-rdx-2018-md-e_B_Jpsi_nnk_gt-p_eta_ntracks
[I 260829 11:34:12 make_eff_hists:203] Running PIDCalib2 make_eff_hists with the config:
[I 260829 11:34:12 utils:153] ===============
[I 260829 11:34:12 utils:156] sample         : Electron18
[I 260829 11:34:12 utils:156] magnet         : down
[I 260829 11:34:12 utils:156] particle       : e_B_Jpsi
[I 260829 11:34:12 utils:156] pid_cuts       : ['Brunel_MC15TuneV1_ProbNNk>0.2']
[I 260829 11:34:12 utils:156] bin_vars       : ['Brunel_P', 'Brunel_ETA', 'nTracks']
[I 260829 11:34:12 utils:156] binning_files  : ['./binning_iso.json']
[I 260829 11:34:12 utils:156] output_dir     : pidcalib_iso/run2-rdx-2018-md-e_B_Jpsi_nnk_gt-p_eta_ntracks
[I 260829 11:34:12 utils:156] verbose        : False
[I 260829 11:34:12 utils:156] version        : 1.5.6
[I 260829 11:34:12 utils:157] ===============
[W 260829 11:34:12 make_eff_hists:207] No --cut specified. Cuts on PID samples should match your sample cuts.
[I 260829 11:34:12 utils:609] 1 calibration files from EOS will be processed
[I 260829 11:34:12 binning:543] Loading binnings from ./binning_iso.json
[W 260829 11:34:12 binning:581] The following custom binnings are not being used: [{'particle': 'Pi', 'bin_var': 'Brunel_P'}, {'particle': 'Pi', 'bin_var': 'Brunel_ETA'}, {'particle': 'Pi', 'bin_var': 'nTracks_Brunel'}, {'particle': 'K', 'bin_var': 'Brunel_P'}, {'particle': 'K', 'bin_var': 'Brunel_ETA'}, {'particle': 'K', 'bin_var': 'nTracks_Brunel'}, {'particle': 'P', 'bin_var': 'Brunel_P'}, {'particle': 'P', 'bin_var': 'Brunel_ETA'}, {'particle': 'P', 'bin_var': 'nTracks_Brunel'}, {'particle': 'Mu_nopt', 'bin_var': 'Brunel_P'}, {'particle': 'Mu_nopt', 'bin_var': 'Brunel_ETA'}, {'particle': 'Mu_nopt', 'bin_var': 'nTracks_Brunel'}]
[I 260829 11:34:15 utils:819] Processed 1/1 files
[I 260829 11:34:15 utils:966] 585112/586371 (99.8%) events passed binning range cut
[I 260829 11:34:15 utils:966] 95127/585112 (16.3%) events passed 'Brunel_MC15TuneV1_ProbNNk>0.2' cut
[W 260829 11:34:15 utils:77] There are 8 empty bins in the total histogram! You might want to change the binning.
[W 260829 11:34:15 utils:91] There are 19 non-empty bins with < 10 events in the total histogram! You might want to change the binning.
[W 260829 11:34:15 utils:122] There are 3 negative bins in the 'eff_Brunel_MC15TuneV1_ProbNNk>0.2' efficiency histogram! You might want to change the binning.
[W 260829 11:34:15 utils:131] There are 1 bins > 1 in the 'eff_Brunel_MC15TuneV1_ProbNNk>0.2' efficiency histogram! You might want to change the binning.
[I 260829 11:34:15 make_eff_hists:270] Efficiency histograms saved to 'pidcalib_iso/run2-rdx-2018-md-e_B_Jpsi_nnk_gt-p_eta_ntracks/effhists-Electron18-down-e_B_Jpsi-Brunel_MC15TuneV1_ProbNNk>0.2-Brunel_P.Brunel_ETA.nTracks-binning_iso.pkl'
Output folder: pidcalib_iso/run2-rdx-2018-md-e_B_Jpsi_nnknng_gt02lt02-p_eta_ntracks
[I 260829 11:34:18 make_eff_hists:203] Running PIDCalib2 make_eff_hists with the config:
[I 260829 11:34:18 utils:153] ===============
[I 260829 11:34:18 utils:156] sample         : Electron18
[I 260829 11:34:18 utils:156] magnet         : down
[I 260829 11:34:18 utils:156] particle       : e_B_Jpsi
[I 260829 11:34:18 utils:156] pid_cuts       : ['Brunel_MC15TuneV1_ProbNNk>0.2&Brunel_MC15TuneV1_ProbNNghost<0.2']
[I 260829 11:34:18 utils:156] bin_vars       : ['Brunel_P', 'Brunel_ETA', 'nTracks']
[I 260829 11:34:18 utils:156] binning_files  : ['./binning_iso.json']
[I 260829 11:34:18 utils:156] output_dir     : pidcalib_iso/run2-rdx-2018-md-e_B_Jpsi_nnknng_gt02lt02-p_eta_ntracks
[I 260829 11:34:18 utils:156] verbose        : False
[I 260829 11:34:18 utils:156] version        : 1.5.6
[I 260829 11:34:18 utils:157] ===============
[W 260829 11:34:18 make_eff_hists:207] No --cut specified. Cuts on PID samples should match your sample cuts.
[I 260829 11:34:18 utils:609] 1 calibration files from EOS will be processed
[I 260829 11:34:18 binning:543] Loading binnings from ./binning_iso.json
[W 260829 11:34:18 binning:581] The following custom binnings are not being used: [{'particle': 'Pi', 'bin_var': 'Brunel_P'}, {'particle': 'Pi', 'bin_var': 'Brunel_ETA'}, {'particle': 'Pi', 'bin_var': 'nTracks_Brunel'}, {'particle': 'K', 'bin_var': 'Brunel_P'}, {'particle': 'K', 'bin_var': 'Brunel_ETA'}, {'particle': 'K', 'bin_var': 'nTracks_Brunel'}, {'particle': 'P', 'bin_var': 'Brunel_P'}, {'particle': 'P', 'bin_var': 'Brunel_ETA'}, {'particle': 'P', 'bin_var': 'nTracks_Brunel'}, {'particle': 'Mu_nopt', 'bin_var': 'Brunel_P'}, {'particle': 'Mu_nopt', 'bin_var': 'Brunel_ETA'}, {'particle': 'Mu_nopt', 'bin_var': 'nTracks_Brunel'}]
[I 260829 11:34:19 utils:819] Processed 1/1 files
[I 260829 11:34:19 utils:966] 585112/586371 (99.8%) events passed binning range cut
[I 260829 11:34:19 utils:966] 77550/585112 (13.3%) events passed 'Brunel_MC15TuneV1_ProbNNk>0.2&Brunel_MC15TuneV1_ProbNNghost<0.2' cut
[W 260829 11:34:19 utils:77] There are 8 empty bins in the total histogram! You might want to change the binning.
[W 260829 11:34:19 utils:91] There are 19 non-empty bins with < 10 events in the total histogram! You might want to change the binning.
[W 260829 11:34:19 utils:122] There are 2 negative bins in the 'eff_Brunel_MC15TuneV1_ProbNNk>0.2&Brunel_MC15TuneV1_ProbNNghost<0.2' efficiency histogram! You might want to change the binning.
[W 260829 11:34:19 utils:131] There are 1 bins > 1 in the 'eff_Brunel_MC15TuneV1_ProbNNk>0.2&Brunel_MC15TuneV1_ProbNNghost<0.2' efficiency histogram! You might want to change the binning.
[I 260829 11:34:19 make_eff_hists:270] Efficiency histograms saved to 'pidcalib_iso/run2-rdx-2018-md-e_B_Jpsi_nnknng_gt02lt02-p_eta_ntracks/effhists-Electron18-down-e_B_Jpsi-Brunel_MC15TuneV1_ProbNNk>0.2&Brunel_MC15TuneV1_ProbNNghost<0.2-Brunel_P.Brunel_ETA.nTracks-binning_iso.pkl'
Output folder: pidcalib_iso/run2-rdx-2018-md-e_B_Jpsi_nnknng_ltlt-p_eta_ntracks
[I 260829 11:34:21 make_eff_hists:203] Running PIDCalib2 make_eff_hists with the config:
[I 260829 11:34:21 utils:153] ===============
[I 260829 11:34:21 utils:156] sample         : Electron18
[I 260829 11:34:21 utils:156] magnet         : down
[I 260829 11:34:21 utils:156] particle       : e_B_Jpsi
[I 260829 11:34:21 utils:156] pid_cuts       : ['Brunel_MC15TuneV1_ProbNNk<0.2&Brunel_MC15TuneV1_ProbNNghost<0.3']
[I 260829 11:34:21 utils:156] bin_vars       : ['Brunel_P', 'Brunel_ETA', 'nTracks']
[I 260829 11:34:21 utils:156] binning_files  : ['./binning_iso.json']
[I 260829 11:34:21 utils:156] output_dir     : pidcalib_iso/run2-rdx-2018-md-e_B_Jpsi_nnknng_ltlt-p_eta_ntracks
[I 260829 11:34:21 utils:156] verbose        : False
[I 260829 11:34:21 utils:156] version        : 1.5.6
[I 260829 11:34:21 utils:157] ===============
[W 260829 11:34:21 make_eff_hists:207] No --cut specified. Cuts on PID samples should match your sample cuts.
[I 260829 11:34:21 utils:609] 1 calibration files from EOS will be processed
[I 260829 11:34:21 binning:543] Loading binnings from ./binning_iso.json
[W 260829 11:34:21 binning:581] The following custom binnings are not being used: [{'particle': 'Pi', 'bin_var': 'Brunel_P'}, {'particle': 'Pi', 'bin_var': 'Brunel_ETA'}, {'particle': 'Pi', 'bin_var': 'nTracks_Brunel'}, {'particle': 'K', 'bin_var': 'Brunel_P'}, {'particle': 'K', 'bin_var': 'Brunel_ETA'}, {'particle': 'K', 'bin_var': 'nTracks_Brunel'}, {'particle': 'P', 'bin_var': 'Brunel_P'}, {'particle': 'P', 'bin_var': 'Brunel_ETA'}, {'particle': 'P', 'bin_var': 'nTracks_Brunel'}, {'particle': 'Mu_nopt', 'bin_var': 'Brunel_P'}, {'particle': 'Mu_nopt', 'bin_var': 'Brunel_ETA'}, {'particle': 'Mu_nopt', 'bin_var': 'nTracks_Brunel'}]
[I 260829 11:34:22 utils:819] Processed 1/1 files
[I 260829 11:34:22 utils:966] 585112/586371 (99.8%) events passed binning range cut
[I 260829 11:34:22 utils:966] 418484/585112 (71.5%) events passed 'Brunel_MC15TuneV1_ProbNNk<0.2&Brunel_MC15TuneV1_ProbNNghost<0.3' cut
[W 260829 11:34:22 utils:77] There are 8 empty bins in the total histogram! You might want to change the binning.
[W 260829 11:34:22 utils:91] There are 19 non-empty bins with < 10 events in the total histogram! You might want to change the binning.
[W 260829 11:34:22 utils:131] There are 2 bins > 1 in the 'eff_Brunel_MC15TuneV1_ProbNNk<0.2&Brunel_MC15TuneV1_ProbNNghost<0.3' efficiency histogram! You might want to change the binning.
[I 260829 11:34:22 make_eff_hists:270] Efficiency histograms saved to 'pidcalib_iso/run2-rdx-2018-md-e_B_Jpsi_nnknng_ltlt-p_eta_ntracks/effhists-Electron18-down-e_B_Jpsi-Brunel_MC15TuneV1_ProbNNk<0.2&Brunel_MC15TuneV1_ProbNNghost<0.3-Brunel_P.Brunel_ETA.nTracks-binning_iso.pkl'
Output folder: pidcalib_iso/run2-rdx-2018-md-e_B_Jpsi_nnp_gt-p_eta_ntracks
[I 260829 11:34:24 make_eff_hists:203] Running PIDCalib2 make_eff_hists with the config:
[I 260829 11:34:24 utils:153] ===============
[I 260829 11:34:24 utils:156] sample         : Electron18
[I 260829 11:34:24 utils:156] magnet         : down
[I 260829 11:34:24 utils:156] particle       : e_B_Jpsi
[I 260829 11:34:24 utils:156] pid_cuts       : ['Brunel_MC15TuneV1_ProbNNp>0.4']
[I 260829 11:34:24 utils:156] bin_vars       : ['Brunel_P', 'Brunel_ETA', 'nTracks']
[I 260829 11:34:24 utils:156] binning_files  : ['./binning_iso.json']
[I 260829 11:34:24 utils:156] output_dir     : pidcalib_iso/run2-rdx-2018-md-e_B_Jpsi_nnp_gt-p_eta_ntracks
[I 260829 11:34:24 utils:156] verbose        : False
[I 260829 11:34:24 utils:156] version        : 1.5.6
[I 260829 11:34:24 utils:157] ===============
[W 260829 11:34:24 make_eff_hists:207] No --cut specified. Cuts on PID samples should match your sample cuts.
[I 260829 11:34:24 utils:609] 1 calibration files from EOS will be processed
[I 260829 11:34:24 binning:543] Loading binnings from ./binning_iso.json
[W 260829 11:34:24 binning:581] The following custom binnings are not being used: [{'particle': 'Pi', 'bin_var': 'Brunel_P'}, {'particle': 'Pi', 'bin_var': 'Brunel_ETA'}, {'particle': 'Pi', 'bin_var': 'nTracks_Brunel'}, {'particle': 'K', 'bin_var': 'Brunel_P'}, {'particle': 'K', 'bin_var': 'Brunel_ETA'}, {'particle': 'K', 'bin_var': 'nTracks_Brunel'}, {'particle': 'P', 'bin_var': 'Brunel_P'}, {'particle': 'P', 'bin_var': 'Brunel_ETA'}, {'particle': 'P', 'bin_var': 'nTracks_Brunel'}, {'particle': 'Mu_nopt', 'bin_var': 'Brunel_P'}, {'particle': 'Mu_nopt', 'bin_var': 'Brunel_ETA'}, {'particle': 'Mu_nopt', 'bin_var': 'nTracks_Brunel'}]
[I 260829 11:34:28 utils:819] Processed 1/1 files
[I 260829 11:34:28 utils:966] 585112/586371 (99.8%) events passed binning range cut
[I 260829 11:34:28 utils:966] 37789/585112 (6.5%) events passed 'Brunel_MC15TuneV1_ProbNNp>0.4' cut
[W 260829 11:34:28 utils:77] There are 8 empty bins in the total histogram! You might want to change the binning.
[W 260829 11:34:28 utils:91] There are 19 non-empty bins with < 10 events in the total histogram! You might want to change the binning.
[W 260829 11:34:28 utils:131] There are 3 bins > 1 in the 'eff_Brunel_MC15TuneV1_ProbNNp>0.4' efficiency histogram! You might want to change the binning.
[I 260829 11:34:28 make_eff_hists:270] Efficiency histograms saved to 'pidcalib_iso/run2-rdx-2018-md-e_B_Jpsi_nnp_gt-p_eta_ntracks/effhists-Electron18-down-e_B_Jpsi-Brunel_MC15TuneV1_ProbNNp>0.4-Brunel_P.Brunel_ETA.nTracks-binning_iso.pkl'
Output folder: pidcalib_iso/run2-rdx-2018-md-e_B_Jpsi_nnknng_gtlt-p_eta_ntracks
[I 260829 11:34:30 make_eff_hists:203] Running PIDCalib2 make_eff_hists with the config:
[I 260829 11:34:30 utils:153] ===============
[I 260829 11:34:30 utils:156] sample         : Electron18
[I 260829 11:34:30 utils:156] magnet         : down
[I 260829 11:34:30 utils:156] particle       : e_B_Jpsi
[I 260829 11:34:30 utils:156] pid_cuts       : ['Brunel_MC15TuneV1_ProbNNk>0.2&Brunel_MC15TuneV1_ProbNNghost<0.3']
[I 260829 11:34:30 utils:156] bin_vars       : ['Brunel_P', 'Brunel_ETA', 'nTracks']
[I 260829 11:34:30 utils:156] binning_files  : ['./binning_iso.json']
[I 260829 11:34:30 utils:156] output_dir     : pidcalib_iso/run2-rdx-2018-md-e_B_Jpsi_nnknng_gtlt-p_eta_ntracks
[I 260829 11:34:30 utils:156] verbose        : False
[I 260829 11:34:30 utils:156] version        : 1.5.6
[I 260829 11:34:30 utils:157] ===============
[W 260829 11:34:30 make_eff_hists:207] No --cut specified. Cuts on PID samples should match your sample cuts.
[I 260829 11:34:30 utils:609] 1 calibration files from EOS will be processed
[I 260829 11:34:30 binning:543] Loading binnings from ./binning_iso.json
[W 260829 11:34:30 binning:581] The following custom binnings are not being used: [{'particle': 'Pi', 'bin_var': 'Brunel_P'}, {'particle': 'Pi', 'bin_var': 'Brunel_ETA'}, {'particle': 'Pi', 'bin_var': 'nTracks_Brunel'}, {'particle': 'K', 'bin_var': 'Brunel_P'}, {'particle': 'K', 'bin_var': 'Brunel_ETA'}, {'particle': 'K', 'bin_var': 'nTracks_Brunel'}, {'particle': 'P', 'bin_var': 'Brunel_P'}, {'particle': 'P', 'bin_var': 'Brunel_ETA'}, {'particle': 'P', 'bin_var': 'nTracks_Brunel'}, {'particle': 'Mu_nopt', 'bin_var': 'Brunel_P'}, {'particle': 'Mu_nopt', 'bin_var': 'Brunel_ETA'}, {'particle': 'Mu_nopt', 'bin_var': 'nTracks_Brunel'}]
[I 260829 11:34:30 utils:819] Processed 1/1 files
[I 260829 11:34:30 utils:966] 585112/586371 (99.8%) events passed binning range cut
[I 260829 11:34:30 utils:966] 82412/585112 (14.1%) events passed 'Brunel_MC15TuneV1_ProbNNk>0.2&Brunel_MC15TuneV1_ProbNNghost<0.3' cut
[W 260829 11:34:30 utils:77] There are 8 empty bins in the total histogram! You might want to change the binning.
[W 260829 11:34:30 utils:91] There are 19 non-empty bins with < 10 events in the total histogram! You might want to change the binning.
[W 260829 11:34:30 utils:122] There are 2 negative bins in the 'eff_Brunel_MC15TuneV1_ProbNNk>0.2&Brunel_MC15TuneV1_ProbNNghost<0.3' efficiency histogram! You might want to change the binning.
[W 260829 11:34:30 utils:131] There are 1 bins > 1 in the 'eff_Brunel_MC15TuneV1_ProbNNk>0.2&Brunel_MC15TuneV1_ProbNNghost<0.3' efficiency histogram! You might want to change the binning.
[I 260829 11:34:30 make_eff_hists:270] Efficiency histograms saved to 'pidcalib_iso/run2-rdx-2018-md-e_B_Jpsi_nnknng_gtlt-p_eta_ntracks/effhists-Electron18-down-e_B_Jpsi-Brunel_MC15TuneV1_ProbNNk>0.2&Brunel_MC15TuneV1_ProbNNghost<0.3-Brunel_P.Brunel_ETA.nTracks-binning_iso.pkl'
Output folder: pidcalib_iso/run2-rdx-2018-md-e_B_Jpsi_nnknng_lt02lt02-p_eta_ntracks
[I 260829 11:34:33 make_eff_hists:203] Running PIDCalib2 make_eff_hists with the config:
[I 260829 11:34:33 utils:153] ===============
[I 260829 11:34:33 utils:156] sample         : Electron18
[I 260829 11:34:33 utils:156] magnet         : down
[I 260829 11:34:33 utils:156] particle       : e_B_Jpsi
[I 260829 11:34:33 utils:156] pid_cuts       : ['Brunel_MC15TuneV1_ProbNNk<0.2&Brunel_MC15TuneV1_ProbNNghost<0.2']
[I 260829 11:34:33 utils:156] bin_vars       : ['Brunel_P', 'Brunel_ETA', 'nTracks']
[I 260829 11:34:33 utils:156] binning_files  : ['./binning_iso.json']
[I 260829 11:34:33 utils:156] output_dir     : pidcalib_iso/run2-rdx-2018-md-e_B_Jpsi_nnknng_lt02lt02-p_eta_ntracks
[I 260829 11:34:33 utils:156] verbose        : False
[I 260829 11:34:33 utils:156] version        : 1.5.6
[I 260829 11:34:33 utils:157] ===============
[W 260829 11:34:33 make_eff_hists:207] No --cut specified. Cuts on PID samples should match your sample cuts.
[I 260829 11:34:33 utils:609] 1 calibration files from EOS will be processed
[I 260829 11:34:33 binning:543] Loading binnings from ./binning_iso.json
[W 260829 11:34:33 binning:581] The following custom binnings are not being used: [{'particle': 'Pi', 'bin_var': 'Brunel_P'}, {'particle': 'Pi', 'bin_var': 'Brunel_ETA'}, {'particle': 'Pi', 'bin_var': 'nTracks_Brunel'}, {'particle': 'K', 'bin_var': 'Brunel_P'}, {'particle': 'K', 'bin_var': 'Brunel_ETA'}, {'particle': 'K', 'bin_var': 'nTracks_Brunel'}, {'particle': 'P', 'bin_var': 'Brunel_P'}, {'particle': 'P', 'bin_var': 'Brunel_ETA'}, {'particle': 'P', 'bin_var': 'nTracks_Brunel'}, {'particle': 'Mu_nopt', 'bin_var': 'Brunel_P'}, {'particle': 'Mu_nopt', 'bin_var': 'Brunel_ETA'}, {'particle': 'Mu_nopt', 'bin_var': 'nTracks_Brunel'}]
[I 260829 11:34:36 utils:819] Processed 1/1 files
[I 260829 11:34:36 utils:966] 585112/586371 (99.8%) events passed binning range cut
[I 260829 11:34:36 utils:966] 397328/585112 (67.9%) events passed 'Brunel_MC15TuneV1_ProbNNk<0.2&Brunel_MC15TuneV1_ProbNNghost<0.2' cut
[W 260829 11:34:36 utils:77] There are 8 empty bins in the total histogram! You might want to change the binning.
[W 260829 11:34:36 utils:91] There are 19 non-empty bins with < 10 events in the total histogram! You might want to change the binning.
[W 260829 11:34:36 utils:131] There are 3 bins > 1 in the 'eff_Brunel_MC15TuneV1_ProbNNk<0.2&Brunel_MC15TuneV1_ProbNNghost<0.2' efficiency histogram! You might want to change the binning.
[I 260829 11:34:36 make_eff_hists:270] Efficiency histograms saved to 'pidcalib_iso/run2-rdx-2018-md-e_B_Jpsi_nnknng_lt02lt02-p_eta_ntracks/effhists-Electron18-down-e_B_Jpsi-Brunel_MC15TuneV1_ProbNNk<0.2&Brunel_MC15TuneV1_ProbNNghost<0.2-Brunel_P.Brunel_ETA.nTracks-binning_iso.pkl'
Output folder: pidcalib_iso/run2-rdx-2018-mu-K_nnpnng_gtlt-p_eta_ntracks
[I 260829 11:34:38 make_eff_hists:203] Running PIDCalib2 make_eff_hists with the config:
[I 260829 11:34:38 utils:153] ===============
[I 260829 11:34:38 utils:156] sample         : Turbo18
[I 260829 11:34:38 utils:156] magnet         : up
[I 260829 11:34:38 utils:156] particle       : K
[I 260829 11:34:38 utils:156] pid_cuts       : ['Brunel_MC15TuneV1_ProbNNp>0.4&Brunel_MC15TuneV1_ProbNNghost<0.3']
[I 260829 11:34:38 utils:156] bin_vars       : ['Brunel_P', 'Brunel_ETA', 'nTracks_Brunel']
[I 260829 11:34:38 utils:156] binning_files  : ['./binning_iso.json']
[I 260829 11:34:38 utils:156] output_dir     : pidcalib_iso/run2-rdx-2018-mu-K_nnpnng_gtlt-p_eta_ntracks
[I 260829 11:34:38 utils:156] verbose        : False
[I 260829 11:34:38 utils:156] version        : 1.5.6
[I 260829 11:34:38 utils:157] ===============
[W 260829 11:34:38 make_eff_hists:207] No --cut specified. Cuts on PID samples should match your sample cuts.
[I 260829 11:34:39 utils:609] 428 calibration files from EOS will be processed
[I 260829 11:34:39 binning:543] Loading binnings from ./binning_iso.json
[W 260829 11:34:39 binning:581] The following custom binnings are not being used: [{'particle': 'Pi', 'bin_var': 'Brunel_P'}, {'particle': 'Pi', 'bin_var': 'Brunel_ETA'}, {'particle': 'Pi', 'bin_var': 'nTracks_Brunel'}, {'particle': 'P', 'bin_var': 'Brunel_P'}, {'particle': 'P', 'bin_var': 'Brunel_ETA'}, {'particle': 'P', 'bin_var': 'nTracks_Brunel'}, {'particle': 'Mu_nopt', 'bin_var': 'Brunel_P'}, {'particle': 'Mu_nopt', 'bin_var': 'Brunel_ETA'}, {'particle': 'Mu_nopt', 'bin_var': 'nTracks_Brunel'}, {'particle': 'e_B_Jpsi', 'bin_var': 'Brunel_P'}, {'particle': 'e_B_Jpsi', 'bin_var': 'Brunel_ETA'}, {'particle': 'e_B_Jpsi', 'bin_var': 'nTracks'}]
[I 260829 11:43:08 utils:819] Processed 428/428 files
[I 260829 11:43:08 utils:966] 161687435/164839587 (98.1%) events passed binning range cut
[I 260829 11:43:08 utils:966] 24842472/161687435 (15.4%) events passed 'Brunel_MC15TuneV1_ProbNNp>0.4&Brunel_MC15TuneV1_ProbNNghost<0.3' cut
[I 260829 11:43:08 make_eff_hists:270] Efficiency histograms saved to 'pidcalib_iso/run2-rdx-2018-mu-K_nnpnng_gtlt-p_eta_ntracks/effhists-Turbo18-up-K-Brunel_MC15TuneV1_ProbNNp>0.4&Brunel_MC15TuneV1_ProbNNghost<0.3-Brunel_P.Brunel_ETA.nTracks_Brunel-binning_iso.pkl'
Output folder: pidcalib_iso/run2-rdx-2018-mu-K_nnk_gt-p_eta_ntracks
[I 260829 11:43:12 make_eff_hists:203] Running PIDCalib2 make_eff_hists with the config:
[I 260829 11:43:12 utils:153] ===============
[I 260829 11:43:12 utils:156] sample         : Turbo18
[I 260829 11:43:12 utils:156] magnet         : up
[I 260829 11:43:12 utils:156] particle       : K
[I 260829 11:43:12 utils:156] pid_cuts       : ['Brunel_MC15TuneV1_ProbNNk>0.2']
[I 260829 11:43:12 utils:156] bin_vars       : ['Brunel_P', 'Brunel_ETA', 'nTracks_Brunel']
[I 260829 11:43:12 utils:156] binning_files  : ['./binning_iso.json']
[I 260829 11:43:12 utils:156] output_dir     : pidcalib_iso/run2-rdx-2018-mu-K_nnk_gt-p_eta_ntracks
[I 260829 11:43:12 utils:156] verbose        : False
[I 260829 11:43:12 utils:156] version        : 1.5.6
[I 260829 11:43:12 utils:157] ===============
[W 260829 11:43:12 make_eff_hists:207] No --cut specified. Cuts on PID samples should match your sample cuts.
[I 260829 11:43:12 utils:609] 428 calibration files from EOS will be processed
[I 260829 11:43:12 binning:543] Loading binnings from ./binning_iso.json
[W 260829 11:43:12 binning:581] The following custom binnings are not being used: [{'particle': 'Pi', 'bin_var': 'Brunel_P'}, {'particle': 'Pi', 'bin_var': 'Brunel_ETA'}, {'particle': 'Pi', 'bin_var': 'nTracks_Brunel'}, {'particle': 'P', 'bin_var': 'Brunel_P'}, {'particle': 'P', 'bin_var': 'Brunel_ETA'}, {'particle': 'P', 'bin_var': 'nTracks_Brunel'}, {'particle': 'Mu_nopt', 'bin_var': 'Brunel_P'}, {'particle': 'Mu_nopt', 'bin_var': 'Brunel_ETA'}, {'particle': 'Mu_nopt', 'bin_var': 'nTracks_Brunel'}, {'particle': 'e_B_Jpsi', 'bin_var': 'Brunel_P'}, {'particle': 'e_B_Jpsi', 'bin_var': 'Brunel_ETA'}, {'particle': 'e_B_Jpsi', 'bin_var': 'nTracks'}]
[I 260829 11:51:52 utils:819] Processed 428/428 files
[I 260829 11:51:52 utils:966] 161687435/164839587 (98.1%) events passed binning range cut
[I 260829 11:51:52 utils:966] 143100282/161687435 (88.5%) events passed 'Brunel_MC15TuneV1_ProbNNk>0.2' cut
[I 260829 11:51:52 make_eff_hists:270] Efficiency histograms saved to 'pidcalib_iso/run2-rdx-2018-mu-K_nnk_gt-p_eta_ntracks/effhists-Turbo18-up-K-Brunel_MC15TuneV1_ProbNNk>0.2-Brunel_P.Brunel_ETA.nTracks_Brunel-binning_iso.pkl'
Output folder: pidcalib_iso/run2-rdx-2018-mu-K_nnknng_gt02lt02-p_eta_ntracks
[I 260829 11:51:55 make_eff_hists:203] Running PIDCalib2 make_eff_hists with the config:
[I 260829 11:51:55 utils:153] ===============
[I 260829 11:51:55 utils:156] sample         : Turbo18
[I 260829 11:51:55 utils:156] magnet         : up
[I 260829 11:51:55 utils:156] particle       : K
[I 260829 11:51:55 utils:156] pid_cuts       : ['Brunel_MC15TuneV1_ProbNNk>0.2&Brunel_MC15TuneV1_ProbNNghost<0.2']
[I 260829 11:51:55 utils:156] bin_vars       : ['Brunel_P', 'Brunel_ETA', 'nTracks_Brunel']
[I 260829 11:51:55 utils:156] binning_files  : ['./binning_iso.json']
[I 260829 11:51:55 utils:156] output_dir     : pidcalib_iso/run2-rdx-2018-mu-K_nnknng_gt02lt02-p_eta_ntracks
[I 260829 11:51:55 utils:156] verbose        : False
[I 260829 11:51:55 utils:156] version        : 1.5.6
[I 260829 11:51:55 utils:157] ===============
[W 260829 11:51:55 make_eff_hists:207] No --cut specified. Cuts on PID samples should match your sample cuts.
[I 260829 11:51:56 utils:609] 428 calibration files from EOS will be processed
[I 260829 11:51:56 binning:543] Loading binnings from ./binning_iso.json
[W 260829 11:51:56 binning:581] The following custom binnings are not being used: [{'particle': 'Pi', 'bin_var': 'Brunel_P'}, {'particle': 'Pi', 'bin_var': 'Brunel_ETA'}, {'particle': 'Pi', 'bin_var': 'nTracks_Brunel'}, {'particle': 'P', 'bin_var': 'Brunel_P'}, {'particle': 'P', 'bin_var': 'Brunel_ETA'}, {'particle': 'P', 'bin_var': 'nTracks_Brunel'}, {'particle': 'Mu_nopt', 'bin_var': 'Brunel_P'}, {'particle': 'Mu_nopt', 'bin_var': 'Brunel_ETA'}, {'particle': 'Mu_nopt', 'bin_var': 'nTracks_Brunel'}, {'particle': 'e_B_Jpsi', 'bin_var': 'Brunel_P'}, {'particle': 'e_B_Jpsi', 'bin_var': 'Brunel_ETA'}, {'particle': 'e_B_Jpsi', 'bin_var': 'nTracks'}]
[I 260829 12:00:31 utils:819] Processed 428/428 files
[I 260829 12:00:31 utils:966] 161687435/164839587 (98.1%) events passed binning range cut
[I 260829 12:00:31 utils:966] 137158521/161687435 (84.8%) events passed 'Brunel_MC15TuneV1_ProbNNk>0.2&Brunel_MC15TuneV1_ProbNNghost<0.2' cut
[I 260829 12:00:31 make_eff_hists:270] Efficiency histograms saved to 'pidcalib_iso/run2-rdx-2018-mu-K_nnknng_gt02lt02-p_eta_ntracks/effhists-Turbo18-up-K-Brunel_MC15TuneV1_ProbNNk>0.2&Brunel_MC15TuneV1_ProbNNghost<0.2-Brunel_P.Brunel_ETA.nTracks_Brunel-binning_iso.pkl'
Output folder: pidcalib_iso/run2-rdx-2018-mu-K_nnknng_ltlt-p_eta_ntracks
[I 260829 12:00:35 make_eff_hists:203] Running PIDCalib2 make_eff_hists with the config:
[I 260829 12:00:35 utils:153] ===============
[I 260829 12:00:35 utils:156] sample         : Turbo18
[I 260829 12:00:35 utils:156] magnet         : up
[I 260829 12:00:35 utils:156] particle       : K
[I 260829 12:00:35 utils:156] pid_cuts       : ['Brunel_MC15TuneV1_ProbNNk<0.2&Brunel_MC15TuneV1_ProbNNghost<0.3']
[I 260829 12:00:35 utils:156] bin_vars       : ['Brunel_P', 'Brunel_ETA', 'nTracks_Brunel']
[I 260829 12:00:35 utils:156] binning_files  : ['./binning_iso.json']
[I 260829 12:00:35 utils:156] output_dir     : pidcalib_iso/run2-rdx-2018-mu-K_nnknng_ltlt-p_eta_ntracks
[I 260829 12:00:35 utils:156] verbose        : False
[I 260829 12:00:35 utils:156] version        : 1.5.6
[I 260829 12:00:35 utils:157] ===============
[W 260829 12:00:35 make_eff_hists:207] No --cut specified. Cuts on PID samples should match your sample cuts.
[I 260829 12:00:35 utils:609] 428 calibration files from EOS will be processed
[I 260829 12:00:35 binning:543] Loading binnings from ./binning_iso.json
[W 260829 12:00:35 binning:581] The following custom binnings are not being used: [{'particle': 'Pi', 'bin_var': 'Brunel_P'}, {'particle': 'Pi', 'bin_var': 'Brunel_ETA'}, {'particle': 'Pi', 'bin_var': 'nTracks_Brunel'}, {'particle': 'P', 'bin_var': 'Brunel_P'}, {'particle': 'P', 'bin_var': 'Brunel_ETA'}, {'particle': 'P', 'bin_var': 'nTracks_Brunel'}, {'particle': 'Mu_nopt', 'bin_var': 'Brunel_P'}, {'particle': 'Mu_nopt', 'bin_var': 'Brunel_ETA'}, {'particle': 'Mu_nopt', 'bin_var': 'nTracks_Brunel'}, {'particle': 'e_B_Jpsi', 'bin_var': 'Brunel_P'}, {'particle': 'e_B_Jpsi', 'bin_var': 'Brunel_ETA'}, {'particle': 'e_B_Jpsi', 'bin_var': 'nTracks'}]
[I 260829 12:09:02 utils:819] Processed 428/428 files
[I 260829 12:09:02 utils:966] 161687435/164839587 (98.1%) events passed binning range cut
[I 260829 12:09:02 utils:966] 16788142/161687435 (10.4%) events passed 'Brunel_MC15TuneV1_ProbNNk<0.2&Brunel_MC15TuneV1_ProbNNghost<0.3' cut
[I 260829 12:09:02 make_eff_hists:270] Efficiency histograms saved to 'pidcalib_iso/run2-rdx-2018-mu-K_nnknng_ltlt-p_eta_ntracks/effhists-Turbo18-up-K-Brunel_MC15TuneV1_ProbNNk<0.2&Brunel_MC15TuneV1_ProbNNghost<0.3-Brunel_P.Brunel_ETA.nTracks_Brunel-binning_iso.pkl'
Output folder: pidcalib_iso/run2-rdx-2018-mu-K_nnp_gt-p_eta_ntracks
[I 260829 12:09:05 make_eff_hists:203] Running PIDCalib2 make_eff_hists with the config:
[I 260829 12:09:05 utils:153] ===============
[I 260829 12:09:05 utils:156] sample         : Turbo18
[I 260829 12:09:05 utils:156] magnet         : up
[I 260829 12:09:05 utils:156] particle       : K
[I 260829 12:09:05 utils:156] pid_cuts       : ['Brunel_MC15TuneV1_ProbNNp>0.4']
[I 260829 12:09:05 utils:156] bin_vars       : ['Brunel_P', 'Brunel_ETA', 'nTracks_Brunel']
[I 260829 12:09:05 utils:156] binning_files  : ['./binning_iso.json']
[I 260829 12:09:05 utils:156] output_dir     : pidcalib_iso/run2-rdx-2018-mu-K_nnp_gt-p_eta_ntracks
[I 260829 12:09:05 utils:156] verbose        : False
[I 260829 12:09:05 utils:156] version        : 1.5.6
[I 260829 12:09:05 utils:157] ===============
[W 260829 12:09:05 make_eff_hists:207] No --cut specified. Cuts on PID samples should match your sample cuts.
[I 260829 12:09:08 utils:609] 428 calibration files from EOS will be processed
[I 260829 12:09:08 binning:543] Loading binnings from ./binning_iso.json
[W 260829 12:09:08 binning:581] The following custom binnings are not being used: [{'particle': 'Pi', 'bin_var': 'Brunel_P'}, {'particle': 'Pi', 'bin_var': 'Brunel_ETA'}, {'particle': 'Pi', 'bin_var': 'nTracks_Brunel'}, {'particle': 'P', 'bin_var': 'Brunel_P'}, {'particle': 'P', 'bin_var': 'Brunel_ETA'}, {'particle': 'P', 'bin_var': 'nTracks_Brunel'}, {'particle': 'Mu_nopt', 'bin_var': 'Brunel_P'}, {'particle': 'Mu_nopt', 'bin_var': 'Brunel_ETA'}, {'particle': 'Mu_nopt', 'bin_var': 'nTracks_Brunel'}, {'particle': 'e_B_Jpsi', 'bin_var': 'Brunel_P'}, {'particle': 'e_B_Jpsi', 'bin_var': 'Brunel_ETA'}, {'particle': 'e_B_Jpsi', 'bin_var': 'nTracks'}]
[I 260829 12:16:56 utils:819] Processed 428/428 files
[I 260829 12:16:56 utils:966] 161687435/164839587 (98.1%) events passed binning range cut
[I 260829 12:16:56 utils:966] 25677675/161687435 (15.9%) events passed 'Brunel_MC15TuneV1_ProbNNp>0.4' cut
[I 260829 12:16:56 make_eff_hists:270] Efficiency histograms saved to 'pidcalib_iso/run2-rdx-2018-mu-K_nnp_gt-p_eta_ntracks/effhists-Turbo18-up-K-Brunel_MC15TuneV1_ProbNNp>0.4-Brunel_P.Brunel_ETA.nTracks_Brunel-binning_iso.pkl'
Output folder: pidcalib_iso/run2-rdx-2018-mu-K_nnknng_gtlt-p_eta_ntracks
[I 260829 12:16:59 make_eff_hists:203] Running PIDCalib2 make_eff_hists with the config:
[I 260829 12:16:59 utils:153] ===============
[I 260829 12:16:59 utils:156] sample         : Turbo18
[I 260829 12:16:59 utils:156] magnet         : up
[I 260829 12:16:59 utils:156] particle       : K
[I 260829 12:16:59 utils:156] pid_cuts       : ['Brunel_MC15TuneV1_ProbNNk>0.2&Brunel_MC15TuneV1_ProbNNghost<0.3']
[I 260829 12:16:59 utils:156] bin_vars       : ['Brunel_P', 'Brunel_ETA', 'nTracks_Brunel']
[I 260829 12:16:59 utils:156] binning_files  : ['./binning_iso.json']
[I 260829 12:16:59 utils:156] output_dir     : pidcalib_iso/run2-rdx-2018-mu-K_nnknng_gtlt-p_eta_ntracks
[I 260829 12:16:59 utils:156] verbose        : False
[I 260829 12:16:59 utils:156] version        : 1.5.6
[I 260829 12:16:59 utils:157] ===============
[W 260829 12:16:59 make_eff_hists:207] No --cut specified. Cuts on PID samples should match your sample cuts.
[I 260829 12:16:59 utils:609] 428 calibration files from EOS will be processed
[I 260829 12:16:59 binning:543] Loading binnings from ./binning_iso.json
[W 260829 12:16:59 binning:581] The following custom binnings are not being used: [{'particle': 'Pi', 'bin_var': 'Brunel_P'}, {'particle': 'Pi', 'bin_var': 'Brunel_ETA'}, {'particle': 'Pi', 'bin_var': 'nTracks_Brunel'}, {'particle': 'P', 'bin_var': 'Brunel_P'}, {'particle': 'P', 'bin_var': 'Brunel_ETA'}, {'particle': 'P', 'bin_var': 'nTracks_Brunel'}, {'particle': 'Mu_nopt', 'bin_var': 'Brunel_P'}, {'particle': 'Mu_nopt', 'bin_var': 'Brunel_ETA'}, {'particle': 'Mu_nopt', 'bin_var': 'nTracks_Brunel'}, {'particle': 'e_B_Jpsi', 'bin_var': 'Brunel_P'}, {'particle': 'e_B_Jpsi', 'bin_var': 'Brunel_ETA'}, {'particle': 'e_B_Jpsi', 'bin_var': 'nTracks'}]
[I 260829 12:25:24 utils:819] Processed 428/428 files
[I 260829 12:25:24 utils:966] 161687435/164839587 (98.1%) events passed binning range cut
[I 260829 12:25:24 utils:966] 139113154/161687435 (86.0%) events passed 'Brunel_MC15TuneV1_ProbNNk>0.2&Brunel_MC15TuneV1_ProbNNghost<0.3' cut
[I 260829 12:25:24 make_eff_hists:270] Efficiency histograms saved to 'pidcalib_iso/run2-rdx-2018-mu-K_nnknng_gtlt-p_eta_ntracks/effhists-Turbo18-up-K-Brunel_MC15TuneV1_ProbNNk>0.2&Brunel_MC15TuneV1_ProbNNghost<0.3-Brunel_P.Brunel_ETA.nTracks_Brunel-binning_iso.pkl'
Output folder: pidcalib_iso/run2-rdx-2018-mu-K_nnknng_lt02lt02-p_eta_ntracks
[I 260829 12:25:28 make_eff_hists:203] Running PIDCalib2 make_eff_hists with the config:
[I 260829 12:25:28 utils:153] ===============
[I 260829 12:25:28 utils:156] sample         : Turbo18
[I 260829 12:25:28 utils:156] magnet         : up
[I 260829 12:25:28 utils:156] particle       : K
[I 260829 12:25:28 utils:156] pid_cuts       : ['Brunel_MC15TuneV1_ProbNNk<0.2&Brunel_MC15TuneV1_ProbNNghost<0.2']
[I 260829 12:25:28 utils:156] bin_vars       : ['Brunel_P', 'Brunel_ETA', 'nTracks_Brunel']
[I 260829 12:25:28 utils:156] binning_files  : ['./binning_iso.json']
[I 260829 12:25:28 utils:156] output_dir     : pidcalib_iso/run2-rdx-2018-mu-K_nnknng_lt02lt02-p_eta_ntracks
[I 260829 12:25:28 utils:156] verbose        : False
[I 260829 12:25:28 utils:156] version        : 1.5.6
[I 260829 12:25:28 utils:157] ===============
[W 260829 12:25:28 make_eff_hists:207] No --cut specified. Cuts on PID samples should match your sample cuts.
[I 260829 12:25:29 utils:609] 428 calibration files from EOS will be processed
[I 260829 12:25:29 binning:543] Loading binnings from ./binning_iso.json
[W 260829 12:25:29 binning:581] The following custom binnings are not being used: [{'particle': 'Pi', 'bin_var': 'Brunel_P'}, {'particle': 'Pi', 'bin_var': 'Brunel_ETA'}, {'particle': 'Pi', 'bin_var': 'nTracks_Brunel'}, {'particle': 'P', 'bin_var': 'Brunel_P'}, {'particle': 'P', 'bin_var': 'Brunel_ETA'}, {'particle': 'P', 'bin_var': 'nTracks_Brunel'}, {'particle': 'Mu_nopt', 'bin_var': 'Brunel_P'}, {'particle': 'Mu_nopt', 'bin_var': 'Brunel_ETA'}, {'particle': 'Mu_nopt', 'bin_var': 'nTracks_Brunel'}, {'particle': 'e_B_Jpsi', 'bin_var': 'Brunel_P'}, {'particle': 'e_B_Jpsi', 'bin_var': 'Brunel_ETA'}, {'particle': 'e_B_Jpsi', 'bin_var': 'nTracks'}]
[I 260829 12:34:11 utils:819] Processed 428/428 files
[I 260829 12:34:11 utils:966] 161687435/164839587 (98.1%) events passed binning range cut
[I 260829 12:34:11 utils:966] 16226244/161687435 (10.0%) events passed 'Brunel_MC15TuneV1_ProbNNk<0.2&Brunel_MC15TuneV1_ProbNNghost<0.2' cut
[I 260829 12:34:11 make_eff_hists:270] Efficiency histograms saved to 'pidcalib_iso/run2-rdx-2018-mu-K_nnknng_lt02lt02-p_eta_ntracks/effhists-Turbo18-up-K-Brunel_MC15TuneV1_ProbNNk<0.2&Brunel_MC15TuneV1_ProbNNghost<0.2-Brunel_P.Brunel_ETA.nTracks_Brunel-binning_iso.pkl'
Output folder: pidcalib_iso/run2-rdx-2018-mu-Pi_nnpnng_gtlt-p_eta_ntracks
[I 260829 12:34:14 make_eff_hists:203] Running PIDCalib2 make_eff_hists with the config:
[I 260829 12:34:14 utils:153] ===============
[I 260829 12:34:14 utils:156] sample         : Turbo18
[I 260829 12:34:14 utils:156] magnet         : up
[I 260829 12:34:14 utils:156] particle       : Pi
[I 260829 12:34:14 utils:156] pid_cuts       : ['Brunel_MC15TuneV1_ProbNNp>0.4&Brunel_MC15TuneV1_ProbNNghost<0.3']
[I 260829 12:34:14 utils:156] bin_vars       : ['Brunel_P', 'Brunel_ETA', 'nTracks_Brunel']
[I 260829 12:34:14 utils:156] binning_files  : ['./binning_iso.json']
[I 260829 12:34:14 utils:156] output_dir     : pidcalib_iso/run2-rdx-2018-mu-Pi_nnpnng_gtlt-p_eta_ntracks
[I 260829 12:34:14 utils:156] verbose        : False
[I 260829 12:34:14 utils:156] version        : 1.5.6
[I 260829 12:34:14 utils:157] ===============
[W 260829 12:34:14 make_eff_hists:207] No --cut specified. Cuts on PID samples should match your sample cuts.
[I 260829 12:34:14 utils:609] 428 calibration files from EOS will be processed
[I 260829 12:34:14 binning:543] Loading binnings from ./binning_iso.json
[W 260829 12:34:14 binning:581] The following custom binnings are not being used: [{'particle': 'K', 'bin_var': 'Brunel_P'}, {'particle': 'K', 'bin_var': 'Brunel_ETA'}, {'particle': 'K', 'bin_var': 'nTracks_Brunel'}, {'particle': 'P', 'bin_var': 'Brunel_P'}, {'particle': 'P', 'bin_var': 'Brunel_ETA'}, {'particle': 'P', 'bin_var': 'nTracks_Brunel'}, {'particle': 'Mu_nopt', 'bin_var': 'Brunel_P'}, {'particle': 'Mu_nopt', 'bin_var': 'Brunel_ETA'}, {'particle': 'Mu_nopt', 'bin_var': 'nTracks_Brunel'}, {'particle': 'e_B_Jpsi', 'bin_var': 'Brunel_P'}, {'particle': 'e_B_Jpsi', 'bin_var': 'Brunel_ETA'}, {'particle': 'e_B_Jpsi', 'bin_var': 'nTracks'}]
[I 260829 12:43:06 utils:819] Processed 428/428 files
[I 260829 12:43:06 utils:966] 162056394/164839587 (98.3%) events passed binning range cut
[I 260829 12:43:06 utils:966] 3140888/162056394 (1.9%) events passed 'Brunel_MC15TuneV1_ProbNNp>0.4&Brunel_MC15TuneV1_ProbNNghost<0.3' cut
[I 260829 12:43:06 make_eff_hists:270] Efficiency histograms saved to 'pidcalib_iso/run2-rdx-2018-mu-Pi_nnpnng_gtlt-p_eta_ntracks/effhists-Turbo18-up-Pi-Brunel_MC15TuneV1_ProbNNp>0.4&Brunel_MC15TuneV1_ProbNNghost<0.3-Brunel_P.Brunel_ETA.nTracks_Brunel-binning_iso.pkl'
Output folder: pidcalib_iso/run2-rdx-2018-mu-Pi_nnk_gt-p_eta_ntracks
[I 260829 12:43:10 make_eff_hists:203] Running PIDCalib2 make_eff_hists with the config:
[I 260829 12:43:10 utils:153] ===============
[I 260829 12:43:10 utils:156] sample         : Turbo18
[I 260829 12:43:10 utils:156] magnet         : up
[I 260829 12:43:10 utils:156] particle       : Pi
[I 260829 12:43:10 utils:156] pid_cuts       : ['Brunel_MC15TuneV1_ProbNNk>0.2']
[I 260829 12:43:10 utils:156] bin_vars       : ['Brunel_P', 'Brunel_ETA', 'nTracks_Brunel']
[I 260829 12:43:10 utils:156] binning_files  : ['./binning_iso.json']
[I 260829 12:43:10 utils:156] output_dir     : pidcalib_iso/run2-rdx-2018-mu-Pi_nnk_gt-p_eta_ntracks
[I 260829 12:43:10 utils:156] verbose        : False
[I 260829 12:43:10 utils:156] version        : 1.5.6
[I 260829 12:43:10 utils:157] ===============
[W 260829 12:43:10 make_eff_hists:207] No --cut specified. Cuts on PID samples should match your sample cuts.
[I 260829 12:43:11 utils:609] 428 calibration files from EOS will be processed
[I 260829 12:43:11 binning:543] Loading binnings from ./binning_iso.json
[W 260829 12:43:11 binning:581] The following custom binnings are not being used: [{'particle': 'K', 'bin_var': 'Brunel_P'}, {'particle': 'K', 'bin_var': 'Brunel_ETA'}, {'particle': 'K', 'bin_var': 'nTracks_Brunel'}, {'particle': 'P', 'bin_var': 'Brunel_P'}, {'particle': 'P', 'bin_var': 'Brunel_ETA'}, {'particle': 'P', 'bin_var': 'nTracks_Brunel'}, {'particle': 'Mu_nopt', 'bin_var': 'Brunel_P'}, {'particle': 'Mu_nopt', 'bin_var': 'Brunel_ETA'}, {'particle': 'Mu_nopt', 'bin_var': 'nTracks_Brunel'}, {'particle': 'e_B_Jpsi', 'bin_var': 'Brunel_P'}, {'particle': 'e_B_Jpsi', 'bin_var': 'Brunel_ETA'}, {'particle': 'e_B_Jpsi', 'bin_var': 'nTracks'}]
[I 260829 12:51:05 utils:819] Processed 428/428 files
[I 260829 12:51:05 utils:966] 162056394/164839587 (98.3%) events passed binning range cut
[I 260829 12:51:05 utils:966] 21128193/162056394 (13.0%) events passed 'Brunel_MC15TuneV1_ProbNNk>0.2' cut
[I 260829 12:51:05 make_eff_hists:270] Efficiency histograms saved to 'pidcalib_iso/run2-rdx-2018-mu-Pi_nnk_gt-p_eta_ntracks/effhists-Turbo18-up-Pi-Brunel_MC15TuneV1_ProbNNk>0.2-Brunel_P.Brunel_ETA.nTracks_Brunel-binning_iso.pkl'
Output folder: pidcalib_iso/run2-rdx-2018-mu-Pi_nnknng_gt02lt02-p_eta_ntracks
[I 260829 12:51:08 make_eff_hists:203] Running PIDCalib2 make_eff_hists with the config:
[I 260829 12:51:08 utils:153] ===============
[I 260829 12:51:08 utils:156] sample         : Turbo18
[I 260829 12:51:08 utils:156] magnet         : up
[I 260829 12:51:08 utils:156] particle       : Pi
[I 260829 12:51:08 utils:156] pid_cuts       : ['Brunel_MC15TuneV1_ProbNNk>0.2&Brunel_MC15TuneV1_ProbNNghost<0.2']
[I 260829 12:51:08 utils:156] bin_vars       : ['Brunel_P', 'Brunel_ETA', 'nTracks_Brunel']
[I 260829 12:51:08 utils:156] binning_files  : ['./binning_iso.json']
[I 260829 12:51:08 utils:156] output_dir     : pidcalib_iso/run2-rdx-2018-mu-Pi_nnknng_gt02lt02-p_eta_ntracks
[I 260829 12:51:08 utils:156] verbose        : False
[I 260829 12:51:08 utils:156] version        : 1.5.6
[I 260829 12:51:08 utils:157] ===============
[W 260829 12:51:08 make_eff_hists:207] No --cut specified. Cuts on PID samples should match your sample cuts.
[I 260829 12:51:08 utils:609] 428 calibration files from EOS will be processed
[I 260829 12:51:08 binning:543] Loading binnings from ./binning_iso.json
[W 260829 12:51:08 binning:581] The following custom binnings are not being used: [{'particle': 'K', 'bin_var': 'Brunel_P'}, {'particle': 'K', 'bin_var': 'Brunel_ETA'}, {'particle': 'K', 'bin_var': 'nTracks_Brunel'}, {'particle': 'P', 'bin_var': 'Brunel_P'}, {'particle': 'P', 'bin_var': 'Brunel_ETA'}, {'particle': 'P', 'bin_var': 'nTracks_Brunel'}, {'particle': 'Mu_nopt', 'bin_var': 'Brunel_P'}, {'particle': 'Mu_nopt', 'bin_var': 'Brunel_ETA'}, {'particle': 'Mu_nopt', 'bin_var': 'nTracks_Brunel'}, {'particle': 'e_B_Jpsi', 'bin_var': 'Brunel_P'}, {'particle': 'e_B_Jpsi', 'bin_var': 'Brunel_ETA'}, {'particle': 'e_B_Jpsi', 'bin_var': 'nTracks'}]
[I 260829 12:59:34 utils:819] Processed 428/428 files
[I 260829 12:59:34 utils:966] 162056394/164839587 (98.3%) events passed binning range cut
[I 260829 12:59:34 utils:966] 20034394/162056394 (12.4%) events passed 'Brunel_MC15TuneV1_ProbNNk>0.2&Brunel_MC15TuneV1_ProbNNghost<0.2' cut
[I 260829 12:59:34 make_eff_hists:270] Efficiency histograms saved to 'pidcalib_iso/run2-rdx-2018-mu-Pi_nnknng_gt02lt02-p_eta_ntracks/effhists-Turbo18-up-Pi-Brunel_MC15TuneV1_ProbNNk>0.2&Brunel_MC15TuneV1_ProbNNghost<0.2-Brunel_P.Brunel_ETA.nTracks_Brunel-binning_iso.pkl'
Output folder: pidcalib_iso/run2-rdx-2018-mu-Pi_nnknng_ltlt-p_eta_ntracks
[I 260829 12:59:38 make_eff_hists:203] Running PIDCalib2 make_eff_hists with the config:
[I 260829 12:59:38 utils:153] ===============
[I 260829 12:59:38 utils:156] sample         : Turbo18
[I 260829 12:59:38 utils:156] magnet         : up
[I 260829 12:59:38 utils:156] particle       : Pi
[I 260829 12:59:38 utils:156] pid_cuts       : ['Brunel_MC15TuneV1_ProbNNk<0.2&Brunel_MC15TuneV1_ProbNNghost<0.3']
[I 260829 12:59:38 utils:156] bin_vars       : ['Brunel_P', 'Brunel_ETA', 'nTracks_Brunel']
[I 260829 12:59:38 utils:156] binning_files  : ['./binning_iso.json']
[I 260829 12:59:38 utils:156] output_dir     : pidcalib_iso/run2-rdx-2018-mu-Pi_nnknng_ltlt-p_eta_ntracks
[I 260829 12:59:38 utils:156] verbose        : False
[I 260829 12:59:38 utils:156] version        : 1.5.6
[I 260829 12:59:38 utils:157] ===============
[W 260829 12:59:38 make_eff_hists:207] No --cut specified. Cuts on PID samples should match your sample cuts.
[I 260829 12:59:39 utils:609] 428 calibration files from EOS will be processed
[I 260829 12:59:39 binning:543] Loading binnings from ./binning_iso.json
[W 260829 12:59:39 binning:581] The following custom binnings are not being used: [{'particle': 'K', 'bin_var': 'Brunel_P'}, {'particle': 'K', 'bin_var': 'Brunel_ETA'}, {'particle': 'K', 'bin_var': 'nTracks_Brunel'}, {'particle': 'P', 'bin_var': 'Brunel_P'}, {'particle': 'P', 'bin_var': 'Brunel_ETA'}, {'particle': 'P', 'bin_var': 'nTracks_Brunel'}, {'particle': 'Mu_nopt', 'bin_var': 'Brunel_P'}, {'particle': 'Mu_nopt', 'bin_var': 'Brunel_ETA'}, {'particle': 'Mu_nopt', 'bin_var': 'nTracks_Brunel'}, {'particle': 'e_B_Jpsi', 'bin_var': 'Brunel_P'}, {'particle': 'e_B_Jpsi', 'bin_var': 'Brunel_ETA'}, {'particle': 'e_B_Jpsi', 'bin_var': 'nTracks'}]
[I 260829 13:08:34 utils:819] Processed 428/428 files
[I 260829 13:08:34 utils:966] 162056394/164839587 (98.3%) events passed binning range cut
[I 260829 13:08:34 utils:966] 136497218/162056394 (84.2%) events passed 'Brunel_MC15TuneV1_ProbNNk<0.2&Brunel_MC15TuneV1_ProbNNghost<0.3' cut
[I 260829 13:08:34 make_eff_hists:270] Efficiency histograms saved to 'pidcalib_iso/run2-rdx-2018-mu-Pi_nnknng_ltlt-p_eta_ntracks/effhists-Turbo18-up-Pi-Brunel_MC15TuneV1_ProbNNk<0.2&Brunel_MC15TuneV1_ProbNNghost<0.3-Brunel_P.Brunel_ETA.nTracks_Brunel-binning_iso.pkl'
Output folder: pidcalib_iso/run2-rdx-2018-mu-Pi_nnp_gt-p_eta_ntracks
[I 260829 13:08:38 make_eff_hists:203] Running PIDCalib2 make_eff_hists with the config:
[I 260829 13:08:38 utils:153] ===============
[I 260829 13:08:38 utils:156] sample         : Turbo18
[I 260829 13:08:38 utils:156] magnet         : up
[I 260829 13:08:38 utils:156] particle       : Pi
[I 260829 13:08:38 utils:156] pid_cuts       : ['Brunel_MC15TuneV1_ProbNNp>0.4']
[I 260829 13:08:38 utils:156] bin_vars       : ['Brunel_P', 'Brunel_ETA', 'nTracks_Brunel']
[I 260829 13:08:38 utils:156] binning_files  : ['./binning_iso.json']
[I 260829 13:08:38 utils:156] output_dir     : pidcalib_iso/run2-rdx-2018-mu-Pi_nnp_gt-p_eta_ntracks
[I 260829 13:08:38 utils:156] verbose        : False
[I 260829 13:08:38 utils:156] version        : 1.5.6
[I 260829 13:08:38 utils:157] ===============
[W 260829 13:08:38 make_eff_hists:207] No --cut specified. Cuts on PID samples should match your sample cuts.
[I 260829 13:08:38 utils:609] 428 calibration files from EOS will be processed
[I 260829 13:08:38 binning:543] Loading binnings from ./binning_iso.json
[W 260829 13:08:38 binning:581] The following custom binnings are not being used: [{'particle': 'K', 'bin_var': 'Brunel_P'}, {'particle': 'K', 'bin_var': 'Brunel_ETA'}, {'particle': 'K', 'bin_var': 'nTracks_Brunel'}, {'particle': 'P', 'bin_var': 'Brunel_P'}, {'particle': 'P', 'bin_var': 'Brunel_ETA'}, {'particle': 'P', 'bin_var': 'nTracks_Brunel'}, {'particle': 'Mu_nopt', 'bin_var': 'Brunel_P'}, {'particle': 'Mu_nopt', 'bin_var': 'Brunel_ETA'}, {'particle': 'Mu_nopt', 'bin_var': 'nTracks_Brunel'}, {'particle': 'e_B_Jpsi', 'bin_var': 'Brunel_P'}, {'particle': 'e_B_Jpsi', 'bin_var': 'Brunel_ETA'}, {'particle': 'e_B_Jpsi', 'bin_var': 'nTracks'}]
[I 260829 13:16:16 utils:819] Processed 428/428 files
[I 260829 13:16:16 utils:966] 162056394/164839587 (98.3%) events passed binning range cut
[I 260829 13:16:16 utils:966] 3355618/162056394 (2.1%) events passed 'Brunel_MC15TuneV1_ProbNNp>0.4' cut
[I 260829 13:16:16 make_eff_hists:270] Efficiency histograms saved to 'pidcalib_iso/run2-rdx-2018-mu-Pi_nnp_gt-p_eta_ntracks/effhists-Turbo18-up-Pi-Brunel_MC15TuneV1_ProbNNp>0.4-Brunel_P.Brunel_ETA.nTracks_Brunel-binning_iso.pkl'
Output folder: pidcalib_iso/run2-rdx-2018-mu-Pi_nnknng_gtlt-p_eta_ntracks
[I 260829 13:16:19 make_eff_hists:203] Running PIDCalib2 make_eff_hists with the config:
[I 260829 13:16:19 utils:153] ===============
[I 260829 13:16:19 utils:156] sample         : Turbo18
[I 260829 13:16:19 utils:156] magnet         : up
[I 260829 13:16:19 utils:156] particle       : Pi
[I 260829 13:16:19 utils:156] pid_cuts       : ['Brunel_MC15TuneV1_ProbNNk>0.2&Brunel_MC15TuneV1_ProbNNghost<0.3']
[I 260829 13:16:19 utils:156] bin_vars       : ['Brunel_P', 'Brunel_ETA', 'nTracks_Brunel']
[I 260829 13:16:19 utils:156] binning_files  : ['./binning_iso.json']
[I 260829 13:16:19 utils:156] output_dir     : pidcalib_iso/run2-rdx-2018-mu-Pi_nnknng_gtlt-p_eta_ntracks
[I 260829 13:16:19 utils:156] verbose        : False
[I 260829 13:16:19 utils:156] version        : 1.5.6
[I 260829 13:16:19 utils:157] ===============
[W 260829 13:16:19 make_eff_hists:207] No --cut specified. Cuts on PID samples should match your sample cuts.
[I 260829 13:16:22 utils:609] 428 calibration files from EOS will be processed
[I 260829 13:16:22 binning:543] Loading binnings from ./binning_iso.json
[W 260829 13:16:22 binning:581] The following custom binnings are not being used: [{'particle': 'K', 'bin_var': 'Brunel_P'}, {'particle': 'K', 'bin_var': 'Brunel_ETA'}, {'particle': 'K', 'bin_var': 'nTracks_Brunel'}, {'particle': 'P', 'bin_var': 'Brunel_P'}, {'particle': 'P', 'bin_var': 'Brunel_ETA'}, {'particle': 'P', 'bin_var': 'nTracks_Brunel'}, {'particle': 'Mu_nopt', 'bin_var': 'Brunel_P'}, {'particle': 'Mu_nopt', 'bin_var': 'Brunel_ETA'}, {'particle': 'Mu_nopt', 'bin_var': 'nTracks_Brunel'}, {'particle': 'e_B_Jpsi', 'bin_var': 'Brunel_P'}, {'particle': 'e_B_Jpsi', 'bin_var': 'Brunel_ETA'}, {'particle': 'e_B_Jpsi', 'bin_var': 'nTracks'}]
[I 260829 13:24:47 utils:819] Processed 428/428 files
[I 260829 13:24:47 utils:966] 162056394/164839587 (98.3%) events passed binning range cut
[I 260829 13:24:47 utils:966] 20389412/162056394 (12.6%) events passed 'Brunel_MC15TuneV1_ProbNNk>0.2&Brunel_MC15TuneV1_ProbNNghost<0.3' cut
[I 260829 13:24:47 make_eff_hists:270] Efficiency histograms saved to 'pidcalib_iso/run2-rdx-2018-mu-Pi_nnknng_gtlt-p_eta_ntracks/effhists-Turbo18-up-Pi-Brunel_MC15TuneV1_ProbNNk>0.2&Brunel_MC15TuneV1_ProbNNghost<0.3-Brunel_P.Brunel_ETA.nTracks_Brunel-binning_iso.pkl'
Output folder: pidcalib_iso/run2-rdx-2018-mu-Pi_nnknng_lt02lt02-p_eta_ntracks
[I 260829 13:24:51 make_eff_hists:203] Running PIDCalib2 make_eff_hists with the config:
[I 260829 13:24:51 utils:153] ===============
[I 260829 13:24:51 utils:156] sample         : Turbo18
[I 260829 13:24:51 utils:156] magnet         : up
[I 260829 13:24:51 utils:156] particle       : Pi
[I 260829 13:24:51 utils:156] pid_cuts       : ['Brunel_MC15TuneV1_ProbNNk<0.2&Brunel_MC15TuneV1_ProbNNghost<0.2']
[I 260829 13:24:51 utils:156] bin_vars       : ['Brunel_P', 'Brunel_ETA', 'nTracks_Brunel']
[I 260829 13:24:51 utils:156] binning_files  : ['./binning_iso.json']
[I 260829 13:24:51 utils:156] output_dir     : pidcalib_iso/run2-rdx-2018-mu-Pi_nnknng_lt02lt02-p_eta_ntracks
[I 260829 13:24:51 utils:156] verbose        : False
[I 260829 13:24:51 utils:156] version        : 1.5.6
[I 260829 13:24:51 utils:157] ===============
[W 260829 13:24:51 make_eff_hists:207] No --cut specified. Cuts on PID samples should match your sample cuts.
[I 260829 13:24:51 utils:609] 428 calibration files from EOS will be processed
[I 260829 13:24:51 binning:543] Loading binnings from ./binning_iso.json
[W 260829 13:24:51 binning:581] The following custom binnings are not being used: [{'particle': 'K', 'bin_var': 'Brunel_P'}, {'particle': 'K', 'bin_var': 'Brunel_ETA'}, {'particle': 'K', 'bin_var': 'nTracks_Brunel'}, {'particle': 'P', 'bin_var': 'Brunel_P'}, {'particle': 'P', 'bin_var': 'Brunel_ETA'}, {'particle': 'P', 'bin_var': 'nTracks_Brunel'}, {'particle': 'Mu_nopt', 'bin_var': 'Brunel_P'}, {'particle': 'Mu_nopt', 'bin_var': 'Brunel_ETA'}, {'particle': 'Mu_nopt', 'bin_var': 'nTracks_Brunel'}, {'particle': 'e_B_Jpsi', 'bin_var': 'Brunel_P'}, {'particle': 'e_B_Jpsi', 'bin_var': 'Brunel_ETA'}, {'particle': 'e_B_Jpsi', 'bin_var': 'nTracks'}]
[I 260829 13:33:29 utils:819] Processed 428/428 files
[I 260829 13:33:29 utils:966] 162056394/164839587 (98.3%) events passed binning range cut
[I 260829 13:33:29 utils:966] 134407128/162056394 (82.9%) events passed 'Brunel_MC15TuneV1_ProbNNk<0.2&Brunel_MC15TuneV1_ProbNNghost<0.2' cut
[I 260829 13:33:29 make_eff_hists:270] Efficiency histograms saved to 'pidcalib_iso/run2-rdx-2018-mu-Pi_nnknng_lt02lt02-p_eta_ntracks/effhists-Turbo18-up-Pi-Brunel_MC15TuneV1_ProbNNk<0.2&Brunel_MC15TuneV1_ProbNNghost<0.2-Brunel_P.Brunel_ETA.nTracks_Brunel-binning_iso.pkl'
Output folder: pidcalib_iso/run2-rdx-2018-mu-P_nnpnng_gtlt-p_eta_ntracks
[I 260829 13:33:32 make_eff_hists:203] Running PIDCalib2 make_eff_hists with the config:
[I 260829 13:33:32 utils:153] ===============
[I 260829 13:33:32 utils:156] sample         : Turbo18
[I 260829 13:33:32 utils:156] magnet         : up
[I 260829 13:33:32 utils:156] particle       : P
[I 260829 13:33:32 utils:156] pid_cuts       : ['Brunel_MC15TuneV1_ProbNNp>0.4&Brunel_MC15TuneV1_ProbNNghost<0.3']
[I 260829 13:33:32 utils:156] bin_vars       : ['Brunel_P', 'Brunel_ETA', 'nTracks_Brunel']
[I 260829 13:33:32 utils:156] binning_files  : ['./binning_iso.json']
[I 260829 13:33:32 utils:156] output_dir     : pidcalib_iso/run2-rdx-2018-mu-P_nnpnng_gtlt-p_eta_ntracks
[I 260829 13:33:32 utils:156] verbose        : False
[I 260829 13:33:32 utils:156] version        : 1.5.6
[I 260829 13:33:32 utils:157] ===============
[W 260829 13:33:32 make_eff_hists:207] No --cut specified. Cuts on PID samples should match your sample cuts.
[I 260829 13:33:33 utils:609] 428 calibration files from EOS will be processed
[I 260829 13:33:33 binning:543] Loading binnings from ./binning_iso.json
[W 260829 13:33:33 binning:581] The following custom binnings are not being used: [{'particle': 'Pi', 'bin_var': 'Brunel_P'}, {'particle': 'Pi', 'bin_var': 'Brunel_ETA'}, {'particle': 'Pi', 'bin_var': 'nTracks_Brunel'}, {'particle': 'K', 'bin_var': 'Brunel_P'}, {'particle': 'K', 'bin_var': 'Brunel_ETA'}, {'particle': 'K', 'bin_var': 'nTracks_Brunel'}, {'particle': 'Mu_nopt', 'bin_var': 'Brunel_P'}, {'particle': 'Mu_nopt', 'bin_var': 'Brunel_ETA'}, {'particle': 'Mu_nopt', 'bin_var': 'nTracks_Brunel'}, {'particle': 'e_B_Jpsi', 'bin_var': 'Brunel_P'}, {'particle': 'e_B_Jpsi', 'bin_var': 'Brunel_ETA'}, {'particle': 'e_B_Jpsi', 'bin_var': 'nTracks'}]
[I 260829 13:48:45 utils:819] Processed 428/428 files
[I 260829 13:48:45 utils:966] 138661590/141477855 (98.0%) events passed binning range cut
[I 260829 13:48:45 utils:966] 115014297/138661590 (82.9%) events passed 'Brunel_MC15TuneV1_ProbNNp>0.4&Brunel_MC15TuneV1_ProbNNghost<0.3' cut
[I 260829 13:48:45 make_eff_hists:270] Efficiency histograms saved to 'pidcalib_iso/run2-rdx-2018-mu-P_nnpnng_gtlt-p_eta_ntracks/effhists-Turbo18-up-P-Brunel_MC15TuneV1_ProbNNp>0.4&Brunel_MC15TuneV1_ProbNNghost<0.3-Brunel_P.Brunel_ETA.nTracks_Brunel-binning_iso.pkl'
Output folder: pidcalib_iso/run2-rdx-2018-mu-P_nnk_gt-p_eta_ntracks
[I 260829 13:48:50 make_eff_hists:203] Running PIDCalib2 make_eff_hists with the config:
[I 260829 13:48:50 utils:153] ===============
[I 260829 13:48:50 utils:156] sample         : Turbo18
[I 260829 13:48:50 utils:156] magnet         : up
[I 260829 13:48:50 utils:156] particle       : P
[I 260829 13:48:50 utils:156] pid_cuts       : ['Brunel_MC15TuneV1_ProbNNk>0.2']
[I 260829 13:48:50 utils:156] bin_vars       : ['Brunel_P', 'Brunel_ETA', 'nTracks_Brunel']
[I 260829 13:48:50 utils:156] binning_files  : ['./binning_iso.json']
[I 260829 13:48:50 utils:156] output_dir     : pidcalib_iso/run2-rdx-2018-mu-P_nnk_gt-p_eta_ntracks
[I 260829 13:48:50 utils:156] verbose        : False
[I 260829 13:48:50 utils:156] version        : 1.5.6
[I 260829 13:48:50 utils:157] ===============
[W 260829 13:48:50 make_eff_hists:207] No --cut specified. Cuts on PID samples should match your sample cuts.
[I 260829 13:48:51 utils:609] 428 calibration files from EOS will be processed
[I 260829 13:48:51 binning:543] Loading binnings from ./binning_iso.json
[W 260829 13:48:51 binning:581] The following custom binnings are not being used: [{'particle': 'Pi', 'bin_var': 'Brunel_P'}, {'particle': 'Pi', 'bin_var': 'Brunel_ETA'}, {'particle': 'Pi', 'bin_var': 'nTracks_Brunel'}, {'particle': 'K', 'bin_var': 'Brunel_P'}, {'particle': 'K', 'bin_var': 'Brunel_ETA'}, {'particle': 'K', 'bin_var': 'nTracks_Brunel'}, {'particle': 'Mu_nopt', 'bin_var': 'Brunel_P'}, {'particle': 'Mu_nopt', 'bin_var': 'Brunel_ETA'}, {'particle': 'Mu_nopt', 'bin_var': 'nTracks_Brunel'}, {'particle': 'e_B_Jpsi', 'bin_var': 'Brunel_P'}, {'particle': 'e_B_Jpsi', 'bin_var': 'Brunel_ETA'}, {'particle': 'e_B_Jpsi', 'bin_var': 'nTracks'}]
[I 260829 14:02:40 utils:819] Processed 428/428 files
[I 260829 14:02:40 utils:966] 138661590/141477855 (98.0%) events passed binning range cut
[I 260829 14:02:40 utils:966] 43221025/138661590 (31.2%) events passed 'Brunel_MC15TuneV1_ProbNNk>0.2' cut
[I 260829 14:02:40 make_eff_hists:270] Efficiency histograms saved to 'pidcalib_iso/run2-rdx-2018-mu-P_nnk_gt-p_eta_ntracks/effhists-Turbo18-up-P-Brunel_MC15TuneV1_ProbNNk>0.2-Brunel_P.Brunel_ETA.nTracks_Brunel-binning_iso.pkl'
Output folder: pidcalib_iso/run2-rdx-2018-mu-P_nnknng_gt02lt02-p_eta_ntracks
[I 260829 14:02:45 make_eff_hists:203] Running PIDCalib2 make_eff_hists with the config:
[I 260829 14:02:45 utils:153] ===============
[I 260829 14:02:45 utils:156] sample         : Turbo18
[I 260829 14:02:45 utils:156] magnet         : up
[I 260829 14:02:45 utils:156] particle       : P
[I 260829 14:02:45 utils:156] pid_cuts       : ['Brunel_MC15TuneV1_ProbNNk>0.2&Brunel_MC15TuneV1_ProbNNghost<0.2']
[I 260829 14:02:45 utils:156] bin_vars       : ['Brunel_P', 'Brunel_ETA', 'nTracks_Brunel']
[I 260829 14:02:45 utils:156] binning_files  : ['./binning_iso.json']
[I 260829 14:02:45 utils:156] output_dir     : pidcalib_iso/run2-rdx-2018-mu-P_nnknng_gt02lt02-p_eta_ntracks
[I 260829 14:02:45 utils:156] verbose        : False
[I 260829 14:02:45 utils:156] version        : 1.5.6
[I 260829 14:02:45 utils:157] ===============
[W 260829 14:02:45 make_eff_hists:207] No --cut specified. Cuts on PID samples should match your sample cuts.
[I 260829 14:02:53 utils:609] 428 calibration files from EOS will be processed
[I 260829 14:02:53 binning:543] Loading binnings from ./binning_iso.json
[W 260829 14:02:53 binning:581] The following custom binnings are not being used: [{'particle': 'Pi', 'bin_var': 'Brunel_P'}, {'particle': 'Pi', 'bin_var': 'Brunel_ETA'}, {'particle': 'Pi', 'bin_var': 'nTracks_Brunel'}, {'particle': 'K', 'bin_var': 'Brunel_P'}, {'particle': 'K', 'bin_var': 'Brunel_ETA'}, {'particle': 'K', 'bin_var': 'nTracks_Brunel'}, {'particle': 'Mu_nopt', 'bin_var': 'Brunel_P'}, {'particle': 'Mu_nopt', 'bin_var': 'Brunel_ETA'}, {'particle': 'Mu_nopt', 'bin_var': 'nTracks_Brunel'}, {'particle': 'e_B_Jpsi', 'bin_var': 'Brunel_P'}, {'particle': 'e_B_Jpsi', 'bin_var': 'Brunel_ETA'}, {'particle': 'e_B_Jpsi', 'bin_var': 'nTracks'}]
[I 260829 14:17:59 utils:819] Processed 428/428 files
[I 260829 14:17:59 utils:966] 138661590/141477855 (98.0%) events passed binning range cut
[I 260829 14:17:59 utils:966] 39118744/138661590 (28.2%) events passed 'Brunel_MC15TuneV1_ProbNNk>0.2&Brunel_MC15TuneV1_ProbNNghost<0.2' cut
[I 260829 14:17:59 make_eff_hists:270] Efficiency histograms saved to 'pidcalib_iso/run2-rdx-2018-mu-P_nnknng_gt02lt02-p_eta_ntracks/effhists-Turbo18-up-P-Brunel_MC15TuneV1_ProbNNk>0.2&Brunel_MC15TuneV1_ProbNNghost<0.2-Brunel_P.Brunel_ETA.nTracks_Brunel-binning_iso.pkl'
Output folder: pidcalib_iso/run2-rdx-2018-mu-P_nnknng_ltlt-p_eta_ntracks
[I 260829 14:18:03 make_eff_hists:203] Running PIDCalib2 make_eff_hists with the config:
[I 260829 14:18:03 utils:153] ===============
[I 260829 14:18:03 utils:156] sample         : Turbo18
[I 260829 14:18:03 utils:156] magnet         : up
[I 260829 14:18:03 utils:156] particle       : P
[I 260829 14:18:03 utils:156] pid_cuts       : ['Brunel_MC15TuneV1_ProbNNk<0.2&Brunel_MC15TuneV1_ProbNNghost<0.3']
[I 260829 14:18:03 utils:156] bin_vars       : ['Brunel_P', 'Brunel_ETA', 'nTracks_Brunel']
[I 260829 14:18:03 utils:156] binning_files  : ['./binning_iso.json']
[I 260829 14:18:03 utils:156] output_dir     : pidcalib_iso/run2-rdx-2018-mu-P_nnknng_ltlt-p_eta_ntracks
[I 260829 14:18:03 utils:156] verbose        : False
[I 260829 14:18:03 utils:156] version        : 1.5.6
[I 260829 14:18:03 utils:157] ===============
[W 260829 14:18:03 make_eff_hists:207] No --cut specified. Cuts on PID samples should match your sample cuts.
[I 260829 14:18:04 utils:609] 428 calibration files from EOS will be processed
[I 260829 14:18:04 binning:543] Loading binnings from ./binning_iso.json
[W 260829 14:18:04 binning:581] The following custom binnings are not being used: [{'particle': 'Pi', 'bin_var': 'Brunel_P'}, {'particle': 'Pi', 'bin_var': 'Brunel_ETA'}, {'particle': 'Pi', 'bin_var': 'nTracks_Brunel'}, {'particle': 'K', 'bin_var': 'Brunel_P'}, {'particle': 'K', 'bin_var': 'Brunel_ETA'}, {'particle': 'K', 'bin_var': 'nTracks_Brunel'}, {'particle': 'Mu_nopt', 'bin_var': 'Brunel_P'}, {'particle': 'Mu_nopt', 'bin_var': 'Brunel_ETA'}, {'particle': 'Mu_nopt', 'bin_var': 'nTracks_Brunel'}, {'particle': 'e_B_Jpsi', 'bin_var': 'Brunel_P'}, {'particle': 'e_B_Jpsi', 'bin_var': 'Brunel_ETA'}, {'particle': 'e_B_Jpsi', 'bin_var': 'nTracks'}]
[I 260829 14:33:15 utils:819] Processed 428/428 files
[I 260829 14:33:15 utils:966] 138661590/141477855 (98.0%) events passed binning range cut
[I 260829 14:33:15 utils:966] 88732859/138661590 (64.0%) events passed 'Brunel_MC15TuneV1_ProbNNk<0.2&Brunel_MC15TuneV1_ProbNNghost<0.3' cut
[I 260829 14:33:15 make_eff_hists:270] Efficiency histograms saved to 'pidcalib_iso/run2-rdx-2018-mu-P_nnknng_ltlt-p_eta_ntracks/effhists-Turbo18-up-P-Brunel_MC15TuneV1_ProbNNk<0.2&Brunel_MC15TuneV1_ProbNNghost<0.3-Brunel_P.Brunel_ETA.nTracks_Brunel-binning_iso.pkl'
Output folder: pidcalib_iso/run2-rdx-2018-mu-P_nnp_gt-p_eta_ntracks
[I 260829 14:33:19 make_eff_hists:203] Running PIDCalib2 make_eff_hists with the config:
[I 260829 14:33:19 utils:153] ===============
[I 260829 14:33:19 utils:156] sample         : Turbo18
[I 260829 14:33:19 utils:156] magnet         : up
[I 260829 14:33:19 utils:156] particle       : P
[I 260829 14:33:19 utils:156] pid_cuts       : ['Brunel_MC15TuneV1_ProbNNp>0.4']
[I 260829 14:33:19 utils:156] bin_vars       : ['Brunel_P', 'Brunel_ETA', 'nTracks_Brunel']
[I 260829 14:33:19 utils:156] binning_files  : ['./binning_iso.json']
[I 260829 14:33:19 utils:156] output_dir     : pidcalib_iso/run2-rdx-2018-mu-P_nnp_gt-p_eta_ntracks
[I 260829 14:33:19 utils:156] verbose        : False
[I 260829 14:33:19 utils:156] version        : 1.5.6
[I 260829 14:33:19 utils:157] ===============
[W 260829 14:33:19 make_eff_hists:207] No --cut specified. Cuts on PID samples should match your sample cuts.
[I 260829 14:33:20 utils:609] 428 calibration files from EOS will be processed
[I 260829 14:33:20 binning:543] Loading binnings from ./binning_iso.json
[W 260829 14:33:20 binning:581] The following custom binnings are not being used: [{'particle': 'Pi', 'bin_var': 'Brunel_P'}, {'particle': 'Pi', 'bin_var': 'Brunel_ETA'}, {'particle': 'Pi', 'bin_var': 'nTracks_Brunel'}, {'particle': 'K', 'bin_var': 'Brunel_P'}, {'particle': 'K', 'bin_var': 'Brunel_ETA'}, {'particle': 'K', 'bin_var': 'nTracks_Brunel'}, {'particle': 'Mu_nopt', 'bin_var': 'Brunel_P'}, {'particle': 'Mu_nopt', 'bin_var': 'Brunel_ETA'}, {'particle': 'Mu_nopt', 'bin_var': 'nTracks_Brunel'}, {'particle': 'e_B_Jpsi', 'bin_var': 'Brunel_P'}, {'particle': 'e_B_Jpsi', 'bin_var': 'Brunel_ETA'}, {'particle': 'e_B_Jpsi', 'bin_var': 'nTracks'}]
[I 260829 14:46:36 utils:819] Processed 428/428 files
[I 260829 14:46:36 utils:966] 138661590/141477855 (98.0%) events passed binning range cut
[I 260829 14:46:36 utils:966] 120771473/138661590 (87.1%) events passed 'Brunel_MC15TuneV1_ProbNNp>0.4' cut
[I 260829 14:46:36 make_eff_hists:270] Efficiency histograms saved to 'pidcalib_iso/run2-rdx-2018-mu-P_nnp_gt-p_eta_ntracks/effhists-Turbo18-up-P-Brunel_MC15TuneV1_ProbNNp>0.4-Brunel_P.Brunel_ETA.nTracks_Brunel-binning_iso.pkl'
Output folder: pidcalib_iso/run2-rdx-2018-mu-P_nnknng_gtlt-p_eta_ntracks
[I 260829 14:46:40 make_eff_hists:203] Running PIDCalib2 make_eff_hists with the config:
[I 260829 14:46:40 utils:153] ===============
[I 260829 14:46:40 utils:156] sample         : Turbo18
[I 260829 14:46:40 utils:156] magnet         : up
[I 260829 14:46:40 utils:156] particle       : P
[I 260829 14:46:40 utils:156] pid_cuts       : ['Brunel_MC15TuneV1_ProbNNk>0.2&Brunel_MC15TuneV1_ProbNNghost<0.3']
[I 260829 14:46:40 utils:156] bin_vars       : ['Brunel_P', 'Brunel_ETA', 'nTracks_Brunel']
[I 260829 14:46:40 utils:156] binning_files  : ['./binning_iso.json']
[I 260829 14:46:40 utils:156] output_dir     : pidcalib_iso/run2-rdx-2018-mu-P_nnknng_gtlt-p_eta_ntracks
[I 260829 14:46:40 utils:156] verbose        : False
[I 260829 14:46:40 utils:156] version        : 1.5.6
[I 260829 14:46:40 utils:157] ===============
[W 260829 14:46:40 make_eff_hists:207] No --cut specified. Cuts on PID samples should match your sample cuts.
[I 260829 14:46:45 utils:609] 428 calibration files from EOS will be processed
[I 260829 14:46:45 binning:543] Loading binnings from ./binning_iso.json
[W 260829 14:46:45 binning:581] The following custom binnings are not being used: [{'particle': 'Pi', 'bin_var': 'Brunel_P'}, {'particle': 'Pi', 'bin_var': 'Brunel_ETA'}, {'particle': 'Pi', 'bin_var': 'nTracks_Brunel'}, {'particle': 'K', 'bin_var': 'Brunel_P'}, {'particle': 'K', 'bin_var': 'Brunel_ETA'}, {'particle': 'K', 'bin_var': 'nTracks_Brunel'}, {'particle': 'Mu_nopt', 'bin_var': 'Brunel_P'}, {'particle': 'Mu_nopt', 'bin_var': 'Brunel_ETA'}, {'particle': 'Mu_nopt', 'bin_var': 'nTracks_Brunel'}, {'particle': 'e_B_Jpsi', 'bin_var': 'Brunel_P'}, {'particle': 'e_B_Jpsi', 'bin_var': 'Brunel_ETA'}, {'particle': 'e_B_Jpsi', 'bin_var': 'nTracks'}]
[I 260829 15:01:41 utils:819] Processed 428/428 files
[I 260829 15:01:41 utils:966] 138661590/141477855 (98.0%) events passed binning range cut
[I 260829 15:01:41 utils:966] 40328661/138661590 (29.1%) events passed 'Brunel_MC15TuneV1_ProbNNk>0.2&Brunel_MC15TuneV1_ProbNNghost<0.3' cut
[I 260829 15:01:41 make_eff_hists:270] Efficiency histograms saved to 'pidcalib_iso/run2-rdx-2018-mu-P_nnknng_gtlt-p_eta_ntracks/effhists-Turbo18-up-P-Brunel_MC15TuneV1_ProbNNk>0.2&Brunel_MC15TuneV1_ProbNNghost<0.3-Brunel_P.Brunel_ETA.nTracks_Brunel-binning_iso.pkl'
Output folder: pidcalib_iso/run2-rdx-2018-mu-P_nnknng_lt02lt02-p_eta_ntracks
[I 260829 15:01:47 make_eff_hists:203] Running PIDCalib2 make_eff_hists with the config:
[I 260829 15:01:47 utils:153] ===============
[I 260829 15:01:47 utils:156] sample         : Turbo18
[I 260829 15:01:47 utils:156] magnet         : up
[I 260829 15:01:47 utils:156] particle       : P
[I 260829 15:01:47 utils:156] pid_cuts       : ['Brunel_MC15TuneV1_ProbNNk<0.2&Brunel_MC15TuneV1_ProbNNghost<0.2']
[I 260829 15:01:47 utils:156] bin_vars       : ['Brunel_P', 'Brunel_ETA', 'nTracks_Brunel']
[I 260829 15:01:47 utils:156] binning_files  : ['./binning_iso.json']
[I 260829 15:01:47 utils:156] output_dir     : pidcalib_iso/run2-rdx-2018-mu-P_nnknng_lt02lt02-p_eta_ntracks
[I 260829 15:01:47 utils:156] verbose        : False
[I 260829 15:01:47 utils:156] version        : 1.5.6
[I 260829 15:01:47 utils:157] ===============
[W 260829 15:01:47 make_eff_hists:207] No --cut specified. Cuts on PID samples should match your sample cuts.
[I 260829 15:01:53 utils:609] 428 calibration files from EOS will be processed
[I 260829 15:01:53 binning:543] Loading binnings from ./binning_iso.json
[W 260829 15:01:53 binning:581] The following custom binnings are not being used: [{'particle': 'Pi', 'bin_var': 'Brunel_P'}, {'particle': 'Pi', 'bin_var': 'Brunel_ETA'}, {'particle': 'Pi', 'bin_var': 'nTracks_Brunel'}, {'particle': 'K', 'bin_var': 'Brunel_P'}, {'particle': 'K', 'bin_var': 'Brunel_ETA'}, {'particle': 'K', 'bin_var': 'nTracks_Brunel'}, {'particle': 'Mu_nopt', 'bin_var': 'Brunel_P'}, {'particle': 'Mu_nopt', 'bin_var': 'Brunel_ETA'}, {'particle': 'Mu_nopt', 'bin_var': 'nTracks_Brunel'}, {'particle': 'e_B_Jpsi', 'bin_var': 'Brunel_P'}, {'particle': 'e_B_Jpsi', 'bin_var': 'Brunel_ETA'}, {'particle': 'e_B_Jpsi', 'bin_var': 'nTracks'}]
[I 260829 15:16:33 utils:819] Processed 428/428 files
[I 260829 15:16:33 utils:966] 138661590/141477855 (98.0%) events passed binning range cut
[I 260829 15:16:33 utils:966] 86163955/138661590 (62.1%) events passed 'Brunel_MC15TuneV1_ProbNNk<0.2&Brunel_MC15TuneV1_ProbNNghost<0.2' cut
[I 260829 15:16:33 make_eff_hists:270] Efficiency histograms saved to 'pidcalib_iso/run2-rdx-2018-mu-P_nnknng_lt02lt02-p_eta_ntracks/effhists-Turbo18-up-P-Brunel_MC15TuneV1_ProbNNk<0.2&Brunel_MC15TuneV1_ProbNNghost<0.2-Brunel_P.Brunel_ETA.nTracks_Brunel-binning_iso.pkl'
Output folder: pidcalib_iso/run2-rdx-2018-mu-Mu_nopt_nnpnng_gtlt-p_eta_ntracks
[I 260829 15:16:48 make_eff_hists:203] Running PIDCalib2 make_eff_hists with the config:
[I 260829 15:16:48 utils:153] ===============
[I 260829 15:16:48 utils:156] sample         : Turbo18
[I 260829 15:16:48 utils:156] magnet         : up
[I 260829 15:16:48 utils:156] particle       : Mu_nopt
[I 260829 15:16:48 utils:156] pid_cuts       : ['Brunel_MC15TuneV1_ProbNNp>0.4&Brunel_MC15TuneV1_ProbNNghost<0.3']
[I 260829 15:16:48 utils:156] bin_vars       : ['Brunel_P', 'Brunel_ETA', 'nTracks_Brunel']
[I 260829 15:16:48 utils:156] binning_files  : ['./binning_iso.json']
[I 260829 15:16:48 utils:156] output_dir     : pidcalib_iso/run2-rdx-2018-mu-Mu_nopt_nnpnng_gtlt-p_eta_ntracks
[I 260829 15:16:48 utils:156] verbose        : False
[I 260829 15:16:48 utils:156] version        : 1.5.6
[I 260829 15:16:48 utils:157] ===============
[W 260829 15:16:48 make_eff_hists:207] No --cut specified. Cuts on PID samples should match your sample cuts.
[I 260829 15:16:48 utils:609] 61 calibration files from EOS will be processed
[I 260829 15:16:48 binning:543] Loading binnings from ./binning_iso.json
[W 260829 15:16:48 binning:581] The following custom binnings are not being used: [{'particle': 'Pi', 'bin_var': 'Brunel_P'}, {'particle': 'Pi', 'bin_var': 'Brunel_ETA'}, {'particle': 'Pi', 'bin_var': 'nTracks_Brunel'}, {'particle': 'K', 'bin_var': 'Brunel_P'}, {'particle': 'K', 'bin_var': 'Brunel_ETA'}, {'particle': 'K', 'bin_var': 'nTracks_Brunel'}, {'particle': 'P', 'bin_var': 'Brunel_P'}, {'particle': 'P', 'bin_var': 'Brunel_ETA'}, {'particle': 'P', 'bin_var': 'nTracks_Brunel'}, {'particle': 'e_B_Jpsi', 'bin_var': 'Brunel_P'}, {'particle': 'e_B_Jpsi', 'bin_var': 'Brunel_ETA'}, {'particle': 'e_B_Jpsi', 'bin_var': 'nTracks'}]
[I 260829 15:18:57 utils:819] Processed 61/61 files
[I 260829 15:18:57 utils:966] 70472007/71290437 (98.9%) events passed binning range cut
[I 260829 15:18:57 utils:966] 5812881/70472007 (8.2%) events passed 'Brunel_MC15TuneV1_ProbNNp>0.4&Brunel_MC15TuneV1_ProbNNghost<0.3' cut
[W 260829 15:18:57 utils:122] There are 1 negative bins in the 'eff_Brunel_MC15TuneV1_ProbNNp>0.4&Brunel_MC15TuneV1_ProbNNghost<0.3' efficiency histogram! You might want to change the binning.
[I 260829 15:18:57 make_eff_hists:270] Efficiency histograms saved to 'pidcalib_iso/run2-rdx-2018-mu-Mu_nopt_nnpnng_gtlt-p_eta_ntracks/effhists-Turbo18-up-Mu_nopt-Brunel_MC15TuneV1_ProbNNp>0.4&Brunel_MC15TuneV1_ProbNNghost<0.3-Brunel_P.Brunel_ETA.nTracks_Brunel-binning_iso.pkl'
Output folder: pidcalib_iso/run2-rdx-2018-mu-Mu_nopt_nnk_gt-p_eta_ntracks
[I 260829 15:19:00 make_eff_hists:203] Running PIDCalib2 make_eff_hists with the config:
[I 260829 15:19:00 utils:153] ===============
[I 260829 15:19:00 utils:156] sample         : Turbo18
[I 260829 15:19:00 utils:156] magnet         : up
[I 260829 15:19:00 utils:156] particle       : Mu_nopt
[I 260829 15:19:00 utils:156] pid_cuts       : ['Brunel_MC15TuneV1_ProbNNk>0.2']
[I 260829 15:19:00 utils:156] bin_vars       : ['Brunel_P', 'Brunel_ETA', 'nTracks_Brunel']
[I 260829 15:19:00 utils:156] binning_files  : ['./binning_iso.json']
[I 260829 15:19:00 utils:156] output_dir     : pidcalib_iso/run2-rdx-2018-mu-Mu_nopt_nnk_gt-p_eta_ntracks
[I 260829 15:19:00 utils:156] verbose        : False
[I 260829 15:19:00 utils:156] version        : 1.5.6
[I 260829 15:19:00 utils:157] ===============
[W 260829 15:19:00 make_eff_hists:207] No --cut specified. Cuts on PID samples should match your sample cuts.
[I 260829 15:19:00 utils:609] 61 calibration files from EOS will be processed
[I 260829 15:19:00 binning:543] Loading binnings from ./binning_iso.json
[W 260829 15:19:00 binning:581] The following custom binnings are not being used: [{'particle': 'Pi', 'bin_var': 'Brunel_P'}, {'particle': 'Pi', 'bin_var': 'Brunel_ETA'}, {'particle': 'Pi', 'bin_var': 'nTracks_Brunel'}, {'particle': 'K', 'bin_var': 'Brunel_P'}, {'particle': 'K', 'bin_var': 'Brunel_ETA'}, {'particle': 'K', 'bin_var': 'nTracks_Brunel'}, {'particle': 'P', 'bin_var': 'Brunel_P'}, {'particle': 'P', 'bin_var': 'Brunel_ETA'}, {'particle': 'P', 'bin_var': 'nTracks_Brunel'}, {'particle': 'e_B_Jpsi', 'bin_var': 'Brunel_P'}, {'particle': 'e_B_Jpsi', 'bin_var': 'Brunel_ETA'}, {'particle': 'e_B_Jpsi', 'bin_var': 'nTracks'}]
[I 260829 15:20:56 utils:819] Processed 61/61 files
[I 260829 15:20:56 utils:966] 70472007/71290437 (98.9%) events passed binning range cut
[I 260829 15:20:56 utils:966] 9877955/70472007 (14.0%) events passed 'Brunel_MC15TuneV1_ProbNNk>0.2' cut
[I 260829 15:20:56 make_eff_hists:270] Efficiency histograms saved to 'pidcalib_iso/run2-rdx-2018-mu-Mu_nopt_nnk_gt-p_eta_ntracks/effhists-Turbo18-up-Mu_nopt-Brunel_MC15TuneV1_ProbNNk>0.2-Brunel_P.Brunel_ETA.nTracks_Brunel-binning_iso.pkl'
Output folder: pidcalib_iso/run2-rdx-2018-mu-Mu_nopt_nnknng_gt02lt02-p_eta_ntracks
[I 260829 15:20:59 make_eff_hists:203] Running PIDCalib2 make_eff_hists with the config:
[I 260829 15:20:59 utils:153] ===============
[I 260829 15:20:59 utils:156] sample         : Turbo18
[I 260829 15:20:59 utils:156] magnet         : up
[I 260829 15:20:59 utils:156] particle       : Mu_nopt
[I 260829 15:20:59 utils:156] pid_cuts       : ['Brunel_MC15TuneV1_ProbNNk>0.2&Brunel_MC15TuneV1_ProbNNghost<0.2']
[I 260829 15:20:59 utils:156] bin_vars       : ['Brunel_P', 'Brunel_ETA', 'nTracks_Brunel']
[I 260829 15:20:59 utils:156] binning_files  : ['./binning_iso.json']
[I 260829 15:20:59 utils:156] output_dir     : pidcalib_iso/run2-rdx-2018-mu-Mu_nopt_nnknng_gt02lt02-p_eta_ntracks
[I 260829 15:20:59 utils:156] verbose        : False
[I 260829 15:20:59 utils:156] version        : 1.5.6
[I 260829 15:20:59 utils:157] ===============
[W 260829 15:20:59 make_eff_hists:207] No --cut specified. Cuts on PID samples should match your sample cuts.
[I 260829 15:20:59 utils:609] 61 calibration files from EOS will be processed
[I 260829 15:20:59 binning:543] Loading binnings from ./binning_iso.json
[W 260829 15:20:59 binning:581] The following custom binnings are not being used: [{'particle': 'Pi', 'bin_var': 'Brunel_P'}, {'particle': 'Pi', 'bin_var': 'Brunel_ETA'}, {'particle': 'Pi', 'bin_var': 'nTracks_Brunel'}, {'particle': 'K', 'bin_var': 'Brunel_P'}, {'particle': 'K', 'bin_var': 'Brunel_ETA'}, {'particle': 'K', 'bin_var': 'nTracks_Brunel'}, {'particle': 'P', 'bin_var': 'Brunel_P'}, {'particle': 'P', 'bin_var': 'Brunel_ETA'}, {'particle': 'P', 'bin_var': 'nTracks_Brunel'}, {'particle': 'e_B_Jpsi', 'bin_var': 'Brunel_P'}, {'particle': 'e_B_Jpsi', 'bin_var': 'Brunel_ETA'}, {'particle': 'e_B_Jpsi', 'bin_var': 'nTracks'}]
[I 260829 15:23:09 utils:819] Processed 61/61 files
[I 260829 15:23:09 utils:966] 70472007/71290437 (98.9%) events passed binning range cut
[I 260829 15:23:09 utils:966] 8513036/70472007 (12.1%) events passed 'Brunel_MC15TuneV1_ProbNNk>0.2&Brunel_MC15TuneV1_ProbNNghost<0.2' cut
[I 260829 15:23:09 make_eff_hists:270] Efficiency histograms saved to 'pidcalib_iso/run2-rdx-2018-mu-Mu_nopt_nnknng_gt02lt02-p_eta_ntracks/effhists-Turbo18-up-Mu_nopt-Brunel_MC15TuneV1_ProbNNk>0.2&Brunel_MC15TuneV1_ProbNNghost<0.2-Brunel_P.Brunel_ETA.nTracks_Brunel-binning_iso.pkl'
Output folder: pidcalib_iso/run2-rdx-2018-mu-Mu_nopt_nnknng_ltlt-p_eta_ntracks
[I 260829 15:23:12 make_eff_hists:203] Running PIDCalib2 make_eff_hists with the config:
[I 260829 15:23:12 utils:153] ===============
[I 260829 15:23:12 utils:156] sample         : Turbo18
[I 260829 15:23:12 utils:156] magnet         : up
[I 260829 15:23:12 utils:156] particle       : Mu_nopt
[I 260829 15:23:12 utils:156] pid_cuts       : ['Brunel_MC15TuneV1_ProbNNk<0.2&Brunel_MC15TuneV1_ProbNNghost<0.3']
[I 260829 15:23:12 utils:156] bin_vars       : ['Brunel_P', 'Brunel_ETA', 'nTracks_Brunel']
[I 260829 15:23:12 utils:156] binning_files  : ['./binning_iso.json']
[I 260829 15:23:12 utils:156] output_dir     : pidcalib_iso/run2-rdx-2018-mu-Mu_nopt_nnknng_ltlt-p_eta_ntracks
[I 260829 15:23:12 utils:156] verbose        : False
[I 260829 15:23:12 utils:156] version        : 1.5.6
[I 260829 15:23:12 utils:157] ===============
[W 260829 15:23:12 make_eff_hists:207] No --cut specified. Cuts on PID samples should match your sample cuts.
[I 260829 15:23:12 utils:609] 61 calibration files from EOS will be processed
[I 260829 15:23:12 binning:543] Loading binnings from ./binning_iso.json
[W 260829 15:23:12 binning:581] The following custom binnings are not being used: [{'particle': 'Pi', 'bin_var': 'Brunel_P'}, {'particle': 'Pi', 'bin_var': 'Brunel_ETA'}, {'particle': 'Pi', 'bin_var': 'nTracks_Brunel'}, {'particle': 'K', 'bin_var': 'Brunel_P'}, {'particle': 'K', 'bin_var': 'Brunel_ETA'}, {'particle': 'K', 'bin_var': 'nTracks_Brunel'}, {'particle': 'P', 'bin_var': 'Brunel_P'}, {'particle': 'P', 'bin_var': 'Brunel_ETA'}, {'particle': 'P', 'bin_var': 'nTracks_Brunel'}, {'particle': 'e_B_Jpsi', 'bin_var': 'Brunel_P'}, {'particle': 'e_B_Jpsi', 'bin_var': 'Brunel_ETA'}, {'particle': 'e_B_Jpsi', 'bin_var': 'nTracks'}]
[I 260829 15:25:35 utils:819] Processed 61/61 files
[I 260829 15:25:35 utils:966] 70472007/71290437 (98.9%) events passed binning range cut
[I 260829 15:25:35 utils:966] 56738222/70472007 (80.5%) events passed 'Brunel_MC15TuneV1_ProbNNk<0.2&Brunel_MC15TuneV1_ProbNNghost<0.3' cut
[I 260829 15:25:35 make_eff_hists:270] Efficiency histograms saved to 'pidcalib_iso/run2-rdx-2018-mu-Mu_nopt_nnknng_ltlt-p_eta_ntracks/effhists-Turbo18-up-Mu_nopt-Brunel_MC15TuneV1_ProbNNk<0.2&Brunel_MC15TuneV1_ProbNNghost<0.3-Brunel_P.Brunel_ETA.nTracks_Brunel-binning_iso.pkl'
Output folder: pidcalib_iso/run2-rdx-2018-mu-Mu_nopt_nnp_gt-p_eta_ntracks
[I 260829 15:25:38 make_eff_hists:203] Running PIDCalib2 make_eff_hists with the config:
[I 260829 15:25:38 utils:153] ===============
[I 260829 15:25:38 utils:156] sample         : Turbo18
[I 260829 15:25:38 utils:156] magnet         : up
[I 260829 15:25:38 utils:156] particle       : Mu_nopt
[I 260829 15:25:38 utils:156] pid_cuts       : ['Brunel_MC15TuneV1_ProbNNp>0.4']
[I 260829 15:25:38 utils:156] bin_vars       : ['Brunel_P', 'Brunel_ETA', 'nTracks_Brunel']
[I 260829 15:25:38 utils:156] binning_files  : ['./binning_iso.json']
[I 260829 15:25:38 utils:156] output_dir     : pidcalib_iso/run2-rdx-2018-mu-Mu_nopt_nnp_gt-p_eta_ntracks
[I 260829 15:25:38 utils:156] verbose        : False
[I 260829 15:25:38 utils:156] version        : 1.5.6
[I 260829 15:25:38 utils:157] ===============
[W 260829 15:25:38 make_eff_hists:207] No --cut specified. Cuts on PID samples should match your sample cuts.
[I 260829 15:25:38 utils:609] 61 calibration files from EOS will be processed
[I 260829 15:25:38 binning:543] Loading binnings from ./binning_iso.json
[W 260829 15:25:38 binning:581] The following custom binnings are not being used: [{'particle': 'Pi', 'bin_var': 'Brunel_P'}, {'particle': 'Pi', 'bin_var': 'Brunel_ETA'}, {'particle': 'Pi', 'bin_var': 'nTracks_Brunel'}, {'particle': 'K', 'bin_var': 'Brunel_P'}, {'particle': 'K', 'bin_var': 'Brunel_ETA'}, {'particle': 'K', 'bin_var': 'nTracks_Brunel'}, {'particle': 'P', 'bin_var': 'Brunel_P'}, {'particle': 'P', 'bin_var': 'Brunel_ETA'}, {'particle': 'P', 'bin_var': 'nTracks_Brunel'}, {'particle': 'e_B_Jpsi', 'bin_var': 'Brunel_P'}, {'particle': 'e_B_Jpsi', 'bin_var': 'Brunel_ETA'}, {'particle': 'e_B_Jpsi', 'bin_var': 'nTracks'}]
[I 260829 15:27:40 utils:819] Processed 61/61 files
[I 260829 15:27:40 utils:966] 70472007/71290437 (98.9%) events passed binning range cut
[I 260829 15:27:40 utils:966] 6367702/70472007 (9.0%) events passed 'Brunel_MC15TuneV1_ProbNNp>0.4' cut
[W 260829 15:27:40 utils:122] There are 2 negative bins in the 'eff_Brunel_MC15TuneV1_ProbNNp>0.4' efficiency histogram! You might want to change the binning.
[I 260829 15:27:40 make_eff_hists:270] Efficiency histograms saved to 'pidcalib_iso/run2-rdx-2018-mu-Mu_nopt_nnp_gt-p_eta_ntracks/effhists-Turbo18-up-Mu_nopt-Brunel_MC15TuneV1_ProbNNp>0.4-Brunel_P.Brunel_ETA.nTracks_Brunel-binning_iso.pkl'
Output folder: pidcalib_iso/run2-rdx-2018-mu-Mu_nopt_nnknng_gtlt-p_eta_ntracks
[I 260829 15:27:43 make_eff_hists:203] Running PIDCalib2 make_eff_hists with the config:
[I 260829 15:27:43 utils:153] ===============
[I 260829 15:27:43 utils:156] sample         : Turbo18
[I 260829 15:27:43 utils:156] magnet         : up
[I 260829 15:27:43 utils:156] particle       : Mu_nopt
[I 260829 15:27:43 utils:156] pid_cuts       : ['Brunel_MC15TuneV1_ProbNNk>0.2&Brunel_MC15TuneV1_ProbNNghost<0.3']
[I 260829 15:27:43 utils:156] bin_vars       : ['Brunel_P', 'Brunel_ETA', 'nTracks_Brunel']
[I 260829 15:27:43 utils:156] binning_files  : ['./binning_iso.json']
[I 260829 15:27:43 utils:156] output_dir     : pidcalib_iso/run2-rdx-2018-mu-Mu_nopt_nnknng_gtlt-p_eta_ntracks
[I 260829 15:27:43 utils:156] verbose        : False
[I 260829 15:27:43 utils:156] version        : 1.5.6
[I 260829 15:27:43 utils:157] ===============
[W 260829 15:27:43 make_eff_hists:207] No --cut specified. Cuts on PID samples should match your sample cuts.
[I 260829 15:27:43 utils:609] 61 calibration files from EOS will be processed
[I 260829 15:27:43 binning:543] Loading binnings from ./binning_iso.json
[W 260829 15:27:43 binning:581] The following custom binnings are not being used: [{'particle': 'Pi', 'bin_var': 'Brunel_P'}, {'particle': 'Pi', 'bin_var': 'Brunel_ETA'}, {'particle': 'Pi', 'bin_var': 'nTracks_Brunel'}, {'particle': 'K', 'bin_var': 'Brunel_P'}, {'particle': 'K', 'bin_var': 'Brunel_ETA'}, {'particle': 'K', 'bin_var': 'nTracks_Brunel'}, {'particle': 'P', 'bin_var': 'Brunel_P'}, {'particle': 'P', 'bin_var': 'Brunel_ETA'}, {'particle': 'P', 'bin_var': 'nTracks_Brunel'}, {'particle': 'e_B_Jpsi', 'bin_var': 'Brunel_P'}, {'particle': 'e_B_Jpsi', 'bin_var': 'Brunel_ETA'}, {'particle': 'e_B_Jpsi', 'bin_var': 'nTracks'}]
[I 260829 15:30:03 utils:819] Processed 61/61 files
[I 260829 15:30:03 utils:966] 70472007/71290437 (98.9%) events passed binning range cut
[I 260829 15:30:03 utils:966] 8821222/70472007 (12.5%) events passed 'Brunel_MC15TuneV1_ProbNNk>0.2&Brunel_MC15TuneV1_ProbNNghost<0.3' cut
[I 260829 15:30:03 make_eff_hists:270] Efficiency histograms saved to 'pidcalib_iso/run2-rdx-2018-mu-Mu_nopt_nnknng_gtlt-p_eta_ntracks/effhists-Turbo18-up-Mu_nopt-Brunel_MC15TuneV1_ProbNNk>0.2&Brunel_MC15TuneV1_ProbNNghost<0.3-Brunel_P.Brunel_ETA.nTracks_Brunel-binning_iso.pkl'
Output folder: pidcalib_iso/run2-rdx-2018-mu-Mu_nopt_nnknng_lt02lt02-p_eta_ntracks
[I 260829 15:30:07 make_eff_hists:203] Running PIDCalib2 make_eff_hists with the config:
[I 260829 15:30:07 utils:153] ===============
[I 260829 15:30:07 utils:156] sample         : Turbo18
[I 260829 15:30:07 utils:156] magnet         : up
[I 260829 15:30:07 utils:156] particle       : Mu_nopt
[I 260829 15:30:07 utils:156] pid_cuts       : ['Brunel_MC15TuneV1_ProbNNk<0.2&Brunel_MC15TuneV1_ProbNNghost<0.2']
[I 260829 15:30:07 utils:156] bin_vars       : ['Brunel_P', 'Brunel_ETA', 'nTracks_Brunel']
[I 260829 15:30:07 utils:156] binning_files  : ['./binning_iso.json']
[I 260829 15:30:07 utils:156] output_dir     : pidcalib_iso/run2-rdx-2018-mu-Mu_nopt_nnknng_lt02lt02-p_eta_ntracks
[I 260829 15:30:07 utils:156] verbose        : False
[I 260829 15:30:07 utils:156] version        : 1.5.6
[I 260829 15:30:07 utils:157] ===============
[W 260829 15:30:07 make_eff_hists:207] No --cut specified. Cuts on PID samples should match your sample cuts.
[I 260829 15:30:07 utils:609] 61 calibration files from EOS will be processed
[I 260829 15:30:07 binning:543] Loading binnings from ./binning_iso.json
[W 260829 15:30:07 binning:581] The following custom binnings are not being used: [{'particle': 'Pi', 'bin_var': 'Brunel_P'}, {'particle': 'Pi', 'bin_var': 'Brunel_ETA'}, {'particle': 'Pi', 'bin_var': 'nTracks_Brunel'}, {'particle': 'K', 'bin_var': 'Brunel_P'}, {'particle': 'K', 'bin_var': 'Brunel_ETA'}, {'particle': 'K', 'bin_var': 'nTracks_Brunel'}, {'particle': 'P', 'bin_var': 'Brunel_P'}, {'particle': 'P', 'bin_var': 'Brunel_ETA'}, {'particle': 'P', 'bin_var': 'nTracks_Brunel'}, {'particle': 'e_B_Jpsi', 'bin_var': 'Brunel_P'}, {'particle': 'e_B_Jpsi', 'bin_var': 'Brunel_ETA'}, {'particle': 'e_B_Jpsi', 'bin_var': 'nTracks'}]
[I 260829 15:32:13 utils:819] Processed 61/61 files
[I 260829 15:32:13 utils:966] 70472007/71290437 (98.9%) events passed binning range cut
[I 260829 15:32:13 utils:966] 55585610/70472007 (78.9%) events passed 'Brunel_MC15TuneV1_ProbNNk<0.2&Brunel_MC15TuneV1_ProbNNghost<0.2' cut
[I 260829 15:32:13 make_eff_hists:270] Efficiency histograms saved to 'pidcalib_iso/run2-rdx-2018-mu-Mu_nopt_nnknng_lt02lt02-p_eta_ntracks/effhists-Turbo18-up-Mu_nopt-Brunel_MC15TuneV1_ProbNNk<0.2&Brunel_MC15TuneV1_ProbNNghost<0.2-Brunel_P.Brunel_ETA.nTracks_Brunel-binning_iso.pkl'
Output folder: pidcalib_iso/run2-rdx-2018-mu-e_B_Jpsi_nnpnng_gtlt-p_eta_ntracks
[I 260829 15:32:16 make_eff_hists:203] Running PIDCalib2 make_eff_hists with the config:
[I 260829 15:32:16 utils:153] ===============
[I 260829 15:32:16 utils:156] sample         : Electron18
[I 260829 15:32:16 utils:156] magnet         : up
[I 260829 15:32:16 utils:156] particle       : e_B_Jpsi
[I 260829 15:32:16 utils:156] pid_cuts       : ['Brunel_MC15TuneV1_ProbNNp>0.4&Brunel_MC15TuneV1_ProbNNghost<0.3']
[I 260829 15:32:16 utils:156] bin_vars       : ['Brunel_P', 'Brunel_ETA', 'nTracks']
[I 260829 15:32:16 utils:156] binning_files  : ['./binning_iso.json']
[I 260829 15:32:16 utils:156] output_dir     : pidcalib_iso/run2-rdx-2018-mu-e_B_Jpsi_nnpnng_gtlt-p_eta_ntracks
[I 260829 15:32:16 utils:156] verbose        : False
[I 260829 15:32:16 utils:156] version        : 1.5.6
[I 260829 15:32:16 utils:157] ===============
[W 260829 15:32:16 make_eff_hists:207] No --cut specified. Cuts on PID samples should match your sample cuts.
[I 260829 15:32:16 utils:609] 1 calibration files from EOS will be processed
[I 260829 15:32:16 binning:543] Loading binnings from ./binning_iso.json
[W 260829 15:32:16 binning:581] The following custom binnings are not being used: [{'particle': 'Pi', 'bin_var': 'Brunel_P'}, {'particle': 'Pi', 'bin_var': 'Brunel_ETA'}, {'particle': 'Pi', 'bin_var': 'nTracks_Brunel'}, {'particle': 'K', 'bin_var': 'Brunel_P'}, {'particle': 'K', 'bin_var': 'Brunel_ETA'}, {'particle': 'K', 'bin_var': 'nTracks_Brunel'}, {'particle': 'P', 'bin_var': 'Brunel_P'}, {'particle': 'P', 'bin_var': 'Brunel_ETA'}, {'particle': 'P', 'bin_var': 'nTracks_Brunel'}, {'particle': 'Mu_nopt', 'bin_var': 'Brunel_P'}, {'particle': 'Mu_nopt', 'bin_var': 'Brunel_ETA'}, {'particle': 'Mu_nopt', 'bin_var': 'nTracks_Brunel'}]
[I 260829 15:32:21 utils:819] Processed 1/1 files
[I 260829 15:32:21 utils:966] 581320/582487 (99.8%) events passed binning range cut
[I 260829 15:32:21 utils:966] 33895/581320 (5.8%) events passed 'Brunel_MC15TuneV1_ProbNNp>0.4&Brunel_MC15TuneV1_ProbNNghost<0.3' cut
[W 260829 15:32:21 utils:77] There are 5 empty bins in the total histogram! You might want to change the binning.
[W 260829 15:32:21 utils:91] There are 22 non-empty bins with < 10 events in the total histogram! You might want to change the binning.
[W 260829 15:32:21 utils:122] There are 2 negative bins in the 'eff_Brunel_MC15TuneV1_ProbNNp>0.4&Brunel_MC15TuneV1_ProbNNghost<0.3' efficiency histogram! You might want to change the binning.
[I 260829 15:32:21 make_eff_hists:270] Efficiency histograms saved to 'pidcalib_iso/run2-rdx-2018-mu-e_B_Jpsi_nnpnng_gtlt-p_eta_ntracks/effhists-Electron18-up-e_B_Jpsi-Brunel_MC15TuneV1_ProbNNp>0.4&Brunel_MC15TuneV1_ProbNNghost<0.3-Brunel_P.Brunel_ETA.nTracks-binning_iso.pkl'
Output folder: pidcalib_iso/run2-rdx-2018-mu-e_B_Jpsi_nnk_gt-p_eta_ntracks
[I 260829 15:32:24 make_eff_hists:203] Running PIDCalib2 make_eff_hists with the config:
[I 260829 15:32:24 utils:153] ===============
[I 260829 15:32:24 utils:156] sample         : Electron18
[I 260829 15:32:24 utils:156] magnet         : up
[I 260829 15:32:24 utils:156] particle       : e_B_Jpsi
[I 260829 15:32:24 utils:156] pid_cuts       : ['Brunel_MC15TuneV1_ProbNNk>0.2']
[I 260829 15:32:24 utils:156] bin_vars       : ['Brunel_P', 'Brunel_ETA', 'nTracks']
[I 260829 15:32:24 utils:156] binning_files  : ['./binning_iso.json']
[I 260829 15:32:24 utils:156] output_dir     : pidcalib_iso/run2-rdx-2018-mu-e_B_Jpsi_nnk_gt-p_eta_ntracks
[I 260829 15:32:24 utils:156] verbose        : False
[I 260829 15:32:24 utils:156] version        : 1.5.6
[I 260829 15:32:24 utils:157] ===============
[W 260829 15:32:24 make_eff_hists:207] No --cut specified. Cuts on PID samples should match your sample cuts.
[I 260829 15:32:24 utils:609] 1 calibration files from EOS will be processed
[I 260829 15:32:24 binning:543] Loading binnings from ./binning_iso.json
[W 260829 15:32:24 binning:581] The following custom binnings are not being used: [{'particle': 'Pi', 'bin_var': 'Brunel_P'}, {'particle': 'Pi', 'bin_var': 'Brunel_ETA'}, {'particle': 'Pi', 'bin_var': 'nTracks_Brunel'}, {'particle': 'K', 'bin_var': 'Brunel_P'}, {'particle': 'K', 'bin_var': 'Brunel_ETA'}, {'particle': 'K', 'bin_var': 'nTracks_Brunel'}, {'particle': 'P', 'bin_var': 'Brunel_P'}, {'particle': 'P', 'bin_var': 'Brunel_ETA'}, {'particle': 'P', 'bin_var': 'nTracks_Brunel'}, {'particle': 'Mu_nopt', 'bin_var': 'Brunel_P'}, {'particle': 'Mu_nopt', 'bin_var': 'Brunel_ETA'}, {'particle': 'Mu_nopt', 'bin_var': 'nTracks_Brunel'}]
[I 260829 15:32:28 utils:819] Processed 1/1 files
[I 260829 15:32:28 utils:966] 581320/582487 (99.8%) events passed binning range cut
[I 260829 15:32:28 utils:966] 94840/581320 (16.3%) events passed 'Brunel_MC15TuneV1_ProbNNk>0.2' cut
[W 260829 15:32:28 utils:77] There are 5 empty bins in the total histogram! You might want to change the binning.
[W 260829 15:32:28 utils:91] There are 22 non-empty bins with < 10 events in the total histogram! You might want to change the binning.
[W 260829 15:32:28 utils:122] There are 7 negative bins in the 'eff_Brunel_MC15TuneV1_ProbNNk>0.2' efficiency histogram! You might want to change the binning.
[W 260829 15:32:28 utils:131] There are 1 bins > 1 in the 'eff_Brunel_MC15TuneV1_ProbNNk>0.2' efficiency histogram! You might want to change the binning.
[I 260829 15:32:28 make_eff_hists:270] Efficiency histograms saved to 'pidcalib_iso/run2-rdx-2018-mu-e_B_Jpsi_nnk_gt-p_eta_ntracks/effhists-Electron18-up-e_B_Jpsi-Brunel_MC15TuneV1_ProbNNk>0.2-Brunel_P.Brunel_ETA.nTracks-binning_iso.pkl'
Output folder: pidcalib_iso/run2-rdx-2018-mu-e_B_Jpsi_nnknng_gt02lt02-p_eta_ntracks
[I 260829 15:32:30 make_eff_hists:203] Running PIDCalib2 make_eff_hists with the config:
[I 260829 15:32:30 utils:153] ===============
[I 260829 15:32:30 utils:156] sample         : Electron18
[I 260829 15:32:30 utils:156] magnet         : up
[I 260829 15:32:30 utils:156] particle       : e_B_Jpsi
[I 260829 15:32:30 utils:156] pid_cuts       : ['Brunel_MC15TuneV1_ProbNNk>0.2&Brunel_MC15TuneV1_ProbNNghost<0.2']
[I 260829 15:32:30 utils:156] bin_vars       : ['Brunel_P', 'Brunel_ETA', 'nTracks']
[I 260829 15:32:30 utils:156] binning_files  : ['./binning_iso.json']
[I 260829 15:32:30 utils:156] output_dir     : pidcalib_iso/run2-rdx-2018-mu-e_B_Jpsi_nnknng_gt02lt02-p_eta_ntracks
[I 260829 15:32:30 utils:156] verbose        : False
[I 260829 15:32:30 utils:156] version        : 1.5.6
[I 260829 15:32:30 utils:157] ===============
[W 260829 15:32:30 make_eff_hists:207] No --cut specified. Cuts on PID samples should match your sample cuts.
[I 260829 15:32:30 utils:609] 1 calibration files from EOS will be processed
[I 260829 15:32:30 binning:543] Loading binnings from ./binning_iso.json
[W 260829 15:32:30 binning:581] The following custom binnings are not being used: [{'particle': 'Pi', 'bin_var': 'Brunel_P'}, {'particle': 'Pi', 'bin_var': 'Brunel_ETA'}, {'particle': 'Pi', 'bin_var': 'nTracks_Brunel'}, {'particle': 'K', 'bin_var': 'Brunel_P'}, {'particle': 'K', 'bin_var': 'Brunel_ETA'}, {'particle': 'K', 'bin_var': 'nTracks_Brunel'}, {'particle': 'P', 'bin_var': 'Brunel_P'}, {'particle': 'P', 'bin_var': 'Brunel_ETA'}, {'particle': 'P', 'bin_var': 'nTracks_Brunel'}, {'particle': 'Mu_nopt', 'bin_var': 'Brunel_P'}, {'particle': 'Mu_nopt', 'bin_var': 'Brunel_ETA'}, {'particle': 'Mu_nopt', 'bin_var': 'nTracks_Brunel'}]
[I 260829 15:32:31 utils:819] Processed 1/1 files
[I 260829 15:32:31 utils:966] 581320/582487 (99.8%) events passed binning range cut
[I 260829 15:32:31 utils:966] 77541/581320 (13.3%) events passed 'Brunel_MC15TuneV1_ProbNNk>0.2&Brunel_MC15TuneV1_ProbNNghost<0.2' cut
[W 260829 15:32:31 utils:77] There are 5 empty bins in the total histogram! You might want to change the binning.
[W 260829 15:32:31 utils:91] There are 22 non-empty bins with < 10 events in the total histogram! You might want to change the binning.
[W 260829 15:32:31 utils:122] There are 5 negative bins in the 'eff_Brunel_MC15TuneV1_ProbNNk>0.2&Brunel_MC15TuneV1_ProbNNghost<0.2' efficiency histogram! You might want to change the binning.
[I 260829 15:32:31 make_eff_hists:270] Efficiency histograms saved to 'pidcalib_iso/run2-rdx-2018-mu-e_B_Jpsi_nnknng_gt02lt02-p_eta_ntracks/effhists-Electron18-up-e_B_Jpsi-Brunel_MC15TuneV1_ProbNNk>0.2&Brunel_MC15TuneV1_ProbNNghost<0.2-Brunel_P.Brunel_ETA.nTracks-binning_iso.pkl'
Output folder: pidcalib_iso/run2-rdx-2018-mu-e_B_Jpsi_nnknng_ltlt-p_eta_ntracks
[I 260829 15:32:34 make_eff_hists:203] Running PIDCalib2 make_eff_hists with the config:
[I 260829 15:32:34 utils:153] ===============
[I 260829 15:32:34 utils:156] sample         : Electron18
[I 260829 15:32:34 utils:156] magnet         : up
[I 260829 15:32:34 utils:156] particle       : e_B_Jpsi
[I 260829 15:32:34 utils:156] pid_cuts       : ['Brunel_MC15TuneV1_ProbNNk<0.2&Brunel_MC15TuneV1_ProbNNghost<0.3']
[I 260829 15:32:34 utils:156] bin_vars       : ['Brunel_P', 'Brunel_ETA', 'nTracks']
[I 260829 15:32:34 utils:156] binning_files  : ['./binning_iso.json']
[I 260829 15:32:34 utils:156] output_dir     : pidcalib_iso/run2-rdx-2018-mu-e_B_Jpsi_nnknng_ltlt-p_eta_ntracks
[I 260829 15:32:34 utils:156] verbose        : False
[I 260829 15:32:34 utils:156] version        : 1.5.6
[I 260829 15:32:34 utils:157] ===============
[W 260829 15:32:34 make_eff_hists:207] No --cut specified. Cuts on PID samples should match your sample cuts.
[I 260829 15:32:34 utils:609] 1 calibration files from EOS will be processed
[I 260829 15:32:34 binning:543] Loading binnings from ./binning_iso.json
[W 260829 15:32:34 binning:581] The following custom binnings are not being used: [{'particle': 'Pi', 'bin_var': 'Brunel_P'}, {'particle': 'Pi', 'bin_var': 'Brunel_ETA'}, {'particle': 'Pi', 'bin_var': 'nTracks_Brunel'}, {'particle': 'K', 'bin_var': 'Brunel_P'}, {'particle': 'K', 'bin_var': 'Brunel_ETA'}, {'particle': 'K', 'bin_var': 'nTracks_Brunel'}, {'particle': 'P', 'bin_var': 'Brunel_P'}, {'particle': 'P', 'bin_var': 'Brunel_ETA'}, {'particle': 'P', 'bin_var': 'nTracks_Brunel'}, {'particle': 'Mu_nopt', 'bin_var': 'Brunel_P'}, {'particle': 'Mu_nopt', 'bin_var': 'Brunel_ETA'}, {'particle': 'Mu_nopt', 'bin_var': 'nTracks_Brunel'}]
[I 260829 15:32:34 utils:819] Processed 1/1 files
[I 260829 15:32:34 utils:966] 581320/582487 (99.8%) events passed binning range cut
[I 260829 15:32:34 utils:966] 415728/581320 (71.5%) events passed 'Brunel_MC15TuneV1_ProbNNk<0.2&Brunel_MC15TuneV1_ProbNNghost<0.3' cut
[W 260829 15:32:34 utils:77] There are 5 empty bins in the total histogram! You might want to change the binning.
[W 260829 15:32:34 utils:91] There are 22 non-empty bins with < 10 events in the total histogram! You might want to change the binning.
[W 260829 15:32:34 utils:122] There are 2 negative bins in the 'eff_Brunel_MC15TuneV1_ProbNNk<0.2&Brunel_MC15TuneV1_ProbNNghost<0.3' efficiency histogram! You might want to change the binning.
[W 260829 15:32:34 utils:131] There are 5 bins > 1 in the 'eff_Brunel_MC15TuneV1_ProbNNk<0.2&Brunel_MC15TuneV1_ProbNNghost<0.3' efficiency histogram! You might want to change the binning.
[I 260829 15:32:34 make_eff_hists:270] Efficiency histograms saved to 'pidcalib_iso/run2-rdx-2018-mu-e_B_Jpsi_nnknng_ltlt-p_eta_ntracks/effhists-Electron18-up-e_B_Jpsi-Brunel_MC15TuneV1_ProbNNk<0.2&Brunel_MC15TuneV1_ProbNNghost<0.3-Brunel_P.Brunel_ETA.nTracks-binning_iso.pkl'
Output folder: pidcalib_iso/run2-rdx-2018-mu-e_B_Jpsi_nnp_gt-p_eta_ntracks
[I 260829 15:32:37 make_eff_hists:203] Running PIDCalib2 make_eff_hists with the config:
[I 260829 15:32:37 utils:153] ===============
[I 260829 15:32:37 utils:156] sample         : Electron18
[I 260829 15:32:37 utils:156] magnet         : up
[I 260829 15:32:37 utils:156] particle       : e_B_Jpsi
[I 260829 15:32:37 utils:156] pid_cuts       : ['Brunel_MC15TuneV1_ProbNNp>0.4']
[I 260829 15:32:37 utils:156] bin_vars       : ['Brunel_P', 'Brunel_ETA', 'nTracks']
[I 260829 15:32:37 utils:156] binning_files  : ['./binning_iso.json']
[I 260829 15:32:37 utils:156] output_dir     : pidcalib_iso/run2-rdx-2018-mu-e_B_Jpsi_nnp_gt-p_eta_ntracks
[I 260829 15:32:37 utils:156] verbose        : False
[I 260829 15:32:37 utils:156] version        : 1.5.6
[I 260829 15:32:37 utils:157] ===============
[W 260829 15:32:37 make_eff_hists:207] No --cut specified. Cuts on PID samples should match your sample cuts.
[I 260829 15:32:37 utils:609] 1 calibration files from EOS will be processed
[I 260829 15:32:37 binning:543] Loading binnings from ./binning_iso.json
[W 260829 15:32:37 binning:581] The following custom binnings are not being used: [{'particle': 'Pi', 'bin_var': 'Brunel_P'}, {'particle': 'Pi', 'bin_var': 'Brunel_ETA'}, {'particle': 'Pi', 'bin_var': 'nTracks_Brunel'}, {'particle': 'K', 'bin_var': 'Brunel_P'}, {'particle': 'K', 'bin_var': 'Brunel_ETA'}, {'particle': 'K', 'bin_var': 'nTracks_Brunel'}, {'particle': 'P', 'bin_var': 'Brunel_P'}, {'particle': 'P', 'bin_var': 'Brunel_ETA'}, {'particle': 'P', 'bin_var': 'nTracks_Brunel'}, {'particle': 'Mu_nopt', 'bin_var': 'Brunel_P'}, {'particle': 'Mu_nopt', 'bin_var': 'Brunel_ETA'}, {'particle': 'Mu_nopt', 'bin_var': 'nTracks_Brunel'}]
[I 260829 15:32:37 utils:819] Processed 1/1 files
[I 260829 15:32:37 utils:966] 581320/582487 (99.8%) events passed binning range cut
[I 260829 15:32:37 utils:966] 38055/581320 (6.5%) events passed 'Brunel_MC15TuneV1_ProbNNp>0.4' cut
[W 260829 15:32:37 utils:77] There are 5 empty bins in the total histogram! You might want to change the binning.
[W 260829 15:32:37 utils:91] There are 22 non-empty bins with < 10 events in the total histogram! You might want to change the binning.
[W 260829 15:32:37 utils:122] There are 2 negative bins in the 'eff_Brunel_MC15TuneV1_ProbNNp>0.4' efficiency histogram! You might want to change the binning.
[I 260829 15:32:37 make_eff_hists:270] Efficiency histograms saved to 'pidcalib_iso/run2-rdx-2018-mu-e_B_Jpsi_nnp_gt-p_eta_ntracks/effhists-Electron18-up-e_B_Jpsi-Brunel_MC15TuneV1_ProbNNp>0.4-Brunel_P.Brunel_ETA.nTracks-binning_iso.pkl'
Output folder: pidcalib_iso/run2-rdx-2018-mu-e_B_Jpsi_nnknng_gtlt-p_eta_ntracks
[I 260829 15:32:40 make_eff_hists:203] Running PIDCalib2 make_eff_hists with the config:
[I 260829 15:32:40 utils:153] ===============
[I 260829 15:32:40 utils:156] sample         : Electron18
[I 260829 15:32:40 utils:156] magnet         : up
[I 260829 15:32:40 utils:156] particle       : e_B_Jpsi
[I 260829 15:32:40 utils:156] pid_cuts       : ['Brunel_MC15TuneV1_ProbNNk>0.2&Brunel_MC15TuneV1_ProbNNghost<0.3']
[I 260829 15:32:40 utils:156] bin_vars       : ['Brunel_P', 'Brunel_ETA', 'nTracks']
[I 260829 15:32:40 utils:156] binning_files  : ['./binning_iso.json']
[I 260829 15:32:40 utils:156] output_dir     : pidcalib_iso/run2-rdx-2018-mu-e_B_Jpsi_nnknng_gtlt-p_eta_ntracks
[I 260829 15:32:40 utils:156] verbose        : False
[I 260829 15:32:40 utils:156] version        : 1.5.6
[I 260829 15:32:40 utils:157] ===============
[W 260829 15:32:40 make_eff_hists:207] No --cut specified. Cuts on PID samples should match your sample cuts.
[I 260829 15:32:40 utils:609] 1 calibration files from EOS will be processed
[I 260829 15:32:40 binning:543] Loading binnings from ./binning_iso.json
[W 260829 15:32:40 binning:581] The following custom binnings are not being used: [{'particle': 'Pi', 'bin_var': 'Brunel_P'}, {'particle': 'Pi', 'bin_var': 'Brunel_ETA'}, {'particle': 'Pi', 'bin_var': 'nTracks_Brunel'}, {'particle': 'K', 'bin_var': 'Brunel_P'}, {'particle': 'K', 'bin_var': 'Brunel_ETA'}, {'particle': 'K', 'bin_var': 'nTracks_Brunel'}, {'particle': 'P', 'bin_var': 'Brunel_P'}, {'particle': 'P', 'bin_var': 'Brunel_ETA'}, {'particle': 'P', 'bin_var': 'nTracks_Brunel'}, {'particle': 'Mu_nopt', 'bin_var': 'Brunel_P'}, {'particle': 'Mu_nopt', 'bin_var': 'Brunel_ETA'}, {'particle': 'Mu_nopt', 'bin_var': 'nTracks_Brunel'}]
[I 260829 15:32:40 utils:819] Processed 1/1 files
[I 260829 15:32:40 utils:966] 581320/582487 (99.8%) events passed binning range cut
[I 260829 15:32:40 utils:966] 82351/581320 (14.2%) events passed 'Brunel_MC15TuneV1_ProbNNk>0.2&Brunel_MC15TuneV1_ProbNNghost<0.3' cut
[W 260829 15:32:40 utils:77] There are 5 empty bins in the total histogram! You might want to change the binning.
[W 260829 15:32:40 utils:91] There are 22 non-empty bins with < 10 events in the total histogram! You might want to change the binning.
[W 260829 15:32:40 utils:122] There are 5 negative bins in the 'eff_Brunel_MC15TuneV1_ProbNNk>0.2&Brunel_MC15TuneV1_ProbNNghost<0.3' efficiency histogram! You might want to change the binning.
[I 260829 15:32:40 make_eff_hists:270] Efficiency histograms saved to 'pidcalib_iso/run2-rdx-2018-mu-e_B_Jpsi_nnknng_gtlt-p_eta_ntracks/effhists-Electron18-up-e_B_Jpsi-Brunel_MC15TuneV1_ProbNNk>0.2&Brunel_MC15TuneV1_ProbNNghost<0.3-Brunel_P.Brunel_ETA.nTracks-binning_iso.pkl'
Output folder: pidcalib_iso/run2-rdx-2018-mu-e_B_Jpsi_nnknng_lt02lt02-p_eta_ntracks
[I 260829 15:32:43 make_eff_hists:203] Running PIDCalib2 make_eff_hists with the config:
[I 260829 15:32:43 utils:153] ===============
[I 260829 15:32:43 utils:156] sample         : Electron18
[I 260829 15:32:43 utils:156] magnet         : up
[I 260829 15:32:43 utils:156] particle       : e_B_Jpsi
[I 260829 15:32:43 utils:156] pid_cuts       : ['Brunel_MC15TuneV1_ProbNNk<0.2&Brunel_MC15TuneV1_ProbNNghost<0.2']
[I 260829 15:32:43 utils:156] bin_vars       : ['Brunel_P', 'Brunel_ETA', 'nTracks']
[I 260829 15:32:43 utils:156] binning_files  : ['./binning_iso.json']
[I 260829 15:32:43 utils:156] output_dir     : pidcalib_iso/run2-rdx-2018-mu-e_B_Jpsi_nnknng_lt02lt02-p_eta_ntracks
[I 260829 15:32:43 utils:156] verbose        : False
[I 260829 15:32:43 utils:156] version        : 1.5.6
[I 260829 15:32:43 utils:157] ===============
[W 260829 15:32:43 make_eff_hists:207] No --cut specified. Cuts on PID samples should match your sample cuts.
[I 260829 15:32:43 utils:609] 1 calibration files from EOS will be processed
[I 260829 15:32:43 binning:543] Loading binnings from ./binning_iso.json
[W 260829 15:32:43 binning:581] The following custom binnings are not being used: [{'particle': 'Pi', 'bin_var': 'Brunel_P'}, {'particle': 'Pi', 'bin_var': 'Brunel_ETA'}, {'particle': 'Pi', 'bin_var': 'nTracks_Brunel'}, {'particle': 'K', 'bin_var': 'Brunel_P'}, {'particle': 'K', 'bin_var': 'Brunel_ETA'}, {'particle': 'K', 'bin_var': 'nTracks_Brunel'}, {'particle': 'P', 'bin_var': 'Brunel_P'}, {'particle': 'P', 'bin_var': 'Brunel_ETA'}, {'particle': 'P', 'bin_var': 'nTracks_Brunel'}, {'particle': 'Mu_nopt', 'bin_var': 'Brunel_P'}, {'particle': 'Mu_nopt', 'bin_var': 'Brunel_ETA'}, {'particle': 'Mu_nopt', 'bin_var': 'nTracks_Brunel'}]
[I 260829 15:32:43 utils:819] Processed 1/1 files
[I 260829 15:32:43 utils:966] 581320/582487 (99.8%) events passed binning range cut
[I 260829 15:32:43 utils:966] 395069/581320 (68.0%) events passed 'Brunel_MC15TuneV1_ProbNNk<0.2&Brunel_MC15TuneV1_ProbNNghost<0.2' cut
[W 260829 15:32:43 utils:77] There are 5 empty bins in the total histogram! You might want to change the binning.
[W 260829 15:32:43 utils:91] There are 22 non-empty bins with < 10 events in the total histogram! You might want to change the binning.
[W 260829 15:32:43 utils:122] There are 3 negative bins in the 'eff_Brunel_MC15TuneV1_ProbNNk<0.2&Brunel_MC15TuneV1_ProbNNghost<0.2' efficiency histogram! You might want to change the binning.
[W 260829 15:32:43 utils:131] There are 4 bins > 1 in the 'eff_Brunel_MC15TuneV1_ProbNNk<0.2&Brunel_MC15TuneV1_ProbNNghost<0.2' efficiency histogram! You might want to change the binning.
[I 260829 15:32:43 make_eff_hists:270] Efficiency histograms saved to 'pidcalib_iso/run2-rdx-2018-mu-e_B_Jpsi_nnknng_lt02lt02-p_eta_ntracks/effhists-Electron18-up-e_B_Jpsi-Brunel_MC15TuneV1_ProbNNk<0.2&Brunel_MC15TuneV1_ProbNNghost<0.2-Brunel_P.Brunel_ETA.nTracks-binning_iso.pkl'
Renaming ./pidcalib_iso/run2-rdx-2016-md-e_B_Jpsi_nnk_gt-p_eta_ntracks/effhists-Electron16-down-e_B_Jpsi-Brunel_MC15TuneV1_ProbNNk>0.2-Brunel_P.Brunel_ETA.nTracks-binning_iso.pkl to pkl-run2-rdx_iso/run2-rdx-2016-md-e_B_Jpsi_nnk_gt-p_eta_ntracks.pkl...
Renaming ./pidcalib_iso/run2-rdx-2016-md-e_B_Jpsi_nnknng_gt02lt02-p_eta_ntracks/effhists-Electron16-down-e_B_Jpsi-Brunel_MC15TuneV1_ProbNNk>0.2&Brunel_MC15TuneV1_ProbNNghost<0.2-Brunel_P.Brunel_ETA.nTracks-binning_iso.pkl to pkl-run2-rdx_iso/run2-rdx-2016-md-e_B_Jpsi_nnknng_gt02lt02-p_eta_ntracks.pkl...
Renaming ./pidcalib_iso/run2-rdx-2016-md-e_B_Jpsi_nnknng_gtlt-p_eta_ntracks/effhists-Electron16-down-e_B_Jpsi-Brunel_MC15TuneV1_ProbNNk>0.2&Brunel_MC15TuneV1_ProbNNghost<0.3-Brunel_P.Brunel_ETA.nTracks-binning_iso.pkl to pkl-run2-rdx_iso/run2-rdx-2016-md-e_B_Jpsi_nnknng_gtlt-p_eta_ntracks.pkl...
Renaming ./pidcalib_iso/run2-rdx-2016-md-e_B_Jpsi_nnknng_lt02lt02-p_eta_ntracks/effhists-Electron16-down-e_B_Jpsi-Brunel_MC15TuneV1_ProbNNk<0.2&Brunel_MC15TuneV1_ProbNNghost<0.2-Brunel_P.Brunel_ETA.nTracks-binning_iso.pkl to pkl-run2-rdx_iso/run2-rdx-2016-md-e_B_Jpsi_nnknng_lt02lt02-p_eta_ntracks.pkl...
Renaming ./pidcalib_iso/run2-rdx-2016-md-e_B_Jpsi_nnknng_ltlt-p_eta_ntracks/effhists-Electron16-down-e_B_Jpsi-Brunel_MC15TuneV1_ProbNNk<0.2&Brunel_MC15TuneV1_ProbNNghost<0.3-Brunel_P.Brunel_ETA.nTracks-binning_iso.pkl to pkl-run2-rdx_iso/run2-rdx-2016-md-e_B_Jpsi_nnknng_ltlt-p_eta_ntracks.pkl...
Renaming ./pidcalib_iso/run2-rdx-2016-md-e_B_Jpsi_nnp_gt-p_eta_ntracks/effhists-Electron16-down-e_B_Jpsi-Brunel_MC15TuneV1_ProbNNp>0.4-Brunel_P.Brunel_ETA.nTracks-binning_iso.pkl to pkl-run2-rdx_iso/run2-rdx-2016-md-e_B_Jpsi_nnp_gt-p_eta_ntracks.pkl...
Renaming ./pidcalib_iso/run2-rdx-2016-md-e_B_Jpsi_nnpnng_gtlt-p_eta_ntracks/effhists-Electron16-down-e_B_Jpsi-Brunel_MC15TuneV1_ProbNNp>0.4&Brunel_MC15TuneV1_ProbNNghost<0.3-Brunel_P.Brunel_ETA.nTracks-binning_iso.pkl to pkl-run2-rdx_iso/run2-rdx-2016-md-e_B_Jpsi_nnpnng_gtlt-p_eta_ntracks.pkl...
Renaming ./pidcalib_iso/run2-rdx-2016-md-K_nnk_gt-p_eta_ntracks/effhists-Turbo16-down-K-Brunel_MC15TuneV1_ProbNNk>0.2-Brunel_P.Brunel_ETA.nTracks_Brunel-binning_iso.pkl to pkl-run2-rdx_iso/run2-rdx-2016-md-K_nnk_gt-p_eta_ntracks.pkl...
Renaming ./pidcalib_iso/run2-rdx-2016-md-K_nnknng_gt02lt02-p_eta_ntracks/effhists-Turbo16-down-K-Brunel_MC15TuneV1_ProbNNk>0.2&Brunel_MC15TuneV1_ProbNNghost<0.2-Brunel_P.Brunel_ETA.nTracks_Brunel-binning_iso.pkl to pkl-run2-rdx_iso/run2-rdx-2016-md-K_nnknng_gt02lt02-p_eta_ntracks.pkl...
Renaming ./pidcalib_iso/run2-rdx-2016-md-K_nnknng_gtlt-p_eta_ntracks/effhists-Turbo16-down-K-Brunel_MC15TuneV1_ProbNNk>0.2&Brunel_MC15TuneV1_ProbNNghost<0.3-Brunel_P.Brunel_ETA.nTracks_Brunel-binning_iso.pkl to pkl-run2-rdx_iso/run2-rdx-2016-md-K_nnknng_gtlt-p_eta_ntracks.pkl...
Renaming ./pidcalib_iso/run2-rdx-2016-md-K_nnknng_lt02lt02-p_eta_ntracks/effhists-Turbo16-down-K-Brunel_MC15TuneV1_ProbNNk<0.2&Brunel_MC15TuneV1_ProbNNghost<0.2-Brunel_P.Brunel_ETA.nTracks_Brunel-binning_iso.pkl to pkl-run2-rdx_iso/run2-rdx-2016-md-K_nnknng_lt02lt02-p_eta_ntracks.pkl...
Renaming ./pidcalib_iso/run2-rdx-2016-md-K_nnknng_ltlt-p_eta_ntracks/effhists-Turbo16-down-K-Brunel_MC15TuneV1_ProbNNk<0.2&Brunel_MC15TuneV1_ProbNNghost<0.3-Brunel_P.Brunel_ETA.nTracks_Brunel-binning_iso.pkl to pkl-run2-rdx_iso/run2-rdx-2016-md-K_nnknng_ltlt-p_eta_ntracks.pkl...
Renaming ./pidcalib_iso/run2-rdx-2016-md-K_nnp_gt-p_eta_ntracks/effhists-Turbo16-down-K-Brunel_MC15TuneV1_ProbNNp>0.4-Brunel_P.Brunel_ETA.nTracks_Brunel-binning_iso.pkl to pkl-run2-rdx_iso/run2-rdx-2016-md-K_nnp_gt-p_eta_ntracks.pkl...
Renaming ./pidcalib_iso/run2-rdx-2016-md-K_nnpnng_gtlt-p_eta_ntracks/effhists-Turbo16-down-K-Brunel_MC15TuneV1_ProbNNp>0.4&Brunel_MC15TuneV1_ProbNNghost<0.3-Brunel_P.Brunel_ETA.nTracks_Brunel-binning_iso.pkl to pkl-run2-rdx_iso/run2-rdx-2016-md-K_nnpnng_gtlt-p_eta_ntracks.pkl...
Renaming ./pidcalib_iso/run2-rdx-2016-md-Mu_nopt_nnk_gt-p_eta_ntracks/effhists-Turbo16-down-Mu_nopt-Brunel_MC15TuneV1_ProbNNk>0.2-Brunel_P.Brunel_ETA.nTracks_Brunel-binning_iso.pkl to pkl-run2-rdx_iso/run2-rdx-2016-md-Mu_nopt_nnk_gt-p_eta_ntracks.pkl...
Renaming ./pidcalib_iso/run2-rdx-2016-md-Mu_nopt_nnknng_gt02lt02-p_eta_ntracks/effhists-Turbo16-down-Mu_nopt-Brunel_MC15TuneV1_ProbNNk>0.2&Brunel_MC15TuneV1_ProbNNghost<0.2-Brunel_P.Brunel_ETA.nTracks_Brunel-binning_iso.pkl to pkl-run2-rdx_iso/run2-rdx-2016-md-Mu_nopt_nnknng_gt02lt02-p_eta_ntracks.pkl...
Renaming ./pidcalib_iso/run2-rdx-2016-md-Mu_nopt_nnknng_gtlt-p_eta_ntracks/effhists-Turbo16-down-Mu_nopt-Brunel_MC15TuneV1_ProbNNk>0.2&Brunel_MC15TuneV1_ProbNNghost<0.3-Brunel_P.Brunel_ETA.nTracks_Brunel-binning_iso.pkl to pkl-run2-rdx_iso/run2-rdx-2016-md-Mu_nopt_nnknng_gtlt-p_eta_ntracks.pkl...
Renaming ./pidcalib_iso/run2-rdx-2016-md-Mu_nopt_nnknng_lt02lt02-p_eta_ntracks/effhists-Turbo16-down-Mu_nopt-Brunel_MC15TuneV1_ProbNNk<0.2&Brunel_MC15TuneV1_ProbNNghost<0.2-Brunel_P.Brunel_ETA.nTracks_Brunel-binning_iso.pkl to pkl-run2-rdx_iso/run2-rdx-2016-md-Mu_nopt_nnknng_lt02lt02-p_eta_ntracks.pkl...
Renaming ./pidcalib_iso/run2-rdx-2016-md-Mu_nopt_nnknng_ltlt-p_eta_ntracks/effhists-Turbo16-down-Mu_nopt-Brunel_MC15TuneV1_ProbNNk<0.2&Brunel_MC15TuneV1_ProbNNghost<0.3-Brunel_P.Brunel_ETA.nTracks_Brunel-binning_iso.pkl to pkl-run2-rdx_iso/run2-rdx-2016-md-Mu_nopt_nnknng_ltlt-p_eta_ntracks.pkl...
Renaming ./pidcalib_iso/run2-rdx-2016-md-Mu_nopt_nnp_gt-p_eta_ntracks/effhists-Turbo16-down-Mu_nopt-Brunel_MC15TuneV1_ProbNNp>0.4-Brunel_P.Brunel_ETA.nTracks_Brunel-binning_iso.pkl to pkl-run2-rdx_iso/run2-rdx-2016-md-Mu_nopt_nnp_gt-p_eta_ntracks.pkl...
Renaming ./pidcalib_iso/run2-rdx-2016-md-Mu_nopt_nnpnng_gtlt-p_eta_ntracks/effhists-Turbo16-down-Mu_nopt-Brunel_MC15TuneV1_ProbNNp>0.4&Brunel_MC15TuneV1_ProbNNghost<0.3-Brunel_P.Brunel_ETA.nTracks_Brunel-binning_iso.pkl to pkl-run2-rdx_iso/run2-rdx-2016-md-Mu_nopt_nnpnng_gtlt-p_eta_ntracks.pkl...
Renaming ./pidcalib_iso/run2-rdx-2016-md-Pi_nnk_gt-p_eta_ntracks/effhists-Turbo16-down-Pi-Brunel_MC15TuneV1_ProbNNk>0.2-Brunel_P.Brunel_ETA.nTracks_Brunel-binning_iso.pkl to pkl-run2-rdx_iso/run2-rdx-2016-md-Pi_nnk_gt-p_eta_ntracks.pkl...
Renaming ./pidcalib_iso/run2-rdx-2016-md-Pi_nnknng_gt02lt02-p_eta_ntracks/effhists-Turbo16-down-Pi-Brunel_MC15TuneV1_ProbNNk>0.2&Brunel_MC15TuneV1_ProbNNghost<0.2-Brunel_P.Brunel_ETA.nTracks_Brunel-binning_iso.pkl to pkl-run2-rdx_iso/run2-rdx-2016-md-Pi_nnknng_gt02lt02-p_eta_ntracks.pkl...
Renaming ./pidcalib_iso/run2-rdx-2016-md-Pi_nnknng_gtlt-p_eta_ntracks/effhists-Turbo16-down-Pi-Brunel_MC15TuneV1_ProbNNk>0.2&Brunel_MC15TuneV1_ProbNNghost<0.3-Brunel_P.Brunel_ETA.nTracks_Brunel-binning_iso.pkl to pkl-run2-rdx_iso/run2-rdx-2016-md-Pi_nnknng_gtlt-p_eta_ntracks.pkl...
Renaming ./pidcalib_iso/run2-rdx-2016-md-Pi_nnknng_lt02lt02-p_eta_ntracks/effhists-Turbo16-down-Pi-Brunel_MC15TuneV1_ProbNNk<0.2&Brunel_MC15TuneV1_ProbNNghost<0.2-Brunel_P.Brunel_ETA.nTracks_Brunel-binning_iso.pkl to pkl-run2-rdx_iso/run2-rdx-2016-md-Pi_nnknng_lt02lt02-p_eta_ntracks.pkl...
Renaming ./pidcalib_iso/run2-rdx-2016-md-Pi_nnknng_ltlt-p_eta_ntracks/effhists-Turbo16-down-Pi-Brunel_MC15TuneV1_ProbNNk<0.2&Brunel_MC15TuneV1_ProbNNghost<0.3-Brunel_P.Brunel_ETA.nTracks_Brunel-binning_iso.pkl to pkl-run2-rdx_iso/run2-rdx-2016-md-Pi_nnknng_ltlt-p_eta_ntracks.pkl...
Renaming ./pidcalib_iso/run2-rdx-2016-md-Pi_nnp_gt-p_eta_ntracks/effhists-Turbo16-down-Pi-Brunel_MC15TuneV1_ProbNNp>0.4-Brunel_P.Brunel_ETA.nTracks_Brunel-binning_iso.pkl to pkl-run2-rdx_iso/run2-rdx-2016-md-Pi_nnp_gt-p_eta_ntracks.pkl...
Renaming ./pidcalib_iso/run2-rdx-2016-md-Pi_nnpnng_gtlt-p_eta_ntracks/effhists-Turbo16-down-Pi-Brunel_MC15TuneV1_ProbNNp>0.4&Brunel_MC15TuneV1_ProbNNghost<0.3-Brunel_P.Brunel_ETA.nTracks_Brunel-binning_iso.pkl to pkl-run2-rdx_iso/run2-rdx-2016-md-Pi_nnpnng_gtlt-p_eta_ntracks.pkl...
Renaming ./pidcalib_iso/run2-rdx-2016-md-P_nnk_gt-p_eta_ntracks/effhists-Turbo16-down-P-Brunel_MC15TuneV1_ProbNNk>0.2-Brunel_P.Brunel_ETA.nTracks_Brunel-binning_iso.pkl to pkl-run2-rdx_iso/run2-rdx-2016-md-P_nnk_gt-p_eta_ntracks.pkl...
Renaming ./pidcalib_iso/run2-rdx-2016-md-P_nnknng_gt02lt02-p_eta_ntracks/effhists-Turbo16-down-P-Brunel_MC15TuneV1_ProbNNk>0.2&Brunel_MC15TuneV1_ProbNNghost<0.2-Brunel_P.Brunel_ETA.nTracks_Brunel-binning_iso.pkl to pkl-run2-rdx_iso/run2-rdx-2016-md-P_nnknng_gt02lt02-p_eta_ntracks.pkl...
Renaming ./pidcalib_iso/run2-rdx-2016-md-P_nnknng_gtlt-p_eta_ntracks/effhists-Turbo16-down-P-Brunel_MC15TuneV1_ProbNNk>0.2&Brunel_MC15TuneV1_ProbNNghost<0.3-Brunel_P.Brunel_ETA.nTracks_Brunel-binning_iso.pkl to pkl-run2-rdx_iso/run2-rdx-2016-md-P_nnknng_gtlt-p_eta_ntracks.pkl...
Renaming ./pidcalib_iso/run2-rdx-2016-md-P_nnknng_lt02lt02-p_eta_ntracks/effhists-Turbo16-down-P-Brunel_MC15TuneV1_ProbNNk<0.2&Brunel_MC15TuneV1_ProbNNghost<0.2-Brunel_P.Brunel_ETA.nTracks_Brunel-binning_iso.pkl to pkl-run2-rdx_iso/run2-rdx-2016-md-P_nnknng_lt02lt02-p_eta_ntracks.pkl...
Renaming ./pidcalib_iso/run2-rdx-2016-md-P_nnknng_ltlt-p_eta_ntracks/effhists-Turbo16-down-P-Brunel_MC15TuneV1_ProbNNk<0.2&Brunel_MC15TuneV1_ProbNNghost<0.3-Brunel_P.Brunel_ETA.nTracks_Brunel-binning_iso.pkl to pkl-run2-rdx_iso/run2-rdx-2016-md-P_nnknng_ltlt-p_eta_ntracks.pkl...
Renaming ./pidcalib_iso/run2-rdx-2016-md-P_nnp_gt-p_eta_ntracks/effhists-Turbo16-down-P-Brunel_MC15TuneV1_ProbNNp>0.4-Brunel_P.Brunel_ETA.nTracks_Brunel-binning_iso.pkl to pkl-run2-rdx_iso/run2-rdx-2016-md-P_nnp_gt-p_eta_ntracks.pkl...
Renaming ./pidcalib_iso/run2-rdx-2016-md-P_nnpnng_gtlt-p_eta_ntracks/effhists-Turbo16-down-P-Brunel_MC15TuneV1_ProbNNp>0.4&Brunel_MC15TuneV1_ProbNNghost<0.3-Brunel_P.Brunel_ETA.nTracks_Brunel-binning_iso.pkl to pkl-run2-rdx_iso/run2-rdx-2016-md-P_nnpnng_gtlt-p_eta_ntracks.pkl...
Renaming ./pidcalib_iso/run2-rdx-2016-mu-e_B_Jpsi_nnk_gt-p_eta_ntracks/effhists-Electron16-up-e_B_Jpsi-Brunel_MC15TuneV1_ProbNNk>0.2-Brunel_P.Brunel_ETA.nTracks-binning_iso.pkl to pkl-run2-rdx_iso/run2-rdx-2016-mu-e_B_Jpsi_nnk_gt-p_eta_ntracks.pkl...
Renaming ./pidcalib_iso/run2-rdx-2016-mu-e_B_Jpsi_nnknng_gt02lt02-p_eta_ntracks/effhists-Electron16-up-e_B_Jpsi-Brunel_MC15TuneV1_ProbNNk>0.2&Brunel_MC15TuneV1_ProbNNghost<0.2-Brunel_P.Brunel_ETA.nTracks-binning_iso.pkl to pkl-run2-rdx_iso/run2-rdx-2016-mu-e_B_Jpsi_nnknng_gt02lt02-p_eta_ntracks.pkl...
Renaming ./pidcalib_iso/run2-rdx-2016-mu-e_B_Jpsi_nnknng_gtlt-p_eta_ntracks/effhists-Electron16-up-e_B_Jpsi-Brunel_MC15TuneV1_ProbNNk>0.2&Brunel_MC15TuneV1_ProbNNghost<0.3-Brunel_P.Brunel_ETA.nTracks-binning_iso.pkl to pkl-run2-rdx_iso/run2-rdx-2016-mu-e_B_Jpsi_nnknng_gtlt-p_eta_ntracks.pkl...
Renaming ./pidcalib_iso/run2-rdx-2016-mu-e_B_Jpsi_nnknng_lt02lt02-p_eta_ntracks/effhists-Electron16-up-e_B_Jpsi-Brunel_MC15TuneV1_ProbNNk<0.2&Brunel_MC15TuneV1_ProbNNghost<0.2-Brunel_P.Brunel_ETA.nTracks-binning_iso.pkl to pkl-run2-rdx_iso/run2-rdx-2016-mu-e_B_Jpsi_nnknng_lt02lt02-p_eta_ntracks.pkl...
Renaming ./pidcalib_iso/run2-rdx-2016-mu-e_B_Jpsi_nnknng_ltlt-p_eta_ntracks/effhists-Electron16-up-e_B_Jpsi-Brunel_MC15TuneV1_ProbNNk<0.2&Brunel_MC15TuneV1_ProbNNghost<0.3-Brunel_P.Brunel_ETA.nTracks-binning_iso.pkl to pkl-run2-rdx_iso/run2-rdx-2016-mu-e_B_Jpsi_nnknng_ltlt-p_eta_ntracks.pkl...
Renaming ./pidcalib_iso/run2-rdx-2016-mu-e_B_Jpsi_nnp_gt-p_eta_ntracks/effhists-Electron16-up-e_B_Jpsi-Brunel_MC15TuneV1_ProbNNp>0.4-Brunel_P.Brunel_ETA.nTracks-binning_iso.pkl to pkl-run2-rdx_iso/run2-rdx-2016-mu-e_B_Jpsi_nnp_gt-p_eta_ntracks.pkl...
Renaming ./pidcalib_iso/run2-rdx-2016-mu-e_B_Jpsi_nnpnng_gtlt-p_eta_ntracks/effhists-Electron16-up-e_B_Jpsi-Brunel_MC15TuneV1_ProbNNp>0.4&Brunel_MC15TuneV1_ProbNNghost<0.3-Brunel_P.Brunel_ETA.nTracks-binning_iso.pkl to pkl-run2-rdx_iso/run2-rdx-2016-mu-e_B_Jpsi_nnpnng_gtlt-p_eta_ntracks.pkl...
Renaming ./pidcalib_iso/run2-rdx-2016-mu-K_nnk_gt-p_eta_ntracks/effhists-Turbo16-up-K-Brunel_MC15TuneV1_ProbNNk>0.2-Brunel_P.Brunel_ETA.nTracks_Brunel-binning_iso.pkl to pkl-run2-rdx_iso/run2-rdx-2016-mu-K_nnk_gt-p_eta_ntracks.pkl...
Renaming ./pidcalib_iso/run2-rdx-2016-mu-K_nnknng_gt02lt02-p_eta_ntracks/effhists-Turbo16-up-K-Brunel_MC15TuneV1_ProbNNk>0.2&Brunel_MC15TuneV1_ProbNNghost<0.2-Brunel_P.Brunel_ETA.nTracks_Brunel-binning_iso.pkl to pkl-run2-rdx_iso/run2-rdx-2016-mu-K_nnknng_gt02lt02-p_eta_ntracks.pkl...
Renaming ./pidcalib_iso/run2-rdx-2016-mu-K_nnknng_gtlt-p_eta_ntracks/effhists-Turbo16-up-K-Brunel_MC15TuneV1_ProbNNk>0.2&Brunel_MC15TuneV1_ProbNNghost<0.3-Brunel_P.Brunel_ETA.nTracks_Brunel-binning_iso.pkl to pkl-run2-rdx_iso/run2-rdx-2016-mu-K_nnknng_gtlt-p_eta_ntracks.pkl...
Renaming ./pidcalib_iso/run2-rdx-2016-mu-K_nnknng_lt02lt02-p_eta_ntracks/effhists-Turbo16-up-K-Brunel_MC15TuneV1_ProbNNk<0.2&Brunel_MC15TuneV1_ProbNNghost<0.2-Brunel_P.Brunel_ETA.nTracks_Brunel-binning_iso.pkl to pkl-run2-rdx_iso/run2-rdx-2016-mu-K_nnknng_lt02lt02-p_eta_ntracks.pkl...
Renaming ./pidcalib_iso/run2-rdx-2016-mu-K_nnknng_ltlt-p_eta_ntracks/effhists-Turbo16-up-K-Brunel_MC15TuneV1_ProbNNk<0.2&Brunel_MC15TuneV1_ProbNNghost<0.3-Brunel_P.Brunel_ETA.nTracks_Brunel-binning_iso.pkl to pkl-run2-rdx_iso/run2-rdx-2016-mu-K_nnknng_ltlt-p_eta_ntracks.pkl...
Renaming ./pidcalib_iso/run2-rdx-2016-mu-K_nnp_gt-p_eta_ntracks/effhists-Turbo16-up-K-Brunel_MC15TuneV1_ProbNNp>0.4-Brunel_P.Brunel_ETA.nTracks_Brunel-binning_iso.pkl to pkl-run2-rdx_iso/run2-rdx-2016-mu-K_nnp_gt-p_eta_ntracks.pkl...
Renaming ./pidcalib_iso/run2-rdx-2016-mu-K_nnpnng_gtlt-p_eta_ntracks/effhists-Turbo16-up-K-Brunel_MC15TuneV1_ProbNNp>0.4&Brunel_MC15TuneV1_ProbNNghost<0.3-Brunel_P.Brunel_ETA.nTracks_Brunel-binning_iso.pkl to pkl-run2-rdx_iso/run2-rdx-2016-mu-K_nnpnng_gtlt-p_eta_ntracks.pkl...
Renaming ./pidcalib_iso/run2-rdx-2016-mu-Mu_nopt_nnk_gt-p_eta_ntracks/effhists-Turbo16-up-Mu_nopt-Brunel_MC15TuneV1_ProbNNk>0.2-Brunel_P.Brunel_ETA.nTracks_Brunel-binning_iso.pkl to pkl-run2-rdx_iso/run2-rdx-2016-mu-Mu_nopt_nnk_gt-p_eta_ntracks.pkl...
Renaming ./pidcalib_iso/run2-rdx-2016-mu-Mu_nopt_nnknng_gt02lt02-p_eta_ntracks/effhists-Turbo16-up-Mu_nopt-Brunel_MC15TuneV1_ProbNNk>0.2&Brunel_MC15TuneV1_ProbNNghost<0.2-Brunel_P.Brunel_ETA.nTracks_Brunel-binning_iso.pkl to pkl-run2-rdx_iso/run2-rdx-2016-mu-Mu_nopt_nnknng_gt02lt02-p_eta_ntracks.pkl...
Renaming ./pidcalib_iso/run2-rdx-2016-mu-Mu_nopt_nnknng_gtlt-p_eta_ntracks/effhists-Turbo16-up-Mu_nopt-Brunel_MC15TuneV1_ProbNNk>0.2&Brunel_MC15TuneV1_ProbNNghost<0.3-Brunel_P.Brunel_ETA.nTracks_Brunel-binning_iso.pkl to pkl-run2-rdx_iso/run2-rdx-2016-mu-Mu_nopt_nnknng_gtlt-p_eta_ntracks.pkl...
Renaming ./pidcalib_iso/run2-rdx-2016-mu-Mu_nopt_nnknng_lt02lt02-p_eta_ntracks/effhists-Turbo16-up-Mu_nopt-Brunel_MC15TuneV1_ProbNNk<0.2&Brunel_MC15TuneV1_ProbNNghost<0.2-Brunel_P.Brunel_ETA.nTracks_Brunel-binning_iso.pkl to pkl-run2-rdx_iso/run2-rdx-2016-mu-Mu_nopt_nnknng_lt02lt02-p_eta_ntracks.pkl...
Renaming ./pidcalib_iso/run2-rdx-2016-mu-Mu_nopt_nnknng_ltlt-p_eta_ntracks/effhists-Turbo16-up-Mu_nopt-Brunel_MC15TuneV1_ProbNNk<0.2&Brunel_MC15TuneV1_ProbNNghost<0.3-Brunel_P.Brunel_ETA.nTracks_Brunel-binning_iso.pkl to pkl-run2-rdx_iso/run2-rdx-2016-mu-Mu_nopt_nnknng_ltlt-p_eta_ntracks.pkl...
Renaming ./pidcalib_iso/run2-rdx-2016-mu-Mu_nopt_nnp_gt-p_eta_ntracks/effhists-Turbo16-up-Mu_nopt-Brunel_MC15TuneV1_ProbNNp>0.4-Brunel_P.Brunel_ETA.nTracks_Brunel-binning_iso.pkl to pkl-run2-rdx_iso/run2-rdx-2016-mu-Mu_nopt_nnp_gt-p_eta_ntracks.pkl...
Renaming ./pidcalib_iso/run2-rdx-2016-mu-Mu_nopt_nnpnng_gtlt-p_eta_ntracks/effhists-Turbo16-up-Mu_nopt-Brunel_MC15TuneV1_ProbNNp>0.4&Brunel_MC15TuneV1_ProbNNghost<0.3-Brunel_P.Brunel_ETA.nTracks_Brunel-binning_iso.pkl to pkl-run2-rdx_iso/run2-rdx-2016-mu-Mu_nopt_nnpnng_gtlt-p_eta_ntracks.pkl...
Renaming ./pidcalib_iso/run2-rdx-2016-mu-Pi_nnk_gt-p_eta_ntracks/effhists-Turbo16-up-Pi-Brunel_MC15TuneV1_ProbNNk>0.2-Brunel_P.Brunel_ETA.nTracks_Brunel-binning_iso.pkl to pkl-run2-rdx_iso/run2-rdx-2016-mu-Pi_nnk_gt-p_eta_ntracks.pkl...
Renaming ./pidcalib_iso/run2-rdx-2016-mu-Pi_nnknng_gt02lt02-p_eta_ntracks/effhists-Turbo16-up-Pi-Brunel_MC15TuneV1_ProbNNk>0.2&Brunel_MC15TuneV1_ProbNNghost<0.2-Brunel_P.Brunel_ETA.nTracks_Brunel-binning_iso.pkl to pkl-run2-rdx_iso/run2-rdx-2016-mu-Pi_nnknng_gt02lt02-p_eta_ntracks.pkl...
Renaming ./pidcalib_iso/run2-rdx-2016-mu-Pi_nnknng_gtlt-p_eta_ntracks/effhists-Turbo16-up-Pi-Brunel_MC15TuneV1_ProbNNk>0.2&Brunel_MC15TuneV1_ProbNNghost<0.3-Brunel_P.Brunel_ETA.nTracks_Brunel-binning_iso.pkl to pkl-run2-rdx_iso/run2-rdx-2016-mu-Pi_nnknng_gtlt-p_eta_ntracks.pkl...
Renaming ./pidcalib_iso/run2-rdx-2016-mu-Pi_nnknng_lt02lt02-p_eta_ntracks/effhists-Turbo16-up-Pi-Brunel_MC15TuneV1_ProbNNk<0.2&Brunel_MC15TuneV1_ProbNNghost<0.2-Brunel_P.Brunel_ETA.nTracks_Brunel-binning_iso.pkl to pkl-run2-rdx_iso/run2-rdx-2016-mu-Pi_nnknng_lt02lt02-p_eta_ntracks.pkl...
Renaming ./pidcalib_iso/run2-rdx-2016-mu-Pi_nnknng_ltlt-p_eta_ntracks/effhists-Turbo16-up-Pi-Brunel_MC15TuneV1_ProbNNk<0.2&Brunel_MC15TuneV1_ProbNNghost<0.3-Brunel_P.Brunel_ETA.nTracks_Brunel-binning_iso.pkl to pkl-run2-rdx_iso/run2-rdx-2016-mu-Pi_nnknng_ltlt-p_eta_ntracks.pkl...
Renaming ./pidcalib_iso/run2-rdx-2016-mu-Pi_nnp_gt-p_eta_ntracks/effhists-Turbo16-up-Pi-Brunel_MC15TuneV1_ProbNNp>0.4-Brunel_P.Brunel_ETA.nTracks_Brunel-binning_iso.pkl to pkl-run2-rdx_iso/run2-rdx-2016-mu-Pi_nnp_gt-p_eta_ntracks.pkl...
Renaming ./pidcalib_iso/run2-rdx-2016-mu-Pi_nnpnng_gtlt-p_eta_ntracks/effhists-Turbo16-up-Pi-Brunel_MC15TuneV1_ProbNNp>0.4&Brunel_MC15TuneV1_ProbNNghost<0.3-Brunel_P.Brunel_ETA.nTracks_Brunel-binning_iso.pkl to pkl-run2-rdx_iso/run2-rdx-2016-mu-Pi_nnpnng_gtlt-p_eta_ntracks.pkl...
Renaming ./pidcalib_iso/run2-rdx-2016-mu-P_nnk_gt-p_eta_ntracks/effhists-Turbo16-up-P-Brunel_MC15TuneV1_ProbNNk>0.2-Brunel_P.Brunel_ETA.nTracks_Brunel-binning_iso.pkl to pkl-run2-rdx_iso/run2-rdx-2016-mu-P_nnk_gt-p_eta_ntracks.pkl...
Renaming ./pidcalib_iso/run2-rdx-2016-mu-P_nnknng_gt02lt02-p_eta_ntracks/effhists-Turbo16-up-P-Brunel_MC15TuneV1_ProbNNk>0.2&Brunel_MC15TuneV1_ProbNNghost<0.2-Brunel_P.Brunel_ETA.nTracks_Brunel-binning_iso.pkl to pkl-run2-rdx_iso/run2-rdx-2016-mu-P_nnknng_gt02lt02-p_eta_ntracks.pkl...
Renaming ./pidcalib_iso/run2-rdx-2016-mu-P_nnknng_gtlt-p_eta_ntracks/effhists-Turbo16-up-P-Brunel_MC15TuneV1_ProbNNk>0.2&Brunel_MC15TuneV1_ProbNNghost<0.3-Brunel_P.Brunel_ETA.nTracks_Brunel-binning_iso.pkl to pkl-run2-rdx_iso/run2-rdx-2016-mu-P_nnknng_gtlt-p_eta_ntracks.pkl...
Renaming ./pidcalib_iso/run2-rdx-2016-mu-P_nnknng_lt02lt02-p_eta_ntracks/effhists-Turbo16-up-P-Brunel_MC15TuneV1_ProbNNk<0.2&Brunel_MC15TuneV1_ProbNNghost<0.2-Brunel_P.Brunel_ETA.nTracks_Brunel-binning_iso.pkl to pkl-run2-rdx_iso/run2-rdx-2016-mu-P_nnknng_lt02lt02-p_eta_ntracks.pkl...
Renaming ./pidcalib_iso/run2-rdx-2016-mu-P_nnknng_ltlt-p_eta_ntracks/effhists-Turbo16-up-P-Brunel_MC15TuneV1_ProbNNk<0.2&Brunel_MC15TuneV1_ProbNNghost<0.3-Brunel_P.Brunel_ETA.nTracks_Brunel-binning_iso.pkl to pkl-run2-rdx_iso/run2-rdx-2016-mu-P_nnknng_ltlt-p_eta_ntracks.pkl...
Renaming ./pidcalib_iso/run2-rdx-2016-mu-P_nnp_gt-p_eta_ntracks/effhists-Turbo16-up-P-Brunel_MC15TuneV1_ProbNNp>0.4-Brunel_P.Brunel_ETA.nTracks_Brunel-binning_iso.pkl to pkl-run2-rdx_iso/run2-rdx-2016-mu-P_nnp_gt-p_eta_ntracks.pkl...
Renaming ./pidcalib_iso/run2-rdx-2016-mu-P_nnpnng_gtlt-p_eta_ntracks/effhists-Turbo16-up-P-Brunel_MC15TuneV1_ProbNNp>0.4&Brunel_MC15TuneV1_ProbNNghost<0.3-Brunel_P.Brunel_ETA.nTracks_Brunel-binning_iso.pkl to pkl-run2-rdx_iso/run2-rdx-2016-mu-P_nnpnng_gtlt-p_eta_ntracks.pkl...
Renaming ./pidcalib_iso/run2-rdx-2017-md-e_B_Jpsi_nnk_gt-p_eta_ntracks/effhists-Electron17-down-e_B_Jpsi-Brunel_MC15TuneV1_ProbNNk>0.2-Brunel_P.Brunel_ETA.nTracks-binning_iso.pkl to pkl-run2-rdx_iso/run2-rdx-2017-md-e_B_Jpsi_nnk_gt-p_eta_ntracks.pkl...
Renaming ./pidcalib_iso/run2-rdx-2017-md-e_B_Jpsi_nnknng_gt02lt02-p_eta_ntracks/effhists-Electron17-down-e_B_Jpsi-Brunel_MC15TuneV1_ProbNNk>0.2&Brunel_MC15TuneV1_ProbNNghost<0.2-Brunel_P.Brunel_ETA.nTracks-binning_iso.pkl to pkl-run2-rdx_iso/run2-rdx-2017-md-e_B_Jpsi_nnknng_gt02lt02-p_eta_ntracks.pkl...
Renaming ./pidcalib_iso/run2-rdx-2017-md-e_B_Jpsi_nnknng_gtlt-p_eta_ntracks/effhists-Electron17-down-e_B_Jpsi-Brunel_MC15TuneV1_ProbNNk>0.2&Brunel_MC15TuneV1_ProbNNghost<0.3-Brunel_P.Brunel_ETA.nTracks-binning_iso.pkl to pkl-run2-rdx_iso/run2-rdx-2017-md-e_B_Jpsi_nnknng_gtlt-p_eta_ntracks.pkl...
Renaming ./pidcalib_iso/run2-rdx-2017-md-e_B_Jpsi_nnknng_lt02lt02-p_eta_ntracks/effhists-Electron17-down-e_B_Jpsi-Brunel_MC15TuneV1_ProbNNk<0.2&Brunel_MC15TuneV1_ProbNNghost<0.2-Brunel_P.Brunel_ETA.nTracks-binning_iso.pkl to pkl-run2-rdx_iso/run2-rdx-2017-md-e_B_Jpsi_nnknng_lt02lt02-p_eta_ntracks.pkl...
Renaming ./pidcalib_iso/run2-rdx-2017-md-e_B_Jpsi_nnknng_ltlt-p_eta_ntracks/effhists-Electron17-down-e_B_Jpsi-Brunel_MC15TuneV1_ProbNNk<0.2&Brunel_MC15TuneV1_ProbNNghost<0.3-Brunel_P.Brunel_ETA.nTracks-binning_iso.pkl to pkl-run2-rdx_iso/run2-rdx-2017-md-e_B_Jpsi_nnknng_ltlt-p_eta_ntracks.pkl...
Renaming ./pidcalib_iso/run2-rdx-2017-md-e_B_Jpsi_nnp_gt-p_eta_ntracks/effhists-Electron17-down-e_B_Jpsi-Brunel_MC15TuneV1_ProbNNp>0.4-Brunel_P.Brunel_ETA.nTracks-binning_iso.pkl to pkl-run2-rdx_iso/run2-rdx-2017-md-e_B_Jpsi_nnp_gt-p_eta_ntracks.pkl...
Renaming ./pidcalib_iso/run2-rdx-2017-md-e_B_Jpsi_nnpnng_gtlt-p_eta_ntracks/effhists-Electron17-down-e_B_Jpsi-Brunel_MC15TuneV1_ProbNNp>0.4&Brunel_MC15TuneV1_ProbNNghost<0.3-Brunel_P.Brunel_ETA.nTracks-binning_iso.pkl to pkl-run2-rdx_iso/run2-rdx-2017-md-e_B_Jpsi_nnpnng_gtlt-p_eta_ntracks.pkl...
Renaming ./pidcalib_iso/run2-rdx-2017-md-K_nnk_gt-p_eta_ntracks/effhists-Turbo17-down-K-Brunel_MC15TuneV1_ProbNNk>0.2-Brunel_P.Brunel_ETA.nTracks_Brunel-binning_iso.pkl to pkl-run2-rdx_iso/run2-rdx-2017-md-K_nnk_gt-p_eta_ntracks.pkl...
Renaming ./pidcalib_iso/run2-rdx-2017-md-K_nnknng_gt02lt02-p_eta_ntracks/effhists-Turbo17-down-K-Brunel_MC15TuneV1_ProbNNk>0.2&Brunel_MC15TuneV1_ProbNNghost<0.2-Brunel_P.Brunel_ETA.nTracks_Brunel-binning_iso.pkl to pkl-run2-rdx_iso/run2-rdx-2017-md-K_nnknng_gt02lt02-p_eta_ntracks.pkl...
Renaming ./pidcalib_iso/run2-rdx-2017-md-K_nnknng_gtlt-p_eta_ntracks/effhists-Turbo17-down-K-Brunel_MC15TuneV1_ProbNNk>0.2&Brunel_MC15TuneV1_ProbNNghost<0.3-Brunel_P.Brunel_ETA.nTracks_Brunel-binning_iso.pkl to pkl-run2-rdx_iso/run2-rdx-2017-md-K_nnknng_gtlt-p_eta_ntracks.pkl...
Renaming ./pidcalib_iso/run2-rdx-2017-md-K_nnknng_lt02lt02-p_eta_ntracks/effhists-Turbo17-down-K-Brunel_MC15TuneV1_ProbNNk<0.2&Brunel_MC15TuneV1_ProbNNghost<0.2-Brunel_P.Brunel_ETA.nTracks_Brunel-binning_iso.pkl to pkl-run2-rdx_iso/run2-rdx-2017-md-K_nnknng_lt02lt02-p_eta_ntracks.pkl...
Renaming ./pidcalib_iso/run2-rdx-2017-md-K_nnknng_ltlt-p_eta_ntracks/effhists-Turbo17-down-K-Brunel_MC15TuneV1_ProbNNk<0.2&Brunel_MC15TuneV1_ProbNNghost<0.3-Brunel_P.Brunel_ETA.nTracks_Brunel-binning_iso.pkl to pkl-run2-rdx_iso/run2-rdx-2017-md-K_nnknng_ltlt-p_eta_ntracks.pkl...
Renaming ./pidcalib_iso/run2-rdx-2017-md-K_nnp_gt-p_eta_ntracks/effhists-Turbo17-down-K-Brunel_MC15TuneV1_ProbNNp>0.4-Brunel_P.Brunel_ETA.nTracks_Brunel-binning_iso.pkl to pkl-run2-rdx_iso/run2-rdx-2017-md-K_nnp_gt-p_eta_ntracks.pkl...
Renaming ./pidcalib_iso/run2-rdx-2017-md-K_nnpnng_gtlt-p_eta_ntracks/effhists-Turbo17-down-K-Brunel_MC15TuneV1_ProbNNp>0.4&Brunel_MC15TuneV1_ProbNNghost<0.3-Brunel_P.Brunel_ETA.nTracks_Brunel-binning_iso.pkl to pkl-run2-rdx_iso/run2-rdx-2017-md-K_nnpnng_gtlt-p_eta_ntracks.pkl...
Renaming ./pidcalib_iso/run2-rdx-2017-md-Mu_nopt_nnk_gt-p_eta_ntracks/effhists-Turbo17-down-Mu_nopt-Brunel_MC15TuneV1_ProbNNk>0.2-Brunel_P.Brunel_ETA.nTracks_Brunel-binning_iso.pkl to pkl-run2-rdx_iso/run2-rdx-2017-md-Mu_nopt_nnk_gt-p_eta_ntracks.pkl...
Renaming ./pidcalib_iso/run2-rdx-2017-md-Mu_nopt_nnknng_gt02lt02-p_eta_ntracks/effhists-Turbo17-down-Mu_nopt-Brunel_MC15TuneV1_ProbNNk>0.2&Brunel_MC15TuneV1_ProbNNghost<0.2-Brunel_P.Brunel_ETA.nTracks_Brunel-binning_iso.pkl to pkl-run2-rdx_iso/run2-rdx-2017-md-Mu_nopt_nnknng_gt02lt02-p_eta_ntracks.pkl...
Renaming ./pidcalib_iso/run2-rdx-2017-md-Mu_nopt_nnknng_gtlt-p_eta_ntracks/effhists-Turbo17-down-Mu_nopt-Brunel_MC15TuneV1_ProbNNk>0.2&Brunel_MC15TuneV1_ProbNNghost<0.3-Brunel_P.Brunel_ETA.nTracks_Brunel-binning_iso.pkl to pkl-run2-rdx_iso/run2-rdx-2017-md-Mu_nopt_nnknng_gtlt-p_eta_ntracks.pkl...
Renaming ./pidcalib_iso/run2-rdx-2017-md-Mu_nopt_nnknng_lt02lt02-p_eta_ntracks/effhists-Turbo17-down-Mu_nopt-Brunel_MC15TuneV1_ProbNNk<0.2&Brunel_MC15TuneV1_ProbNNghost<0.2-Brunel_P.Brunel_ETA.nTracks_Brunel-binning_iso.pkl to pkl-run2-rdx_iso/run2-rdx-2017-md-Mu_nopt_nnknng_lt02lt02-p_eta_ntracks.pkl...
Renaming ./pidcalib_iso/run2-rdx-2017-md-Mu_nopt_nnknng_ltlt-p_eta_ntracks/effhists-Turbo17-down-Mu_nopt-Brunel_MC15TuneV1_ProbNNk<0.2&Brunel_MC15TuneV1_ProbNNghost<0.3-Brunel_P.Brunel_ETA.nTracks_Brunel-binning_iso.pkl to pkl-run2-rdx_iso/run2-rdx-2017-md-Mu_nopt_nnknng_ltlt-p_eta_ntracks.pkl...
Renaming ./pidcalib_iso/run2-rdx-2017-md-Mu_nopt_nnp_gt-p_eta_ntracks/effhists-Turbo17-down-Mu_nopt-Brunel_MC15TuneV1_ProbNNp>0.4-Brunel_P.Brunel_ETA.nTracks_Brunel-binning_iso.pkl to pkl-run2-rdx_iso/run2-rdx-2017-md-Mu_nopt_nnp_gt-p_eta_ntracks.pkl...
Renaming ./pidcalib_iso/run2-rdx-2017-md-Mu_nopt_nnpnng_gtlt-p_eta_ntracks/effhists-Turbo17-down-Mu_nopt-Brunel_MC15TuneV1_ProbNNp>0.4&Brunel_MC15TuneV1_ProbNNghost<0.3-Brunel_P.Brunel_ETA.nTracks_Brunel-binning_iso.pkl to pkl-run2-rdx_iso/run2-rdx-2017-md-Mu_nopt_nnpnng_gtlt-p_eta_ntracks.pkl...
Renaming ./pidcalib_iso/run2-rdx-2017-md-Pi_nnk_gt-p_eta_ntracks/effhists-Turbo17-down-Pi-Brunel_MC15TuneV1_ProbNNk>0.2-Brunel_P.Brunel_ETA.nTracks_Brunel-binning_iso.pkl to pkl-run2-rdx_iso/run2-rdx-2017-md-Pi_nnk_gt-p_eta_ntracks.pkl...
Renaming ./pidcalib_iso/run2-rdx-2017-md-Pi_nnknng_gt02lt02-p_eta_ntracks/effhists-Turbo17-down-Pi-Brunel_MC15TuneV1_ProbNNk>0.2&Brunel_MC15TuneV1_ProbNNghost<0.2-Brunel_P.Brunel_ETA.nTracks_Brunel-binning_iso.pkl to pkl-run2-rdx_iso/run2-rdx-2017-md-Pi_nnknng_gt02lt02-p_eta_ntracks.pkl...
Renaming ./pidcalib_iso/run2-rdx-2017-md-Pi_nnknng_gtlt-p_eta_ntracks/effhists-Turbo17-down-Pi-Brunel_MC15TuneV1_ProbNNk>0.2&Brunel_MC15TuneV1_ProbNNghost<0.3-Brunel_P.Brunel_ETA.nTracks_Brunel-binning_iso.pkl to pkl-run2-rdx_iso/run2-rdx-2017-md-Pi_nnknng_gtlt-p_eta_ntracks.pkl...
Renaming ./pidcalib_iso/run2-rdx-2017-md-Pi_nnknng_lt02lt02-p_eta_ntracks/effhists-Turbo17-down-Pi-Brunel_MC15TuneV1_ProbNNk<0.2&Brunel_MC15TuneV1_ProbNNghost<0.2-Brunel_P.Brunel_ETA.nTracks_Brunel-binning_iso.pkl to pkl-run2-rdx_iso/run2-rdx-2017-md-Pi_nnknng_lt02lt02-p_eta_ntracks.pkl...
Renaming ./pidcalib_iso/run2-rdx-2017-md-Pi_nnknng_ltlt-p_eta_ntracks/effhists-Turbo17-down-Pi-Brunel_MC15TuneV1_ProbNNk<0.2&Brunel_MC15TuneV1_ProbNNghost<0.3-Brunel_P.Brunel_ETA.nTracks_Brunel-binning_iso.pkl to pkl-run2-rdx_iso/run2-rdx-2017-md-Pi_nnknng_ltlt-p_eta_ntracks.pkl...
Renaming ./pidcalib_iso/run2-rdx-2017-md-Pi_nnp_gt-p_eta_ntracks/effhists-Turbo17-down-Pi-Brunel_MC15TuneV1_ProbNNp>0.4-Brunel_P.Brunel_ETA.nTracks_Brunel-binning_iso.pkl to pkl-run2-rdx_iso/run2-rdx-2017-md-Pi_nnp_gt-p_eta_ntracks.pkl...
Renaming ./pidcalib_iso/run2-rdx-2017-md-Pi_nnpnng_gtlt-p_eta_ntracks/effhists-Turbo17-down-Pi-Brunel_MC15TuneV1_ProbNNp>0.4&Brunel_MC15TuneV1_ProbNNghost<0.3-Brunel_P.Brunel_ETA.nTracks_Brunel-binning_iso.pkl to pkl-run2-rdx_iso/run2-rdx-2017-md-Pi_nnpnng_gtlt-p_eta_ntracks.pkl...
Renaming ./pidcalib_iso/run2-rdx-2017-md-P_nnk_gt-p_eta_ntracks/effhists-Turbo17-down-P-Brunel_MC15TuneV1_ProbNNk>0.2-Brunel_P.Brunel_ETA.nTracks_Brunel-binning_iso.pkl to pkl-run2-rdx_iso/run2-rdx-2017-md-P_nnk_gt-p_eta_ntracks.pkl...
Renaming ./pidcalib_iso/run2-rdx-2017-md-P_nnknng_gt02lt02-p_eta_ntracks/effhists-Turbo17-down-P-Brunel_MC15TuneV1_ProbNNk>0.2&Brunel_MC15TuneV1_ProbNNghost<0.2-Brunel_P.Brunel_ETA.nTracks_Brunel-binning_iso.pkl to pkl-run2-rdx_iso/run2-rdx-2017-md-P_nnknng_gt02lt02-p_eta_ntracks.pkl...
Renaming ./pidcalib_iso/run2-rdx-2017-md-P_nnknng_gtlt-p_eta_ntracks/effhists-Turbo17-down-P-Brunel_MC15TuneV1_ProbNNk>0.2&Brunel_MC15TuneV1_ProbNNghost<0.3-Brunel_P.Brunel_ETA.nTracks_Brunel-binning_iso.pkl to pkl-run2-rdx_iso/run2-rdx-2017-md-P_nnknng_gtlt-p_eta_ntracks.pkl...
Renaming ./pidcalib_iso/run2-rdx-2017-md-P_nnknng_lt02lt02-p_eta_ntracks/effhists-Turbo17-down-P-Brunel_MC15TuneV1_ProbNNk<0.2&Brunel_MC15TuneV1_ProbNNghost<0.2-Brunel_P.Brunel_ETA.nTracks_Brunel-binning_iso.pkl to pkl-run2-rdx_iso/run2-rdx-2017-md-P_nnknng_lt02lt02-p_eta_ntracks.pkl...
Renaming ./pidcalib_iso/run2-rdx-2017-md-P_nnknng_ltlt-p_eta_ntracks/effhists-Turbo17-down-P-Brunel_MC15TuneV1_ProbNNk<0.2&Brunel_MC15TuneV1_ProbNNghost<0.3-Brunel_P.Brunel_ETA.nTracks_Brunel-binning_iso.pkl to pkl-run2-rdx_iso/run2-rdx-2017-md-P_nnknng_ltlt-p_eta_ntracks.pkl...
Renaming ./pidcalib_iso/run2-rdx-2017-md-P_nnp_gt-p_eta_ntracks/effhists-Turbo17-down-P-Brunel_MC15TuneV1_ProbNNp>0.4-Brunel_P.Brunel_ETA.nTracks_Brunel-binning_iso.pkl to pkl-run2-rdx_iso/run2-rdx-2017-md-P_nnp_gt-p_eta_ntracks.pkl...
Renaming ./pidcalib_iso/run2-rdx-2017-md-P_nnpnng_gtlt-p_eta_ntracks/effhists-Turbo17-down-P-Brunel_MC15TuneV1_ProbNNp>0.4&Brunel_MC15TuneV1_ProbNNghost<0.3-Brunel_P.Brunel_ETA.nTracks_Brunel-binning_iso.pkl to pkl-run2-rdx_iso/run2-rdx-2017-md-P_nnpnng_gtlt-p_eta_ntracks.pkl...
Renaming ./pidcalib_iso/run2-rdx-2017-mu-e_B_Jpsi_nnk_gt-p_eta_ntracks/effhists-Electron17-up-e_B_Jpsi-Brunel_MC15TuneV1_ProbNNk>0.2-Brunel_P.Brunel_ETA.nTracks-binning_iso.pkl to pkl-run2-rdx_iso/run2-rdx-2017-mu-e_B_Jpsi_nnk_gt-p_eta_ntracks.pkl...
Renaming ./pidcalib_iso/run2-rdx-2017-mu-e_B_Jpsi_nnknng_gt02lt02-p_eta_ntracks/effhists-Electron17-up-e_B_Jpsi-Brunel_MC15TuneV1_ProbNNk>0.2&Brunel_MC15TuneV1_ProbNNghost<0.2-Brunel_P.Brunel_ETA.nTracks-binning_iso.pkl to pkl-run2-rdx_iso/run2-rdx-2017-mu-e_B_Jpsi_nnknng_gt02lt02-p_eta_ntracks.pkl...
Renaming ./pidcalib_iso/run2-rdx-2017-mu-e_B_Jpsi_nnknng_gtlt-p_eta_ntracks/effhists-Electron17-up-e_B_Jpsi-Brunel_MC15TuneV1_ProbNNk>0.2&Brunel_MC15TuneV1_ProbNNghost<0.3-Brunel_P.Brunel_ETA.nTracks-binning_iso.pkl to pkl-run2-rdx_iso/run2-rdx-2017-mu-e_B_Jpsi_nnknng_gtlt-p_eta_ntracks.pkl...
Renaming ./pidcalib_iso/run2-rdx-2017-mu-e_B_Jpsi_nnknng_lt02lt02-p_eta_ntracks/effhists-Electron17-up-e_B_Jpsi-Brunel_MC15TuneV1_ProbNNk<0.2&Brunel_MC15TuneV1_ProbNNghost<0.2-Brunel_P.Brunel_ETA.nTracks-binning_iso.pkl to pkl-run2-rdx_iso/run2-rdx-2017-mu-e_B_Jpsi_nnknng_lt02lt02-p_eta_ntracks.pkl...
Renaming ./pidcalib_iso/run2-rdx-2017-mu-e_B_Jpsi_nnknng_ltlt-p_eta_ntracks/effhists-Electron17-up-e_B_Jpsi-Brunel_MC15TuneV1_ProbNNk<0.2&Brunel_MC15TuneV1_ProbNNghost<0.3-Brunel_P.Brunel_ETA.nTracks-binning_iso.pkl to pkl-run2-rdx_iso/run2-rdx-2017-mu-e_B_Jpsi_nnknng_ltlt-p_eta_ntracks.pkl...
Renaming ./pidcalib_iso/run2-rdx-2017-mu-e_B_Jpsi_nnp_gt-p_eta_ntracks/effhists-Electron17-up-e_B_Jpsi-Brunel_MC15TuneV1_ProbNNp>0.4-Brunel_P.Brunel_ETA.nTracks-binning_iso.pkl to pkl-run2-rdx_iso/run2-rdx-2017-mu-e_B_Jpsi_nnp_gt-p_eta_ntracks.pkl...
Renaming ./pidcalib_iso/run2-rdx-2017-mu-e_B_Jpsi_nnpnng_gtlt-p_eta_ntracks/effhists-Electron17-up-e_B_Jpsi-Brunel_MC15TuneV1_ProbNNp>0.4&Brunel_MC15TuneV1_ProbNNghost<0.3-Brunel_P.Brunel_ETA.nTracks-binning_iso.pkl to pkl-run2-rdx_iso/run2-rdx-2017-mu-e_B_Jpsi_nnpnng_gtlt-p_eta_ntracks.pkl...
Renaming ./pidcalib_iso/run2-rdx-2017-mu-K_nnk_gt-p_eta_ntracks/effhists-Turbo17-up-K-Brunel_MC15TuneV1_ProbNNk>0.2-Brunel_P.Brunel_ETA.nTracks_Brunel-binning_iso.pkl to pkl-run2-rdx_iso/run2-rdx-2017-mu-K_nnk_gt-p_eta_ntracks.pkl...
Renaming ./pidcalib_iso/run2-rdx-2017-mu-K_nnknng_gt02lt02-p_eta_ntracks/effhists-Turbo17-up-K-Brunel_MC15TuneV1_ProbNNk>0.2&Brunel_MC15TuneV1_ProbNNghost<0.2-Brunel_P.Brunel_ETA.nTracks_Brunel-binning_iso.pkl to pkl-run2-rdx_iso/run2-rdx-2017-mu-K_nnknng_gt02lt02-p_eta_ntracks.pkl...
Renaming ./pidcalib_iso/run2-rdx-2017-mu-K_nnknng_gtlt-p_eta_ntracks/effhists-Turbo17-up-K-Brunel_MC15TuneV1_ProbNNk>0.2&Brunel_MC15TuneV1_ProbNNghost<0.3-Brunel_P.Brunel_ETA.nTracks_Brunel-binning_iso.pkl to pkl-run2-rdx_iso/run2-rdx-2017-mu-K_nnknng_gtlt-p_eta_ntracks.pkl...
Renaming ./pidcalib_iso/run2-rdx-2017-mu-K_nnknng_lt02lt02-p_eta_ntracks/effhists-Turbo17-up-K-Brunel_MC15TuneV1_ProbNNk<0.2&Brunel_MC15TuneV1_ProbNNghost<0.2-Brunel_P.Brunel_ETA.nTracks_Brunel-binning_iso.pkl to pkl-run2-rdx_iso/run2-rdx-2017-mu-K_nnknng_lt02lt02-p_eta_ntracks.pkl...
Renaming ./pidcalib_iso/run2-rdx-2017-mu-K_nnknng_ltlt-p_eta_ntracks/effhists-Turbo17-up-K-Brunel_MC15TuneV1_ProbNNk<0.2&Brunel_MC15TuneV1_ProbNNghost<0.3-Brunel_P.Brunel_ETA.nTracks_Brunel-binning_iso.pkl to pkl-run2-rdx_iso/run2-rdx-2017-mu-K_nnknng_ltlt-p_eta_ntracks.pkl...
Renaming ./pidcalib_iso/run2-rdx-2017-mu-K_nnp_gt-p_eta_ntracks/effhists-Turbo17-up-K-Brunel_MC15TuneV1_ProbNNp>0.4-Brunel_P.Brunel_ETA.nTracks_Brunel-binning_iso.pkl to pkl-run2-rdx_iso/run2-rdx-2017-mu-K_nnp_gt-p_eta_ntracks.pkl...
Renaming ./pidcalib_iso/run2-rdx-2017-mu-K_nnpnng_gtlt-p_eta_ntracks/effhists-Turbo17-up-K-Brunel_MC15TuneV1_ProbNNp>0.4&Brunel_MC15TuneV1_ProbNNghost<0.3-Brunel_P.Brunel_ETA.nTracks_Brunel-binning_iso.pkl to pkl-run2-rdx_iso/run2-rdx-2017-mu-K_nnpnng_gtlt-p_eta_ntracks.pkl...
Renaming ./pidcalib_iso/run2-rdx-2017-mu-Mu_nopt_nnk_gt-p_eta_ntracks/effhists-Turbo17-up-Mu_nopt-Brunel_MC15TuneV1_ProbNNk>0.2-Brunel_P.Brunel_ETA.nTracks_Brunel-binning_iso.pkl to pkl-run2-rdx_iso/run2-rdx-2017-mu-Mu_nopt_nnk_gt-p_eta_ntracks.pkl...
Renaming ./pidcalib_iso/run2-rdx-2017-mu-Mu_nopt_nnknng_gt02lt02-p_eta_ntracks/effhists-Turbo17-up-Mu_nopt-Brunel_MC15TuneV1_ProbNNk>0.2&Brunel_MC15TuneV1_ProbNNghost<0.2-Brunel_P.Brunel_ETA.nTracks_Brunel-binning_iso.pkl to pkl-run2-rdx_iso/run2-rdx-2017-mu-Mu_nopt_nnknng_gt02lt02-p_eta_ntracks.pkl...
Renaming ./pidcalib_iso/run2-rdx-2017-mu-Mu_nopt_nnknng_gtlt-p_eta_ntracks/effhists-Turbo17-up-Mu_nopt-Brunel_MC15TuneV1_ProbNNk>0.2&Brunel_MC15TuneV1_ProbNNghost<0.3-Brunel_P.Brunel_ETA.nTracks_Brunel-binning_iso.pkl to pkl-run2-rdx_iso/run2-rdx-2017-mu-Mu_nopt_nnknng_gtlt-p_eta_ntracks.pkl...
Renaming ./pidcalib_iso/run2-rdx-2017-mu-Mu_nopt_nnknng_lt02lt02-p_eta_ntracks/effhists-Turbo17-up-Mu_nopt-Brunel_MC15TuneV1_ProbNNk<0.2&Brunel_MC15TuneV1_ProbNNghost<0.2-Brunel_P.Brunel_ETA.nTracks_Brunel-binning_iso.pkl to pkl-run2-rdx_iso/run2-rdx-2017-mu-Mu_nopt_nnknng_lt02lt02-p_eta_ntracks.pkl...
Renaming ./pidcalib_iso/run2-rdx-2017-mu-Mu_nopt_nnknng_ltlt-p_eta_ntracks/effhists-Turbo17-up-Mu_nopt-Brunel_MC15TuneV1_ProbNNk<0.2&Brunel_MC15TuneV1_ProbNNghost<0.3-Brunel_P.Brunel_ETA.nTracks_Brunel-binning_iso.pkl to pkl-run2-rdx_iso/run2-rdx-2017-mu-Mu_nopt_nnknng_ltlt-p_eta_ntracks.pkl...
Renaming ./pidcalib_iso/run2-rdx-2017-mu-Mu_nopt_nnp_gt-p_eta_ntracks/effhists-Turbo17-up-Mu_nopt-Brunel_MC15TuneV1_ProbNNp>0.4-Brunel_P.Brunel_ETA.nTracks_Brunel-binning_iso.pkl to pkl-run2-rdx_iso/run2-rdx-2017-mu-Mu_nopt_nnp_gt-p_eta_ntracks.pkl...
Renaming ./pidcalib_iso/run2-rdx-2017-mu-Mu_nopt_nnpnng_gtlt-p_eta_ntracks/effhists-Turbo17-up-Mu_nopt-Brunel_MC15TuneV1_ProbNNp>0.4&Brunel_MC15TuneV1_ProbNNghost<0.3-Brunel_P.Brunel_ETA.nTracks_Brunel-binning_iso.pkl to pkl-run2-rdx_iso/run2-rdx-2017-mu-Mu_nopt_nnpnng_gtlt-p_eta_ntracks.pkl...
Renaming ./pidcalib_iso/run2-rdx-2017-mu-Pi_nnk_gt-p_eta_ntracks/effhists-Turbo17-up-Pi-Brunel_MC15TuneV1_ProbNNk>0.2-Brunel_P.Brunel_ETA.nTracks_Brunel-binning_iso.pkl to pkl-run2-rdx_iso/run2-rdx-2017-mu-Pi_nnk_gt-p_eta_ntracks.pkl...
Renaming ./pidcalib_iso/run2-rdx-2017-mu-Pi_nnknng_gt02lt02-p_eta_ntracks/effhists-Turbo17-up-Pi-Brunel_MC15TuneV1_ProbNNk>0.2&Brunel_MC15TuneV1_ProbNNghost<0.2-Brunel_P.Brunel_ETA.nTracks_Brunel-binning_iso.pkl to pkl-run2-rdx_iso/run2-rdx-2017-mu-Pi_nnknng_gt02lt02-p_eta_ntracks.pkl...
Renaming ./pidcalib_iso/run2-rdx-2017-mu-Pi_nnknng_gtlt-p_eta_ntracks/effhists-Turbo17-up-Pi-Brunel_MC15TuneV1_ProbNNk>0.2&Brunel_MC15TuneV1_ProbNNghost<0.3-Brunel_P.Brunel_ETA.nTracks_Brunel-binning_iso.pkl to pkl-run2-rdx_iso/run2-rdx-2017-mu-Pi_nnknng_gtlt-p_eta_ntracks.pkl...
Renaming ./pidcalib_iso/run2-rdx-2017-mu-Pi_nnknng_lt02lt02-p_eta_ntracks/effhists-Turbo17-up-Pi-Brunel_MC15TuneV1_ProbNNk<0.2&Brunel_MC15TuneV1_ProbNNghost<0.2-Brunel_P.Brunel_ETA.nTracks_Brunel-binning_iso.pkl to pkl-run2-rdx_iso/run2-rdx-2017-mu-Pi_nnknng_lt02lt02-p_eta_ntracks.pkl...
Renaming ./pidcalib_iso/run2-rdx-2017-mu-Pi_nnknng_ltlt-p_eta_ntracks/effhists-Turbo17-up-Pi-Brunel_MC15TuneV1_ProbNNk<0.2&Brunel_MC15TuneV1_ProbNNghost<0.3-Brunel_P.Brunel_ETA.nTracks_Brunel-binning_iso.pkl to pkl-run2-rdx_iso/run2-rdx-2017-mu-Pi_nnknng_ltlt-p_eta_ntracks.pkl...
Renaming ./pidcalib_iso/run2-rdx-2017-mu-Pi_nnp_gt-p_eta_ntracks/effhists-Turbo17-up-Pi-Brunel_MC15TuneV1_ProbNNp>0.4-Brunel_P.Brunel_ETA.nTracks_Brunel-binning_iso.pkl to pkl-run2-rdx_iso/run2-rdx-2017-mu-Pi_nnp_gt-p_eta_ntracks.pkl...
Renaming ./pidcalib_iso/run2-rdx-2017-mu-Pi_nnpnng_gtlt-p_eta_ntracks/effhists-Turbo17-up-Pi-Brunel_MC15TuneV1_ProbNNp>0.4&Brunel_MC15TuneV1_ProbNNghost<0.3-Brunel_P.Brunel_ETA.nTracks_Brunel-binning_iso.pkl to pkl-run2-rdx_iso/run2-rdx-2017-mu-Pi_nnpnng_gtlt-p_eta_ntracks.pkl...
Renaming ./pidcalib_iso/run2-rdx-2017-mu-P_nnk_gt-p_eta_ntracks/effhists-Turbo17-up-P-Brunel_MC15TuneV1_ProbNNk>0.2-Brunel_P.Brunel_ETA.nTracks_Brunel-binning_iso.pkl to pkl-run2-rdx_iso/run2-rdx-2017-mu-P_nnk_gt-p_eta_ntracks.pkl...
Renaming ./pidcalib_iso/run2-rdx-2017-mu-P_nnknng_gt02lt02-p_eta_ntracks/effhists-Turbo17-up-P-Brunel_MC15TuneV1_ProbNNk>0.2&Brunel_MC15TuneV1_ProbNNghost<0.2-Brunel_P.Brunel_ETA.nTracks_Brunel-binning_iso.pkl to pkl-run2-rdx_iso/run2-rdx-2017-mu-P_nnknng_gt02lt02-p_eta_ntracks.pkl...
Renaming ./pidcalib_iso/run2-rdx-2017-mu-P_nnknng_gtlt-p_eta_ntracks/effhists-Turbo17-up-P-Brunel_MC15TuneV1_ProbNNk>0.2&Brunel_MC15TuneV1_ProbNNghost<0.3-Brunel_P.Brunel_ETA.nTracks_Brunel-binning_iso.pkl to pkl-run2-rdx_iso/run2-rdx-2017-mu-P_nnknng_gtlt-p_eta_ntracks.pkl...
Renaming ./pidcalib_iso/run2-rdx-2017-mu-P_nnknng_lt02lt02-p_eta_ntracks/effhists-Turbo17-up-P-Brunel_MC15TuneV1_ProbNNk<0.2&Brunel_MC15TuneV1_ProbNNghost<0.2-Brunel_P.Brunel_ETA.nTracks_Brunel-binning_iso.pkl to pkl-run2-rdx_iso/run2-rdx-2017-mu-P_nnknng_lt02lt02-p_eta_ntracks.pkl...
Renaming ./pidcalib_iso/run2-rdx-2017-mu-P_nnknng_ltlt-p_eta_ntracks/effhists-Turbo17-up-P-Brunel_MC15TuneV1_ProbNNk<0.2&Brunel_MC15TuneV1_ProbNNghost<0.3-Brunel_P.Brunel_ETA.nTracks_Brunel-binning_iso.pkl to pkl-run2-rdx_iso/run2-rdx-2017-mu-P_nnknng_ltlt-p_eta_ntracks.pkl...
Renaming ./pidcalib_iso/run2-rdx-2017-mu-P_nnp_gt-p_eta_ntracks/effhists-Turbo17-up-P-Brunel_MC15TuneV1_ProbNNp>0.4-Brunel_P.Brunel_ETA.nTracks_Brunel-binning_iso.pkl to pkl-run2-rdx_iso/run2-rdx-2017-mu-P_nnp_gt-p_eta_ntracks.pkl...
Renaming ./pidcalib_iso/run2-rdx-2017-mu-P_nnpnng_gtlt-p_eta_ntracks/effhists-Turbo17-up-P-Brunel_MC15TuneV1_ProbNNp>0.4&Brunel_MC15TuneV1_ProbNNghost<0.3-Brunel_P.Brunel_ETA.nTracks_Brunel-binning_iso.pkl to pkl-run2-rdx_iso/run2-rdx-2017-mu-P_nnpnng_gtlt-p_eta_ntracks.pkl...
Renaming ./pidcalib_iso/run2-rdx-2018-md-e_B_Jpsi_nnk_gt-p_eta_ntracks/effhists-Electron18-down-e_B_Jpsi-Brunel_MC15TuneV1_ProbNNk>0.2-Brunel_P.Brunel_ETA.nTracks-binning_iso.pkl to pkl-run2-rdx_iso/run2-rdx-2018-md-e_B_Jpsi_nnk_gt-p_eta_ntracks.pkl...
Renaming ./pidcalib_iso/run2-rdx-2018-md-e_B_Jpsi_nnknng_gt02lt02-p_eta_ntracks/effhists-Electron18-down-e_B_Jpsi-Brunel_MC15TuneV1_ProbNNk>0.2&Brunel_MC15TuneV1_ProbNNghost<0.2-Brunel_P.Brunel_ETA.nTracks-binning_iso.pkl to pkl-run2-rdx_iso/run2-rdx-2018-md-e_B_Jpsi_nnknng_gt02lt02-p_eta_ntracks.pkl...
Renaming ./pidcalib_iso/run2-rdx-2018-md-e_B_Jpsi_nnknng_gtlt-p_eta_ntracks/effhists-Electron18-down-e_B_Jpsi-Brunel_MC15TuneV1_ProbNNk>0.2&Brunel_MC15TuneV1_ProbNNghost<0.3-Brunel_P.Brunel_ETA.nTracks-binning_iso.pkl to pkl-run2-rdx_iso/run2-rdx-2018-md-e_B_Jpsi_nnknng_gtlt-p_eta_ntracks.pkl...
Renaming ./pidcalib_iso/run2-rdx-2018-md-e_B_Jpsi_nnknng_lt02lt02-p_eta_ntracks/effhists-Electron18-down-e_B_Jpsi-Brunel_MC15TuneV1_ProbNNk<0.2&Brunel_MC15TuneV1_ProbNNghost<0.2-Brunel_P.Brunel_ETA.nTracks-binning_iso.pkl to pkl-run2-rdx_iso/run2-rdx-2018-md-e_B_Jpsi_nnknng_lt02lt02-p_eta_ntracks.pkl...
Renaming ./pidcalib_iso/run2-rdx-2018-md-e_B_Jpsi_nnknng_ltlt-p_eta_ntracks/effhists-Electron18-down-e_B_Jpsi-Brunel_MC15TuneV1_ProbNNk<0.2&Brunel_MC15TuneV1_ProbNNghost<0.3-Brunel_P.Brunel_ETA.nTracks-binning_iso.pkl to pkl-run2-rdx_iso/run2-rdx-2018-md-e_B_Jpsi_nnknng_ltlt-p_eta_ntracks.pkl...
Renaming ./pidcalib_iso/run2-rdx-2018-md-e_B_Jpsi_nnp_gt-p_eta_ntracks/effhists-Electron18-down-e_B_Jpsi-Brunel_MC15TuneV1_ProbNNp>0.4-Brunel_P.Brunel_ETA.nTracks-binning_iso.pkl to pkl-run2-rdx_iso/run2-rdx-2018-md-e_B_Jpsi_nnp_gt-p_eta_ntracks.pkl...
Renaming ./pidcalib_iso/run2-rdx-2018-md-e_B_Jpsi_nnpnng_gtlt-p_eta_ntracks/effhists-Electron18-down-e_B_Jpsi-Brunel_MC15TuneV1_ProbNNp>0.4&Brunel_MC15TuneV1_ProbNNghost<0.3-Brunel_P.Brunel_ETA.nTracks-binning_iso.pkl to pkl-run2-rdx_iso/run2-rdx-2018-md-e_B_Jpsi_nnpnng_gtlt-p_eta_ntracks.pkl...
Renaming ./pidcalib_iso/run2-rdx-2018-md-K_nnk_gt-p_eta_ntracks/effhists-Turbo18-down-K-Brunel_MC15TuneV1_ProbNNk>0.2-Brunel_P.Brunel_ETA.nTracks_Brunel-binning_iso.pkl to pkl-run2-rdx_iso/run2-rdx-2018-md-K_nnk_gt-p_eta_ntracks.pkl...
Renaming ./pidcalib_iso/run2-rdx-2018-md-K_nnknng_gt02lt02-p_eta_ntracks/effhists-Turbo18-down-K-Brunel_MC15TuneV1_ProbNNk>0.2&Brunel_MC15TuneV1_ProbNNghost<0.2-Brunel_P.Brunel_ETA.nTracks_Brunel-binning_iso.pkl to pkl-run2-rdx_iso/run2-rdx-2018-md-K_nnknng_gt02lt02-p_eta_ntracks.pkl...
Renaming ./pidcalib_iso/run2-rdx-2018-md-K_nnknng_gtlt-p_eta_ntracks/effhists-Turbo18-down-K-Brunel_MC15TuneV1_ProbNNk>0.2&Brunel_MC15TuneV1_ProbNNghost<0.3-Brunel_P.Brunel_ETA.nTracks_Brunel-binning_iso.pkl to pkl-run2-rdx_iso/run2-rdx-2018-md-K_nnknng_gtlt-p_eta_ntracks.pkl...
Renaming ./pidcalib_iso/run2-rdx-2018-md-K_nnknng_lt02lt02-p_eta_ntracks/effhists-Turbo18-down-K-Brunel_MC15TuneV1_ProbNNk<0.2&Brunel_MC15TuneV1_ProbNNghost<0.2-Brunel_P.Brunel_ETA.nTracks_Brunel-binning_iso.pkl to pkl-run2-rdx_iso/run2-rdx-2018-md-K_nnknng_lt02lt02-p_eta_ntracks.pkl...
Renaming ./pidcalib_iso/run2-rdx-2018-md-K_nnknng_ltlt-p_eta_ntracks/effhists-Turbo18-down-K-Brunel_MC15TuneV1_ProbNNk<0.2&Brunel_MC15TuneV1_ProbNNghost<0.3-Brunel_P.Brunel_ETA.nTracks_Brunel-binning_iso.pkl to pkl-run2-rdx_iso/run2-rdx-2018-md-K_nnknng_ltlt-p_eta_ntracks.pkl...
Renaming ./pidcalib_iso/run2-rdx-2018-md-K_nnp_gt-p_eta_ntracks/effhists-Turbo18-down-K-Brunel_MC15TuneV1_ProbNNp>0.4-Brunel_P.Brunel_ETA.nTracks_Brunel-binning_iso.pkl to pkl-run2-rdx_iso/run2-rdx-2018-md-K_nnp_gt-p_eta_ntracks.pkl...
Renaming ./pidcalib_iso/run2-rdx-2018-md-K_nnpnng_gtlt-p_eta_ntracks/effhists-Turbo18-down-K-Brunel_MC15TuneV1_ProbNNp>0.4&Brunel_MC15TuneV1_ProbNNghost<0.3-Brunel_P.Brunel_ETA.nTracks_Brunel-binning_iso.pkl to pkl-run2-rdx_iso/run2-rdx-2018-md-K_nnpnng_gtlt-p_eta_ntracks.pkl...
Renaming ./pidcalib_iso/run2-rdx-2018-md-Mu_nopt_nnk_gt-p_eta_ntracks/effhists-Turbo18-down-Mu_nopt-Brunel_MC15TuneV1_ProbNNk>0.2-Brunel_P.Brunel_ETA.nTracks_Brunel-binning_iso.pkl to pkl-run2-rdx_iso/run2-rdx-2018-md-Mu_nopt_nnk_gt-p_eta_ntracks.pkl...
Renaming ./pidcalib_iso/run2-rdx-2018-md-Mu_nopt_nnknng_gt02lt02-p_eta_ntracks/effhists-Turbo18-down-Mu_nopt-Brunel_MC15TuneV1_ProbNNk>0.2&Brunel_MC15TuneV1_ProbNNghost<0.2-Brunel_P.Brunel_ETA.nTracks_Brunel-binning_iso.pkl to pkl-run2-rdx_iso/run2-rdx-2018-md-Mu_nopt_nnknng_gt02lt02-p_eta_ntracks.pkl...
Renaming ./pidcalib_iso/run2-rdx-2018-md-Mu_nopt_nnknng_gtlt-p_eta_ntracks/effhists-Turbo18-down-Mu_nopt-Brunel_MC15TuneV1_ProbNNk>0.2&Brunel_MC15TuneV1_ProbNNghost<0.3-Brunel_P.Brunel_ETA.nTracks_Brunel-binning_iso.pkl to pkl-run2-rdx_iso/run2-rdx-2018-md-Mu_nopt_nnknng_gtlt-p_eta_ntracks.pkl...
Renaming ./pidcalib_iso/run2-rdx-2018-md-Mu_nopt_nnknng_lt02lt02-p_eta_ntracks/effhists-Turbo18-down-Mu_nopt-Brunel_MC15TuneV1_ProbNNk<0.2&Brunel_MC15TuneV1_ProbNNghost<0.2-Brunel_P.Brunel_ETA.nTracks_Brunel-binning_iso.pkl to pkl-run2-rdx_iso/run2-rdx-2018-md-Mu_nopt_nnknng_lt02lt02-p_eta_ntracks.pkl...
Renaming ./pidcalib_iso/run2-rdx-2018-md-Mu_nopt_nnknng_ltlt-p_eta_ntracks/effhists-Turbo18-down-Mu_nopt-Brunel_MC15TuneV1_ProbNNk<0.2&Brunel_MC15TuneV1_ProbNNghost<0.3-Brunel_P.Brunel_ETA.nTracks_Brunel-binning_iso.pkl to pkl-run2-rdx_iso/run2-rdx-2018-md-Mu_nopt_nnknng_ltlt-p_eta_ntracks.pkl...
Renaming ./pidcalib_iso/run2-rdx-2018-md-Mu_nopt_nnp_gt-p_eta_ntracks/effhists-Turbo18-down-Mu_nopt-Brunel_MC15TuneV1_ProbNNp>0.4-Brunel_P.Brunel_ETA.nTracks_Brunel-binning_iso.pkl to pkl-run2-rdx_iso/run2-rdx-2018-md-Mu_nopt_nnp_gt-p_eta_ntracks.pkl...
Renaming ./pidcalib_iso/run2-rdx-2018-md-Mu_nopt_nnpnng_gtlt-p_eta_ntracks/effhists-Turbo18-down-Mu_nopt-Brunel_MC15TuneV1_ProbNNp>0.4&Brunel_MC15TuneV1_ProbNNghost<0.3-Brunel_P.Brunel_ETA.nTracks_Brunel-binning_iso.pkl to pkl-run2-rdx_iso/run2-rdx-2018-md-Mu_nopt_nnpnng_gtlt-p_eta_ntracks.pkl...
Renaming ./pidcalib_iso/run2-rdx-2018-md-Pi_nnk_gt-p_eta_ntracks/effhists-Turbo18-down-Pi-Brunel_MC15TuneV1_ProbNNk>0.2-Brunel_P.Brunel_ETA.nTracks_Brunel-binning_iso.pkl to pkl-run2-rdx_iso/run2-rdx-2018-md-Pi_nnk_gt-p_eta_ntracks.pkl...
Renaming ./pidcalib_iso/run2-rdx-2018-md-Pi_nnknng_gt02lt02-p_eta_ntracks/effhists-Turbo18-down-Pi-Brunel_MC15TuneV1_ProbNNk>0.2&Brunel_MC15TuneV1_ProbNNghost<0.2-Brunel_P.Brunel_ETA.nTracks_Brunel-binning_iso.pkl to pkl-run2-rdx_iso/run2-rdx-2018-md-Pi_nnknng_gt02lt02-p_eta_ntracks.pkl...
Renaming ./pidcalib_iso/run2-rdx-2018-md-Pi_nnknng_gtlt-p_eta_ntracks/effhists-Turbo18-down-Pi-Brunel_MC15TuneV1_ProbNNk>0.2&Brunel_MC15TuneV1_ProbNNghost<0.3-Brunel_P.Brunel_ETA.nTracks_Brunel-binning_iso.pkl to pkl-run2-rdx_iso/run2-rdx-2018-md-Pi_nnknng_gtlt-p_eta_ntracks.pkl...
Renaming ./pidcalib_iso/run2-rdx-2018-md-Pi_nnknng_lt02lt02-p_eta_ntracks/effhists-Turbo18-down-Pi-Brunel_MC15TuneV1_ProbNNk<0.2&Brunel_MC15TuneV1_ProbNNghost<0.2-Brunel_P.Brunel_ETA.nTracks_Brunel-binning_iso.pkl to pkl-run2-rdx_iso/run2-rdx-2018-md-Pi_nnknng_lt02lt02-p_eta_ntracks.pkl...
Renaming ./pidcalib_iso/run2-rdx-2018-md-Pi_nnknng_ltlt-p_eta_ntracks/effhists-Turbo18-down-Pi-Brunel_MC15TuneV1_ProbNNk<0.2&Brunel_MC15TuneV1_ProbNNghost<0.3-Brunel_P.Brunel_ETA.nTracks_Brunel-binning_iso.pkl to pkl-run2-rdx_iso/run2-rdx-2018-md-Pi_nnknng_ltlt-p_eta_ntracks.pkl...
Renaming ./pidcalib_iso/run2-rdx-2018-md-Pi_nnp_gt-p_eta_ntracks/effhists-Turbo18-down-Pi-Brunel_MC15TuneV1_ProbNNp>0.4-Brunel_P.Brunel_ETA.nTracks_Brunel-binning_iso.pkl to pkl-run2-rdx_iso/run2-rdx-2018-md-Pi_nnp_gt-p_eta_ntracks.pkl...
Renaming ./pidcalib_iso/run2-rdx-2018-md-Pi_nnpnng_gtlt-p_eta_ntracks/effhists-Turbo18-down-Pi-Brunel_MC15TuneV1_ProbNNp>0.4&Brunel_MC15TuneV1_ProbNNghost<0.3-Brunel_P.Brunel_ETA.nTracks_Brunel-binning_iso.pkl to pkl-run2-rdx_iso/run2-rdx-2018-md-Pi_nnpnng_gtlt-p_eta_ntracks.pkl...
Renaming ./pidcalib_iso/run2-rdx-2018-md-P_nnk_gt-p_eta_ntracks/effhists-Turbo18-down-P-Brunel_MC15TuneV1_ProbNNk>0.2-Brunel_P.Brunel_ETA.nTracks_Brunel-binning_iso.pkl to pkl-run2-rdx_iso/run2-rdx-2018-md-P_nnk_gt-p_eta_ntracks.pkl...
Renaming ./pidcalib_iso/run2-rdx-2018-md-P_nnknng_gt02lt02-p_eta_ntracks/effhists-Turbo18-down-P-Brunel_MC15TuneV1_ProbNNk>0.2&Brunel_MC15TuneV1_ProbNNghost<0.2-Brunel_P.Brunel_ETA.nTracks_Brunel-binning_iso.pkl to pkl-run2-rdx_iso/run2-rdx-2018-md-P_nnknng_gt02lt02-p_eta_ntracks.pkl...
Renaming ./pidcalib_iso/run2-rdx-2018-md-P_nnknng_gtlt-p_eta_ntracks/effhists-Turbo18-down-P-Brunel_MC15TuneV1_ProbNNk>0.2&Brunel_MC15TuneV1_ProbNNghost<0.3-Brunel_P.Brunel_ETA.nTracks_Brunel-binning_iso.pkl to pkl-run2-rdx_iso/run2-rdx-2018-md-P_nnknng_gtlt-p_eta_ntracks.pkl...
Renaming ./pidcalib_iso/run2-rdx-2018-md-P_nnknng_lt02lt02-p_eta_ntracks/effhists-Turbo18-down-P-Brunel_MC15TuneV1_ProbNNk<0.2&Brunel_MC15TuneV1_ProbNNghost<0.2-Brunel_P.Brunel_ETA.nTracks_Brunel-binning_iso.pkl to pkl-run2-rdx_iso/run2-rdx-2018-md-P_nnknng_lt02lt02-p_eta_ntracks.pkl...
Renaming ./pidcalib_iso/run2-rdx-2018-md-P_nnknng_ltlt-p_eta_ntracks/effhists-Turbo18-down-P-Brunel_MC15TuneV1_ProbNNk<0.2&Brunel_MC15TuneV1_ProbNNghost<0.3-Brunel_P.Brunel_ETA.nTracks_Brunel-binning_iso.pkl to pkl-run2-rdx_iso/run2-rdx-2018-md-P_nnknng_ltlt-p_eta_ntracks.pkl...
Renaming ./pidcalib_iso/run2-rdx-2018-md-P_nnp_gt-p_eta_ntracks/effhists-Turbo18-down-P-Brunel_MC15TuneV1_ProbNNp>0.4-Brunel_P.Brunel_ETA.nTracks_Brunel-binning_iso.pkl to pkl-run2-rdx_iso/run2-rdx-2018-md-P_nnp_gt-p_eta_ntracks.pkl...
Renaming ./pidcalib_iso/run2-rdx-2018-md-P_nnpnng_gtlt-p_eta_ntracks/effhists-Turbo18-down-P-Brunel_MC15TuneV1_ProbNNp>0.4&Brunel_MC15TuneV1_ProbNNghost<0.3-Brunel_P.Brunel_ETA.nTracks_Brunel-binning_iso.pkl to pkl-run2-rdx_iso/run2-rdx-2018-md-P_nnpnng_gtlt-p_eta_ntracks.pkl...
Renaming ./pidcalib_iso/run2-rdx-2018-mu-e_B_Jpsi_nnk_gt-p_eta_ntracks/effhists-Electron18-up-e_B_Jpsi-Brunel_MC15TuneV1_ProbNNk>0.2-Brunel_P.Brunel_ETA.nTracks-binning_iso.pkl to pkl-run2-rdx_iso/run2-rdx-2018-mu-e_B_Jpsi_nnk_gt-p_eta_ntracks.pkl...
Renaming ./pidcalib_iso/run2-rdx-2018-mu-e_B_Jpsi_nnknng_gt02lt02-p_eta_ntracks/effhists-Electron18-up-e_B_Jpsi-Brunel_MC15TuneV1_ProbNNk>0.2&Brunel_MC15TuneV1_ProbNNghost<0.2-Brunel_P.Brunel_ETA.nTracks-binning_iso.pkl to pkl-run2-rdx_iso/run2-rdx-2018-mu-e_B_Jpsi_nnknng_gt02lt02-p_eta_ntracks.pkl...
Renaming ./pidcalib_iso/run2-rdx-2018-mu-e_B_Jpsi_nnknng_gtlt-p_eta_ntracks/effhists-Electron18-up-e_B_Jpsi-Brunel_MC15TuneV1_ProbNNk>0.2&Brunel_MC15TuneV1_ProbNNghost<0.3-Brunel_P.Brunel_ETA.nTracks-binning_iso.pkl to pkl-run2-rdx_iso/run2-rdx-2018-mu-e_B_Jpsi_nnknng_gtlt-p_eta_ntracks.pkl...
Renaming ./pidcalib_iso/run2-rdx-2018-mu-e_B_Jpsi_nnknng_lt02lt02-p_eta_ntracks/effhists-Electron18-up-e_B_Jpsi-Brunel_MC15TuneV1_ProbNNk<0.2&Brunel_MC15TuneV1_ProbNNghost<0.2-Brunel_P.Brunel_ETA.nTracks-binning_iso.pkl to pkl-run2-rdx_iso/run2-rdx-2018-mu-e_B_Jpsi_nnknng_lt02lt02-p_eta_ntracks.pkl...
Renaming ./pidcalib_iso/run2-rdx-2018-mu-e_B_Jpsi_nnknng_ltlt-p_eta_ntracks/effhists-Electron18-up-e_B_Jpsi-Brunel_MC15TuneV1_ProbNNk<0.2&Brunel_MC15TuneV1_ProbNNghost<0.3-Brunel_P.Brunel_ETA.nTracks-binning_iso.pkl to pkl-run2-rdx_iso/run2-rdx-2018-mu-e_B_Jpsi_nnknng_ltlt-p_eta_ntracks.pkl...
Renaming ./pidcalib_iso/run2-rdx-2018-mu-e_B_Jpsi_nnp_gt-p_eta_ntracks/effhists-Electron18-up-e_B_Jpsi-Brunel_MC15TuneV1_ProbNNp>0.4-Brunel_P.Brunel_ETA.nTracks-binning_iso.pkl to pkl-run2-rdx_iso/run2-rdx-2018-mu-e_B_Jpsi_nnp_gt-p_eta_ntracks.pkl...
Renaming ./pidcalib_iso/run2-rdx-2018-mu-e_B_Jpsi_nnpnng_gtlt-p_eta_ntracks/effhists-Electron18-up-e_B_Jpsi-Brunel_MC15TuneV1_ProbNNp>0.4&Brunel_MC15TuneV1_ProbNNghost<0.3-Brunel_P.Brunel_ETA.nTracks-binning_iso.pkl to pkl-run2-rdx_iso/run2-rdx-2018-mu-e_B_Jpsi_nnpnng_gtlt-p_eta_ntracks.pkl...
Renaming ./pidcalib_iso/run2-rdx-2018-mu-K_nnk_gt-p_eta_ntracks/effhists-Turbo18-up-K-Brunel_MC15TuneV1_ProbNNk>0.2-Brunel_P.Brunel_ETA.nTracks_Brunel-binning_iso.pkl to pkl-run2-rdx_iso/run2-rdx-2018-mu-K_nnk_gt-p_eta_ntracks.pkl...
Renaming ./pidcalib_iso/run2-rdx-2018-mu-K_nnknng_gt02lt02-p_eta_ntracks/effhists-Turbo18-up-K-Brunel_MC15TuneV1_ProbNNk>0.2&Brunel_MC15TuneV1_ProbNNghost<0.2-Brunel_P.Brunel_ETA.nTracks_Brunel-binning_iso.pkl to pkl-run2-rdx_iso/run2-rdx-2018-mu-K_nnknng_gt02lt02-p_eta_ntracks.pkl...
Renaming ./pidcalib_iso/run2-rdx-2018-mu-K_nnknng_gtlt-p_eta_ntracks/effhists-Turbo18-up-K-Brunel_MC15TuneV1_ProbNNk>0.2&Brunel_MC15TuneV1_ProbNNghost<0.3-Brunel_P.Brunel_ETA.nTracks_Brunel-binning_iso.pkl to pkl-run2-rdx_iso/run2-rdx-2018-mu-K_nnknng_gtlt-p_eta_ntracks.pkl...
Renaming ./pidcalib_iso/run2-rdx-2018-mu-K_nnknng_lt02lt02-p_eta_ntracks/effhists-Turbo18-up-K-Brunel_MC15TuneV1_ProbNNk<0.2&Brunel_MC15TuneV1_ProbNNghost<0.2-Brunel_P.Brunel_ETA.nTracks_Brunel-binning_iso.pkl to pkl-run2-rdx_iso/run2-rdx-2018-mu-K_nnknng_lt02lt02-p_eta_ntracks.pkl...
Renaming ./pidcalib_iso/run2-rdx-2018-mu-K_nnknng_ltlt-p_eta_ntracks/effhists-Turbo18-up-K-Brunel_MC15TuneV1_ProbNNk<0.2&Brunel_MC15TuneV1_ProbNNghost<0.3-Brunel_P.Brunel_ETA.nTracks_Brunel-binning_iso.pkl to pkl-run2-rdx_iso/run2-rdx-2018-mu-K_nnknng_ltlt-p_eta_ntracks.pkl...
Renaming ./pidcalib_iso/run2-rdx-2018-mu-K_nnp_gt-p_eta_ntracks/effhists-Turbo18-up-K-Brunel_MC15TuneV1_ProbNNp>0.4-Brunel_P.Brunel_ETA.nTracks_Brunel-binning_iso.pkl to pkl-run2-rdx_iso/run2-rdx-2018-mu-K_nnp_gt-p_eta_ntracks.pkl...
Renaming ./pidcalib_iso/run2-rdx-2018-mu-K_nnpnng_gtlt-p_eta_ntracks/effhists-Turbo18-up-K-Brunel_MC15TuneV1_ProbNNp>0.4&Brunel_MC15TuneV1_ProbNNghost<0.3-Brunel_P.Brunel_ETA.nTracks_Brunel-binning_iso.pkl to pkl-run2-rdx_iso/run2-rdx-2018-mu-K_nnpnng_gtlt-p_eta_ntracks.pkl...
Renaming ./pidcalib_iso/run2-rdx-2018-mu-Mu_nopt_nnk_gt-p_eta_ntracks/effhists-Turbo18-up-Mu_nopt-Brunel_MC15TuneV1_ProbNNk>0.2-Brunel_P.Brunel_ETA.nTracks_Brunel-binning_iso.pkl to pkl-run2-rdx_iso/run2-rdx-2018-mu-Mu_nopt_nnk_gt-p_eta_ntracks.pkl...
Renaming ./pidcalib_iso/run2-rdx-2018-mu-Mu_nopt_nnknng_gt02lt02-p_eta_ntracks/effhists-Turbo18-up-Mu_nopt-Brunel_MC15TuneV1_ProbNNk>0.2&Brunel_MC15TuneV1_ProbNNghost<0.2-Brunel_P.Brunel_ETA.nTracks_Brunel-binning_iso.pkl to pkl-run2-rdx_iso/run2-rdx-2018-mu-Mu_nopt_nnknng_gt02lt02-p_eta_ntracks.pkl...
Renaming ./pidcalib_iso/run2-rdx-2018-mu-Mu_nopt_nnknng_gtlt-p_eta_ntracks/effhists-Turbo18-up-Mu_nopt-Brunel_MC15TuneV1_ProbNNk>0.2&Brunel_MC15TuneV1_ProbNNghost<0.3-Brunel_P.Brunel_ETA.nTracks_Brunel-binning_iso.pkl to pkl-run2-rdx_iso/run2-rdx-2018-mu-Mu_nopt_nnknng_gtlt-p_eta_ntracks.pkl...
Renaming ./pidcalib_iso/run2-rdx-2018-mu-Mu_nopt_nnknng_lt02lt02-p_eta_ntracks/effhists-Turbo18-up-Mu_nopt-Brunel_MC15TuneV1_ProbNNk<0.2&Brunel_MC15TuneV1_ProbNNghost<0.2-Brunel_P.Brunel_ETA.nTracks_Brunel-binning_iso.pkl to pkl-run2-rdx_iso/run2-rdx-2018-mu-Mu_nopt_nnknng_lt02lt02-p_eta_ntracks.pkl...
Renaming ./pidcalib_iso/run2-rdx-2018-mu-Mu_nopt_nnknng_ltlt-p_eta_ntracks/effhists-Turbo18-up-Mu_nopt-Brunel_MC15TuneV1_ProbNNk<0.2&Brunel_MC15TuneV1_ProbNNghost<0.3-Brunel_P.Brunel_ETA.nTracks_Brunel-binning_iso.pkl to pkl-run2-rdx_iso/run2-rdx-2018-mu-Mu_nopt_nnknng_ltlt-p_eta_ntracks.pkl...
Renaming ./pidcalib_iso/run2-rdx-2018-mu-Mu_nopt_nnp_gt-p_eta_ntracks/effhists-Turbo18-up-Mu_nopt-Brunel_MC15TuneV1_ProbNNp>0.4-Brunel_P.Brunel_ETA.nTracks_Brunel-binning_iso.pkl to pkl-run2-rdx_iso/run2-rdx-2018-mu-Mu_nopt_nnp_gt-p_eta_ntracks.pkl...
Renaming ./pidcalib_iso/run2-rdx-2018-mu-Mu_nopt_nnpnng_gtlt-p_eta_ntracks/effhists-Turbo18-up-Mu_nopt-Brunel_MC15TuneV1_ProbNNp>0.4&Brunel_MC15TuneV1_ProbNNghost<0.3-Brunel_P.Brunel_ETA.nTracks_Brunel-binning_iso.pkl to pkl-run2-rdx_iso/run2-rdx-2018-mu-Mu_nopt_nnpnng_gtlt-p_eta_ntracks.pkl...
Renaming ./pidcalib_iso/run2-rdx-2018-mu-Pi_nnk_gt-p_eta_ntracks/effhists-Turbo18-up-Pi-Brunel_MC15TuneV1_ProbNNk>0.2-Brunel_P.Brunel_ETA.nTracks_Brunel-binning_iso.pkl to pkl-run2-rdx_iso/run2-rdx-2018-mu-Pi_nnk_gt-p_eta_ntracks.pkl...
Renaming ./pidcalib_iso/run2-rdx-2018-mu-Pi_nnknng_gt02lt02-p_eta_ntracks/effhists-Turbo18-up-Pi-Brunel_MC15TuneV1_ProbNNk>0.2&Brunel_MC15TuneV1_ProbNNghost<0.2-Brunel_P.Brunel_ETA.nTracks_Brunel-binning_iso.pkl to pkl-run2-rdx_iso/run2-rdx-2018-mu-Pi_nnknng_gt02lt02-p_eta_ntracks.pkl...
Renaming ./pidcalib_iso/run2-rdx-2018-mu-Pi_nnknng_gtlt-p_eta_ntracks/effhists-Turbo18-up-Pi-Brunel_MC15TuneV1_ProbNNk>0.2&Brunel_MC15TuneV1_ProbNNghost<0.3-Brunel_P.Brunel_ETA.nTracks_Brunel-binning_iso.pkl to pkl-run2-rdx_iso/run2-rdx-2018-mu-Pi_nnknng_gtlt-p_eta_ntracks.pkl...
Renaming ./pidcalib_iso/run2-rdx-2018-mu-Pi_nnknng_lt02lt02-p_eta_ntracks/effhists-Turbo18-up-Pi-Brunel_MC15TuneV1_ProbNNk<0.2&Brunel_MC15TuneV1_ProbNNghost<0.2-Brunel_P.Brunel_ETA.nTracks_Brunel-binning_iso.pkl to pkl-run2-rdx_iso/run2-rdx-2018-mu-Pi_nnknng_lt02lt02-p_eta_ntracks.pkl...
Renaming ./pidcalib_iso/run2-rdx-2018-mu-Pi_nnknng_ltlt-p_eta_ntracks/effhists-Turbo18-up-Pi-Brunel_MC15TuneV1_ProbNNk<0.2&Brunel_MC15TuneV1_ProbNNghost<0.3-Brunel_P.Brunel_ETA.nTracks_Brunel-binning_iso.pkl to pkl-run2-rdx_iso/run2-rdx-2018-mu-Pi_nnknng_ltlt-p_eta_ntracks.pkl...
Renaming ./pidcalib_iso/run2-rdx-2018-mu-Pi_nnp_gt-p_eta_ntracks/effhists-Turbo18-up-Pi-Brunel_MC15TuneV1_ProbNNp>0.4-Brunel_P.Brunel_ETA.nTracks_Brunel-binning_iso.pkl to pkl-run2-rdx_iso/run2-rdx-2018-mu-Pi_nnp_gt-p_eta_ntracks.pkl...
Renaming ./pidcalib_iso/run2-rdx-2018-mu-Pi_nnpnng_gtlt-p_eta_ntracks/effhists-Turbo18-up-Pi-Brunel_MC15TuneV1_ProbNNp>0.4&Brunel_MC15TuneV1_ProbNNghost<0.3-Brunel_P.Brunel_ETA.nTracks_Brunel-binning_iso.pkl to pkl-run2-rdx_iso/run2-rdx-2018-mu-Pi_nnpnng_gtlt-p_eta_ntracks.pkl...
Renaming ./pidcalib_iso/run2-rdx-2018-mu-P_nnk_gt-p_eta_ntracks/effhists-Turbo18-up-P-Brunel_MC15TuneV1_ProbNNk>0.2-Brunel_P.Brunel_ETA.nTracks_Brunel-binning_iso.pkl to pkl-run2-rdx_iso/run2-rdx-2018-mu-P_nnk_gt-p_eta_ntracks.pkl...
Renaming ./pidcalib_iso/run2-rdx-2018-mu-P_nnknng_gt02lt02-p_eta_ntracks/effhists-Turbo18-up-P-Brunel_MC15TuneV1_ProbNNk>0.2&Brunel_MC15TuneV1_ProbNNghost<0.2-Brunel_P.Brunel_ETA.nTracks_Brunel-binning_iso.pkl to pkl-run2-rdx_iso/run2-rdx-2018-mu-P_nnknng_gt02lt02-p_eta_ntracks.pkl...
Renaming ./pidcalib_iso/run2-rdx-2018-mu-P_nnknng_gtlt-p_eta_ntracks/effhists-Turbo18-up-P-Brunel_MC15TuneV1_ProbNNk>0.2&Brunel_MC15TuneV1_ProbNNghost<0.3-Brunel_P.Brunel_ETA.nTracks_Brunel-binning_iso.pkl to pkl-run2-rdx_iso/run2-rdx-2018-mu-P_nnknng_gtlt-p_eta_ntracks.pkl...
Renaming ./pidcalib_iso/run2-rdx-2018-mu-P_nnknng_lt02lt02-p_eta_ntracks/effhists-Turbo18-up-P-Brunel_MC15TuneV1_ProbNNk<0.2&Brunel_MC15TuneV1_ProbNNghost<0.2-Brunel_P.Brunel_ETA.nTracks_Brunel-binning_iso.pkl to pkl-run2-rdx_iso/run2-rdx-2018-mu-P_nnknng_lt02lt02-p_eta_ntracks.pkl...
Renaming ./pidcalib_iso/run2-rdx-2018-mu-P_nnknng_ltlt-p_eta_ntracks/effhists-Turbo18-up-P-Brunel_MC15TuneV1_ProbNNk<0.2&Brunel_MC15TuneV1_ProbNNghost<0.3-Brunel_P.Brunel_ETA.nTracks_Brunel-binning_iso.pkl to pkl-run2-rdx_iso/run2-rdx-2018-mu-P_nnknng_ltlt-p_eta_ntracks.pkl...
Renaming ./pidcalib_iso/run2-rdx-2018-mu-P_nnp_gt-p_eta_ntracks/effhists-Turbo18-up-P-Brunel_MC15TuneV1_ProbNNp>0.4-Brunel_P.Brunel_ETA.nTracks_Brunel-binning_iso.pkl to pkl-run2-rdx_iso/run2-rdx-2018-mu-P_nnp_gt-p_eta_ntracks.pkl...
Renaming ./pidcalib_iso/run2-rdx-2018-mu-P_nnpnng_gtlt-p_eta_ntracks/effhists-Turbo18-up-P-Brunel_MC15TuneV1_ProbNNp>0.4&Brunel_MC15TuneV1_ProbNNghost<0.3-Brunel_P.Brunel_ETA.nTracks_Brunel-binning_iso.pkl to pkl-run2-rdx_iso/run2-rdx-2018-mu-P_nnpnng_gtlt-p_eta_ntracks.pkl...
Converting ./pkl-run2-rdx_iso/run2-rdx-2016-md-e_B_Jpsi_nnk_gt-p_eta_ntracks.pkl to root...
[I 260829 15:33:00 pklhisto2root:168] Converting histogram 'eff_Brunel_MC15TuneV1_ProbNNk>0.2'
[I 260829 15:33:00 pklhisto2root:168] Converting histogram 'passing_Brunel_MC15TuneV1_ProbNNk>0.2'
[I 260829 15:33:00 pklhisto2root:168] Converting histogram 'total'
[I 260829 15:33:00 pklhisto2root:172] Writing ROOT histograms to 'pkl-run2-rdx_iso/run2-rdx-2016-md-e_B_Jpsi_nnk_gt-p_eta_ntracks.root'
Converting ./pkl-run2-rdx_iso/run2-rdx-2016-md-e_B_Jpsi_nnknng_gt02lt02-p_eta_ntracks.pkl to root...
[I 260829 15:33:04 pklhisto2root:168] Converting histogram 'eff_Brunel_MC15TuneV1_ProbNNk>0.2&Brunel_MC15TuneV1_ProbNNghost<0.2'
[I 260829 15:33:04 pklhisto2root:168] Converting histogram 'passing_Brunel_MC15TuneV1_ProbNNk>0.2&Brunel_MC15TuneV1_ProbNNghost<0.2'
[I 260829 15:33:04 pklhisto2root:168] Converting histogram 'total'
[I 260829 15:33:04 pklhisto2root:172] Writing ROOT histograms to 'pkl-run2-rdx_iso/run2-rdx-2016-md-e_B_Jpsi_nnknng_gt02lt02-p_eta_ntracks.root'
Converting ./pkl-run2-rdx_iso/run2-rdx-2016-md-e_B_Jpsi_nnknng_gtlt-p_eta_ntracks.pkl to root...
[I 260829 15:33:08 pklhisto2root:168] Converting histogram 'eff_Brunel_MC15TuneV1_ProbNNk>0.2&Brunel_MC15TuneV1_ProbNNghost<0.3'
[I 260829 15:33:08 pklhisto2root:168] Converting histogram 'passing_Brunel_MC15TuneV1_ProbNNk>0.2&Brunel_MC15TuneV1_ProbNNghost<0.3'
[I 260829 15:33:08 pklhisto2root:168] Converting histogram 'total'
[I 260829 15:33:08 pklhisto2root:172] Writing ROOT histograms to 'pkl-run2-rdx_iso/run2-rdx-2016-md-e_B_Jpsi_nnknng_gtlt-p_eta_ntracks.root'
Converting ./pkl-run2-rdx_iso/run2-rdx-2016-md-e_B_Jpsi_nnknng_lt02lt02-p_eta_ntracks.pkl to root...
[I 260829 15:33:12 pklhisto2root:168] Converting histogram 'eff_Brunel_MC15TuneV1_ProbNNk<0.2&Brunel_MC15TuneV1_ProbNNghost<0.2'
[I 260829 15:33:12 pklhisto2root:168] Converting histogram 'passing_Brunel_MC15TuneV1_ProbNNk<0.2&Brunel_MC15TuneV1_ProbNNghost<0.2'
[I 260829 15:33:12 pklhisto2root:168] Converting histogram 'total'
[I 260829 15:33:12 pklhisto2root:172] Writing ROOT histograms to 'pkl-run2-rdx_iso/run2-rdx-2016-md-e_B_Jpsi_nnknng_lt02lt02-p_eta_ntracks.root'
Converting ./pkl-run2-rdx_iso/run2-rdx-2016-md-e_B_Jpsi_nnknng_ltlt-p_eta_ntracks.pkl to root...
[I 260829 15:33:16 pklhisto2root:168] Converting histogram 'eff_Brunel_MC15TuneV1_ProbNNk<0.2&Brunel_MC15TuneV1_ProbNNghost<0.3'
[I 260829 15:33:16 pklhisto2root:168] Converting histogram 'passing_Brunel_MC15TuneV1_ProbNNk<0.2&Brunel_MC15TuneV1_ProbNNghost<0.3'
[I 260829 15:33:16 pklhisto2root:168] Converting histogram 'total'
[I 260829 15:33:16 pklhisto2root:172] Writing ROOT histograms to 'pkl-run2-rdx_iso/run2-rdx-2016-md-e_B_Jpsi_nnknng_ltlt-p_eta_ntracks.root'
Converting ./pkl-run2-rdx_iso/run2-rdx-2016-md-e_B_Jpsi_nnp_gt-p_eta_ntracks.pkl to root...
[I 260829 15:33:20 pklhisto2root:168] Converting histogram 'eff_Brunel_MC15TuneV1_ProbNNp>0.4'
[I 260829 15:33:20 pklhisto2root:168] Converting histogram 'passing_Brunel_MC15TuneV1_ProbNNp>0.4'
[I 260829 15:33:20 pklhisto2root:168] Converting histogram 'total'
[I 260829 15:33:20 pklhisto2root:172] Writing ROOT histograms to 'pkl-run2-rdx_iso/run2-rdx-2016-md-e_B_Jpsi_nnp_gt-p_eta_ntracks.root'
Converting ./pkl-run2-rdx_iso/run2-rdx-2016-md-e_B_Jpsi_nnpnng_gtlt-p_eta_ntracks.pkl to root...
[I 260829 15:33:24 pklhisto2root:168] Converting histogram 'eff_Brunel_MC15TuneV1_ProbNNp>0.4&Brunel_MC15TuneV1_ProbNNghost<0.3'
[I 260829 15:33:24 pklhisto2root:168] Converting histogram 'passing_Brunel_MC15TuneV1_ProbNNp>0.4&Brunel_MC15TuneV1_ProbNNghost<0.3'
[I 260829 15:33:24 pklhisto2root:168] Converting histogram 'total'
[I 260829 15:33:24 pklhisto2root:172] Writing ROOT histograms to 'pkl-run2-rdx_iso/run2-rdx-2016-md-e_B_Jpsi_nnpnng_gtlt-p_eta_ntracks.root'
Converting ./pkl-run2-rdx_iso/run2-rdx-2016-md-K_nnk_gt-p_eta_ntracks.pkl to root...
[I 260829 15:33:27 pklhisto2root:168] Converting histogram 'eff_Brunel_MC15TuneV1_ProbNNk>0.2'
[I 260829 15:33:28 pklhisto2root:168] Converting histogram 'passing_Brunel_MC15TuneV1_ProbNNk>0.2'
[I 260829 15:33:28 pklhisto2root:168] Converting histogram 'total'
[I 260829 15:33:28 pklhisto2root:172] Writing ROOT histograms to 'pkl-run2-rdx_iso/run2-rdx-2016-md-K_nnk_gt-p_eta_ntracks.root'
Converting ./pkl-run2-rdx_iso/run2-rdx-2016-md-K_nnknng_gt02lt02-p_eta_ntracks.pkl to root...
[I 260829 15:33:31 pklhisto2root:168] Converting histogram 'eff_Brunel_MC15TuneV1_ProbNNk>0.2&Brunel_MC15TuneV1_ProbNNghost<0.2'
[I 260829 15:33:32 pklhisto2root:168] Converting histogram 'passing_Brunel_MC15TuneV1_ProbNNk>0.2&Brunel_MC15TuneV1_ProbNNghost<0.2'
[I 260829 15:33:32 pklhisto2root:168] Converting histogram 'total'
[I 260829 15:33:32 pklhisto2root:172] Writing ROOT histograms to 'pkl-run2-rdx_iso/run2-rdx-2016-md-K_nnknng_gt02lt02-p_eta_ntracks.root'
Converting ./pkl-run2-rdx_iso/run2-rdx-2016-md-K_nnknng_gtlt-p_eta_ntracks.pkl to root...
[I 260829 15:33:35 pklhisto2root:168] Converting histogram 'eff_Brunel_MC15TuneV1_ProbNNk>0.2&Brunel_MC15TuneV1_ProbNNghost<0.3'
[I 260829 15:33:35 pklhisto2root:168] Converting histogram 'passing_Brunel_MC15TuneV1_ProbNNk>0.2&Brunel_MC15TuneV1_ProbNNghost<0.3'
[I 260829 15:33:35 pklhisto2root:168] Converting histogram 'total'
[I 260829 15:33:35 pklhisto2root:172] Writing ROOT histograms to 'pkl-run2-rdx_iso/run2-rdx-2016-md-K_nnknng_gtlt-p_eta_ntracks.root'
Converting ./pkl-run2-rdx_iso/run2-rdx-2016-md-K_nnknng_lt02lt02-p_eta_ntracks.pkl to root...
[I 260829 15:33:39 pklhisto2root:168] Converting histogram 'eff_Brunel_MC15TuneV1_ProbNNk<0.2&Brunel_MC15TuneV1_ProbNNghost<0.2'
[I 260829 15:33:39 pklhisto2root:168] Converting histogram 'passing_Brunel_MC15TuneV1_ProbNNk<0.2&Brunel_MC15TuneV1_ProbNNghost<0.2'
[I 260829 15:33:39 pklhisto2root:168] Converting histogram 'total'
[I 260829 15:33:39 pklhisto2root:172] Writing ROOT histograms to 'pkl-run2-rdx_iso/run2-rdx-2016-md-K_nnknng_lt02lt02-p_eta_ntracks.root'
Converting ./pkl-run2-rdx_iso/run2-rdx-2016-md-K_nnknng_ltlt-p_eta_ntracks.pkl to root...
[I 260829 15:33:43 pklhisto2root:168] Converting histogram 'eff_Brunel_MC15TuneV1_ProbNNk<0.2&Brunel_MC15TuneV1_ProbNNghost<0.3'
[I 260829 15:33:44 pklhisto2root:168] Converting histogram 'passing_Brunel_MC15TuneV1_ProbNNk<0.2&Brunel_MC15TuneV1_ProbNNghost<0.3'
[I 260829 15:33:44 pklhisto2root:168] Converting histogram 'total'
[I 260829 15:33:44 pklhisto2root:172] Writing ROOT histograms to 'pkl-run2-rdx_iso/run2-rdx-2016-md-K_nnknng_ltlt-p_eta_ntracks.root'
Converting ./pkl-run2-rdx_iso/run2-rdx-2016-md-K_nnp_gt-p_eta_ntracks.pkl to root...
[I 260829 15:33:47 pklhisto2root:168] Converting histogram 'eff_Brunel_MC15TuneV1_ProbNNp>0.4'
[I 260829 15:33:48 pklhisto2root:168] Converting histogram 'passing_Brunel_MC15TuneV1_ProbNNp>0.4'
[I 260829 15:33:48 pklhisto2root:168] Converting histogram 'total'
[I 260829 15:33:48 pklhisto2root:172] Writing ROOT histograms to 'pkl-run2-rdx_iso/run2-rdx-2016-md-K_nnp_gt-p_eta_ntracks.root'
Converting ./pkl-run2-rdx_iso/run2-rdx-2016-md-K_nnpnng_gtlt-p_eta_ntracks.pkl to root...
[I 260829 15:33:51 pklhisto2root:168] Converting histogram 'eff_Brunel_MC15TuneV1_ProbNNp>0.4&Brunel_MC15TuneV1_ProbNNghost<0.3'
[I 260829 15:33:51 pklhisto2root:168] Converting histogram 'passing_Brunel_MC15TuneV1_ProbNNp>0.4&Brunel_MC15TuneV1_ProbNNghost<0.3'
[I 260829 15:33:51 pklhisto2root:168] Converting histogram 'total'
[I 260829 15:33:51 pklhisto2root:172] Writing ROOT histograms to 'pkl-run2-rdx_iso/run2-rdx-2016-md-K_nnpnng_gtlt-p_eta_ntracks.root'
Converting ./pkl-run2-rdx_iso/run2-rdx-2016-md-Mu_nopt_nnk_gt-p_eta_ntracks.pkl to root...
[I 260829 15:33:55 pklhisto2root:168] Converting histogram 'eff_Brunel_MC15TuneV1_ProbNNk>0.2'
[I 260829 15:33:55 pklhisto2root:168] Converting histogram 'passing_Brunel_MC15TuneV1_ProbNNk>0.2'
[I 260829 15:33:55 pklhisto2root:168] Converting histogram 'total'
[I 260829 15:33:55 pklhisto2root:172] Writing ROOT histograms to 'pkl-run2-rdx_iso/run2-rdx-2016-md-Mu_nopt_nnk_gt-p_eta_ntracks.root'
Converting ./pkl-run2-rdx_iso/run2-rdx-2016-md-Mu_nopt_nnknng_gt02lt02-p_eta_ntracks.pkl to root...
[I 260829 15:33:59 pklhisto2root:168] Converting histogram 'eff_Brunel_MC15TuneV1_ProbNNk>0.2&Brunel_MC15TuneV1_ProbNNghost<0.2'
[I 260829 15:33:59 pklhisto2root:168] Converting histogram 'passing_Brunel_MC15TuneV1_ProbNNk>0.2&Brunel_MC15TuneV1_ProbNNghost<0.2'
[I 260829 15:33:59 pklhisto2root:168] Converting histogram 'total'
[I 260829 15:33:59 pklhisto2root:172] Writing ROOT histograms to 'pkl-run2-rdx_iso/run2-rdx-2016-md-Mu_nopt_nnknng_gt02lt02-p_eta_ntracks.root'
Converting ./pkl-run2-rdx_iso/run2-rdx-2016-md-Mu_nopt_nnknng_gtlt-p_eta_ntracks.pkl to root...
[I 260829 15:34:03 pklhisto2root:168] Converting histogram 'eff_Brunel_MC15TuneV1_ProbNNk>0.2&Brunel_MC15TuneV1_ProbNNghost<0.3'
[I 260829 15:34:03 pklhisto2root:168] Converting histogram 'passing_Brunel_MC15TuneV1_ProbNNk>0.2&Brunel_MC15TuneV1_ProbNNghost<0.3'
[I 260829 15:34:03 pklhisto2root:168] Converting histogram 'total'
[I 260829 15:34:03 pklhisto2root:172] Writing ROOT histograms to 'pkl-run2-rdx_iso/run2-rdx-2016-md-Mu_nopt_nnknng_gtlt-p_eta_ntracks.root'
Converting ./pkl-run2-rdx_iso/run2-rdx-2016-md-Mu_nopt_nnknng_lt02lt02-p_eta_ntracks.pkl to root...
[I 260829 15:34:08 pklhisto2root:168] Converting histogram 'eff_Brunel_MC15TuneV1_ProbNNk<0.2&Brunel_MC15TuneV1_ProbNNghost<0.2'
[I 260829 15:34:08 pklhisto2root:168] Converting histogram 'passing_Brunel_MC15TuneV1_ProbNNk<0.2&Brunel_MC15TuneV1_ProbNNghost<0.2'
[I 260829 15:34:08 pklhisto2root:168] Converting histogram 'total'
[I 260829 15:34:08 pklhisto2root:172] Writing ROOT histograms to 'pkl-run2-rdx_iso/run2-rdx-2016-md-Mu_nopt_nnknng_lt02lt02-p_eta_ntracks.root'
Converting ./pkl-run2-rdx_iso/run2-rdx-2016-md-Mu_nopt_nnknng_ltlt-p_eta_ntracks.pkl to root...
[I 260829 15:34:12 pklhisto2root:168] Converting histogram 'eff_Brunel_MC15TuneV1_ProbNNk<0.2&Brunel_MC15TuneV1_ProbNNghost<0.3'
[I 260829 15:34:13 pklhisto2root:168] Converting histogram 'passing_Brunel_MC15TuneV1_ProbNNk<0.2&Brunel_MC15TuneV1_ProbNNghost<0.3'
[I 260829 15:34:13 pklhisto2root:168] Converting histogram 'total'
[I 260829 15:34:13 pklhisto2root:172] Writing ROOT histograms to 'pkl-run2-rdx_iso/run2-rdx-2016-md-Mu_nopt_nnknng_ltlt-p_eta_ntracks.root'
Converting ./pkl-run2-rdx_iso/run2-rdx-2016-md-Mu_nopt_nnp_gt-p_eta_ntracks.pkl to root...
[I 260829 15:34:16 pklhisto2root:168] Converting histogram 'eff_Brunel_MC15TuneV1_ProbNNp>0.4'
[I 260829 15:34:17 pklhisto2root:168] Converting histogram 'passing_Brunel_MC15TuneV1_ProbNNp>0.4'
[I 260829 15:34:17 pklhisto2root:168] Converting histogram 'total'
[I 260829 15:34:17 pklhisto2root:172] Writing ROOT histograms to 'pkl-run2-rdx_iso/run2-rdx-2016-md-Mu_nopt_nnp_gt-p_eta_ntracks.root'
Converting ./pkl-run2-rdx_iso/run2-rdx-2016-md-Mu_nopt_nnpnng_gtlt-p_eta_ntracks.pkl to root...
[I 260829 15:34:20 pklhisto2root:168] Converting histogram 'eff_Brunel_MC15TuneV1_ProbNNp>0.4&Brunel_MC15TuneV1_ProbNNghost<0.3'
[I 260829 15:34:21 pklhisto2root:168] Converting histogram 'passing_Brunel_MC15TuneV1_ProbNNp>0.4&Brunel_MC15TuneV1_ProbNNghost<0.3'
[I 260829 15:34:21 pklhisto2root:168] Converting histogram 'total'
[I 260829 15:34:21 pklhisto2root:172] Writing ROOT histograms to 'pkl-run2-rdx_iso/run2-rdx-2016-md-Mu_nopt_nnpnng_gtlt-p_eta_ntracks.root'
Converting ./pkl-run2-rdx_iso/run2-rdx-2016-md-Pi_nnk_gt-p_eta_ntracks.pkl to root...
[I 260829 15:34:24 pklhisto2root:168] Converting histogram 'eff_Brunel_MC15TuneV1_ProbNNk>0.2'
[I 260829 15:34:24 pklhisto2root:168] Converting histogram 'passing_Brunel_MC15TuneV1_ProbNNk>0.2'
[I 260829 15:34:24 pklhisto2root:168] Converting histogram 'total'
[I 260829 15:34:24 pklhisto2root:172] Writing ROOT histograms to 'pkl-run2-rdx_iso/run2-rdx-2016-md-Pi_nnk_gt-p_eta_ntracks.root'
Converting ./pkl-run2-rdx_iso/run2-rdx-2016-md-Pi_nnknng_gt02lt02-p_eta_ntracks.pkl to root...
[I 260829 15:34:28 pklhisto2root:168] Converting histogram 'eff_Brunel_MC15TuneV1_ProbNNk>0.2&Brunel_MC15TuneV1_ProbNNghost<0.2'
[I 260829 15:34:28 pklhisto2root:168] Converting histogram 'passing_Brunel_MC15TuneV1_ProbNNk>0.2&Brunel_MC15TuneV1_ProbNNghost<0.2'
[I 260829 15:34:28 pklhisto2root:168] Converting histogram 'total'
[I 260829 15:34:28 pklhisto2root:172] Writing ROOT histograms to 'pkl-run2-rdx_iso/run2-rdx-2016-md-Pi_nnknng_gt02lt02-p_eta_ntracks.root'
Converting ./pkl-run2-rdx_iso/run2-rdx-2016-md-Pi_nnknng_gtlt-p_eta_ntracks.pkl to root...
[I 260829 15:34:32 pklhisto2root:168] Converting histogram 'eff_Brunel_MC15TuneV1_ProbNNk>0.2&Brunel_MC15TuneV1_ProbNNghost<0.3'
[I 260829 15:34:32 pklhisto2root:168] Converting histogram 'passing_Brunel_MC15TuneV1_ProbNNk>0.2&Brunel_MC15TuneV1_ProbNNghost<0.3'
[I 260829 15:34:32 pklhisto2root:168] Converting histogram 'total'
[I 260829 15:34:32 pklhisto2root:172] Writing ROOT histograms to 'pkl-run2-rdx_iso/run2-rdx-2016-md-Pi_nnknng_gtlt-p_eta_ntracks.root'
Converting ./pkl-run2-rdx_iso/run2-rdx-2016-md-Pi_nnknng_lt02lt02-p_eta_ntracks.pkl to root...
[I 260829 15:34:36 pklhisto2root:168] Converting histogram 'eff_Brunel_MC15TuneV1_ProbNNk<0.2&Brunel_MC15TuneV1_ProbNNghost<0.2'
[I 260829 15:34:36 pklhisto2root:168] Converting histogram 'passing_Brunel_MC15TuneV1_ProbNNk<0.2&Brunel_MC15TuneV1_ProbNNghost<0.2'
[I 260829 15:34:36 pklhisto2root:168] Converting histogram 'total'
[I 260829 15:34:36 pklhisto2root:172] Writing ROOT histograms to 'pkl-run2-rdx_iso/run2-rdx-2016-md-Pi_nnknng_lt02lt02-p_eta_ntracks.root'
Converting ./pkl-run2-rdx_iso/run2-rdx-2016-md-Pi_nnknng_ltlt-p_eta_ntracks.pkl to root...
[I 260829 15:34:40 pklhisto2root:168] Converting histogram 'eff_Brunel_MC15TuneV1_ProbNNk<0.2&Brunel_MC15TuneV1_ProbNNghost<0.3'
[I 260829 15:34:40 pklhisto2root:168] Converting histogram 'passing_Brunel_MC15TuneV1_ProbNNk<0.2&Brunel_MC15TuneV1_ProbNNghost<0.3'
[I 260829 15:34:40 pklhisto2root:168] Converting histogram 'total'
[I 260829 15:34:40 pklhisto2root:172] Writing ROOT histograms to 'pkl-run2-rdx_iso/run2-rdx-2016-md-Pi_nnknng_ltlt-p_eta_ntracks.root'
Converting ./pkl-run2-rdx_iso/run2-rdx-2016-md-Pi_nnp_gt-p_eta_ntracks.pkl to root...
[I 260829 15:34:44 pklhisto2root:168] Converting histogram 'eff_Brunel_MC15TuneV1_ProbNNp>0.4'
[I 260829 15:34:44 pklhisto2root:168] Converting histogram 'passing_Brunel_MC15TuneV1_ProbNNp>0.4'
[I 260829 15:34:44 pklhisto2root:168] Converting histogram 'total'
[I 260829 15:34:44 pklhisto2root:172] Writing ROOT histograms to 'pkl-run2-rdx_iso/run2-rdx-2016-md-Pi_nnp_gt-p_eta_ntracks.root'
Converting ./pkl-run2-rdx_iso/run2-rdx-2016-md-Pi_nnpnng_gtlt-p_eta_ntracks.pkl to root...
[I 260829 15:34:48 pklhisto2root:168] Converting histogram 'eff_Brunel_MC15TuneV1_ProbNNp>0.4&Brunel_MC15TuneV1_ProbNNghost<0.3'
[I 260829 15:34:48 pklhisto2root:168] Converting histogram 'passing_Brunel_MC15TuneV1_ProbNNp>0.4&Brunel_MC15TuneV1_ProbNNghost<0.3'
[I 260829 15:34:48 pklhisto2root:168] Converting histogram 'total'
[I 260829 15:34:48 pklhisto2root:172] Writing ROOT histograms to 'pkl-run2-rdx_iso/run2-rdx-2016-md-Pi_nnpnng_gtlt-p_eta_ntracks.root'
Converting ./pkl-run2-rdx_iso/run2-rdx-2016-md-P_nnk_gt-p_eta_ntracks.pkl to root...
[I 260829 15:34:52 pklhisto2root:168] Converting histogram 'eff_Brunel_MC15TuneV1_ProbNNk>0.2'
[I 260829 15:34:52 pklhisto2root:168] Converting histogram 'passing_Brunel_MC15TuneV1_ProbNNk>0.2'
[I 260829 15:34:52 pklhisto2root:168] Converting histogram 'total'
[I 260829 15:34:52 pklhisto2root:172] Writing ROOT histograms to 'pkl-run2-rdx_iso/run2-rdx-2016-md-P_nnk_gt-p_eta_ntracks.root'
Converting ./pkl-run2-rdx_iso/run2-rdx-2016-md-P_nnknng_gt02lt02-p_eta_ntracks.pkl to root...
[I 260829 15:34:56 pklhisto2root:168] Converting histogram 'eff_Brunel_MC15TuneV1_ProbNNk>0.2&Brunel_MC15TuneV1_ProbNNghost<0.2'
[I 260829 15:34:56 pklhisto2root:168] Converting histogram 'passing_Brunel_MC15TuneV1_ProbNNk>0.2&Brunel_MC15TuneV1_ProbNNghost<0.2'
[I 260829 15:34:56 pklhisto2root:168] Converting histogram 'total'
[I 260829 15:34:56 pklhisto2root:172] Writing ROOT histograms to 'pkl-run2-rdx_iso/run2-rdx-2016-md-P_nnknng_gt02lt02-p_eta_ntracks.root'
Converting ./pkl-run2-rdx_iso/run2-rdx-2016-md-P_nnknng_gtlt-p_eta_ntracks.pkl to root...
[I 260829 15:35:00 pklhisto2root:168] Converting histogram 'eff_Brunel_MC15TuneV1_ProbNNk>0.2&Brunel_MC15TuneV1_ProbNNghost<0.3'
[I 260829 15:35:00 pklhisto2root:168] Converting histogram 'passing_Brunel_MC15TuneV1_ProbNNk>0.2&Brunel_MC15TuneV1_ProbNNghost<0.3'
[I 260829 15:35:00 pklhisto2root:168] Converting histogram 'total'
[I 260829 15:35:00 pklhisto2root:172] Writing ROOT histograms to 'pkl-run2-rdx_iso/run2-rdx-2016-md-P_nnknng_gtlt-p_eta_ntracks.root'
Converting ./pkl-run2-rdx_iso/run2-rdx-2016-md-P_nnknng_lt02lt02-p_eta_ntracks.pkl to root...
[I 260829 15:35:04 pklhisto2root:168] Converting histogram 'eff_Brunel_MC15TuneV1_ProbNNk<0.2&Brunel_MC15TuneV1_ProbNNghost<0.2'
[I 260829 15:35:04 pklhisto2root:168] Converting histogram 'passing_Brunel_MC15TuneV1_ProbNNk<0.2&Brunel_MC15TuneV1_ProbNNghost<0.2'
[I 260829 15:35:04 pklhisto2root:168] Converting histogram 'total'
[I 260829 15:35:04 pklhisto2root:172] Writing ROOT histograms to 'pkl-run2-rdx_iso/run2-rdx-2016-md-P_nnknng_lt02lt02-p_eta_ntracks.root'
Converting ./pkl-run2-rdx_iso/run2-rdx-2016-md-P_nnknng_ltlt-p_eta_ntracks.pkl to root...
[I 260829 15:35:08 pklhisto2root:168] Converting histogram 'eff_Brunel_MC15TuneV1_ProbNNk<0.2&Brunel_MC15TuneV1_ProbNNghost<0.3'
[I 260829 15:35:08 pklhisto2root:168] Converting histogram 'passing_Brunel_MC15TuneV1_ProbNNk<0.2&Brunel_MC15TuneV1_ProbNNghost<0.3'
[I 260829 15:35:08 pklhisto2root:168] Converting histogram 'total'
[I 260829 15:35:08 pklhisto2root:172] Writing ROOT histograms to 'pkl-run2-rdx_iso/run2-rdx-2016-md-P_nnknng_ltlt-p_eta_ntracks.root'
Converting ./pkl-run2-rdx_iso/run2-rdx-2016-md-P_nnp_gt-p_eta_ntracks.pkl to root...
[I 260829 15:35:12 pklhisto2root:168] Converting histogram 'eff_Brunel_MC15TuneV1_ProbNNp>0.4'
[I 260829 15:35:12 pklhisto2root:168] Converting histogram 'passing_Brunel_MC15TuneV1_ProbNNp>0.4'
[I 260829 15:35:12 pklhisto2root:168] Converting histogram 'total'
[I 260829 15:35:12 pklhisto2root:172] Writing ROOT histograms to 'pkl-run2-rdx_iso/run2-rdx-2016-md-P_nnp_gt-p_eta_ntracks.root'
Converting ./pkl-run2-rdx_iso/run2-rdx-2016-md-P_nnpnng_gtlt-p_eta_ntracks.pkl to root...
[I 260829 15:35:16 pklhisto2root:168] Converting histogram 'eff_Brunel_MC15TuneV1_ProbNNp>0.4&Brunel_MC15TuneV1_ProbNNghost<0.3'
[I 260829 15:35:16 pklhisto2root:168] Converting histogram 'passing_Brunel_MC15TuneV1_ProbNNp>0.4&Brunel_MC15TuneV1_ProbNNghost<0.3'
[I 260829 15:35:16 pklhisto2root:168] Converting histogram 'total'
[I 260829 15:35:16 pklhisto2root:172] Writing ROOT histograms to 'pkl-run2-rdx_iso/run2-rdx-2016-md-P_nnpnng_gtlt-p_eta_ntracks.root'
Converting ./pkl-run2-rdx_iso/run2-rdx-2016-mu-e_B_Jpsi_nnk_gt-p_eta_ntracks.pkl to root...
[I 260829 15:35:20 pklhisto2root:168] Converting histogram 'eff_Brunel_MC15TuneV1_ProbNNk>0.2'
[I 260829 15:35:20 pklhisto2root:168] Converting histogram 'passing_Brunel_MC15TuneV1_ProbNNk>0.2'
[I 260829 15:35:20 pklhisto2root:168] Converting histogram 'total'
[I 260829 15:35:20 pklhisto2root:172] Writing ROOT histograms to 'pkl-run2-rdx_iso/run2-rdx-2016-mu-e_B_Jpsi_nnk_gt-p_eta_ntracks.root'
Converting ./pkl-run2-rdx_iso/run2-rdx-2016-mu-e_B_Jpsi_nnknng_gt02lt02-p_eta_ntracks.pkl to root...
[I 260829 15:35:24 pklhisto2root:168] Converting histogram 'eff_Brunel_MC15TuneV1_ProbNNk>0.2&Brunel_MC15TuneV1_ProbNNghost<0.2'
[I 260829 15:35:24 pklhisto2root:168] Converting histogram 'passing_Brunel_MC15TuneV1_ProbNNk>0.2&Brunel_MC15TuneV1_ProbNNghost<0.2'
[I 260829 15:35:24 pklhisto2root:168] Converting histogram 'total'
[I 260829 15:35:24 pklhisto2root:172] Writing ROOT histograms to 'pkl-run2-rdx_iso/run2-rdx-2016-mu-e_B_Jpsi_nnknng_gt02lt02-p_eta_ntracks.root'
Converting ./pkl-run2-rdx_iso/run2-rdx-2016-mu-e_B_Jpsi_nnknng_gtlt-p_eta_ntracks.pkl to root...
[I 260829 15:35:28 pklhisto2root:168] Converting histogram 'eff_Brunel_MC15TuneV1_ProbNNk>0.2&Brunel_MC15TuneV1_ProbNNghost<0.3'
[I 260829 15:35:28 pklhisto2root:168] Converting histogram 'passing_Brunel_MC15TuneV1_ProbNNk>0.2&Brunel_MC15TuneV1_ProbNNghost<0.3'
[I 260829 15:35:28 pklhisto2root:168] Converting histogram 'total'
[I 260829 15:35:28 pklhisto2root:172] Writing ROOT histograms to 'pkl-run2-rdx_iso/run2-rdx-2016-mu-e_B_Jpsi_nnknng_gtlt-p_eta_ntracks.root'
Converting ./pkl-run2-rdx_iso/run2-rdx-2016-mu-e_B_Jpsi_nnknng_lt02lt02-p_eta_ntracks.pkl to root...
[I 260829 15:35:32 pklhisto2root:168] Converting histogram 'eff_Brunel_MC15TuneV1_ProbNNk<0.2&Brunel_MC15TuneV1_ProbNNghost<0.2'
[I 260829 15:35:32 pklhisto2root:168] Converting histogram 'passing_Brunel_MC15TuneV1_ProbNNk<0.2&Brunel_MC15TuneV1_ProbNNghost<0.2'
[I 260829 15:35:32 pklhisto2root:168] Converting histogram 'total'
[I 260829 15:35:32 pklhisto2root:172] Writing ROOT histograms to 'pkl-run2-rdx_iso/run2-rdx-2016-mu-e_B_Jpsi_nnknng_lt02lt02-p_eta_ntracks.root'
Converting ./pkl-run2-rdx_iso/run2-rdx-2016-mu-e_B_Jpsi_nnknng_ltlt-p_eta_ntracks.pkl to root...
[I 260829 15:35:35 pklhisto2root:168] Converting histogram 'eff_Brunel_MC15TuneV1_ProbNNk<0.2&Brunel_MC15TuneV1_ProbNNghost<0.3'
[I 260829 15:35:36 pklhisto2root:168] Converting histogram 'passing_Brunel_MC15TuneV1_ProbNNk<0.2&Brunel_MC15TuneV1_ProbNNghost<0.3'
[I 260829 15:35:36 pklhisto2root:168] Converting histogram 'total'
[I 260829 15:35:36 pklhisto2root:172] Writing ROOT histograms to 'pkl-run2-rdx_iso/run2-rdx-2016-mu-e_B_Jpsi_nnknng_ltlt-p_eta_ntracks.root'
Converting ./pkl-run2-rdx_iso/run2-rdx-2016-mu-e_B_Jpsi_nnp_gt-p_eta_ntracks.pkl to root...
[I 260829 15:35:39 pklhisto2root:168] Converting histogram 'eff_Brunel_MC15TuneV1_ProbNNp>0.4'
[I 260829 15:35:40 pklhisto2root:168] Converting histogram 'passing_Brunel_MC15TuneV1_ProbNNp>0.4'
[I 260829 15:35:40 pklhisto2root:168] Converting histogram 'total'
[I 260829 15:35:40 pklhisto2root:172] Writing ROOT histograms to 'pkl-run2-rdx_iso/run2-rdx-2016-mu-e_B_Jpsi_nnp_gt-p_eta_ntracks.root'
Converting ./pkl-run2-rdx_iso/run2-rdx-2016-mu-e_B_Jpsi_nnpnng_gtlt-p_eta_ntracks.pkl to root...
[I 260829 15:35:43 pklhisto2root:168] Converting histogram 'eff_Brunel_MC15TuneV1_ProbNNp>0.4&Brunel_MC15TuneV1_ProbNNghost<0.3'
[I 260829 15:35:44 pklhisto2root:168] Converting histogram 'passing_Brunel_MC15TuneV1_ProbNNp>0.4&Brunel_MC15TuneV1_ProbNNghost<0.3'
[I 260829 15:35:44 pklhisto2root:168] Converting histogram 'total'
[I 260829 15:35:44 pklhisto2root:172] Writing ROOT histograms to 'pkl-run2-rdx_iso/run2-rdx-2016-mu-e_B_Jpsi_nnpnng_gtlt-p_eta_ntracks.root'
Converting ./pkl-run2-rdx_iso/run2-rdx-2016-mu-K_nnk_gt-p_eta_ntracks.pkl to root...
[I 260829 15:35:47 pklhisto2root:168] Converting histogram 'eff_Brunel_MC15TuneV1_ProbNNk>0.2'
[I 260829 15:35:47 pklhisto2root:168] Converting histogram 'passing_Brunel_MC15TuneV1_ProbNNk>0.2'
[I 260829 15:35:47 pklhisto2root:168] Converting histogram 'total'
[I 260829 15:35:47 pklhisto2root:172] Writing ROOT histograms to 'pkl-run2-rdx_iso/run2-rdx-2016-mu-K_nnk_gt-p_eta_ntracks.root'
Converting ./pkl-run2-rdx_iso/run2-rdx-2016-mu-K_nnknng_gt02lt02-p_eta_ntracks.pkl to root...
[I 260829 15:35:51 pklhisto2root:168] Converting histogram 'eff_Brunel_MC15TuneV1_ProbNNk>0.2&Brunel_MC15TuneV1_ProbNNghost<0.2'
[I 260829 15:35:51 pklhisto2root:168] Converting histogram 'passing_Brunel_MC15TuneV1_ProbNNk>0.2&Brunel_MC15TuneV1_ProbNNghost<0.2'
[I 260829 15:35:51 pklhisto2root:168] Converting histogram 'total'
[I 260829 15:35:51 pklhisto2root:172] Writing ROOT histograms to 'pkl-run2-rdx_iso/run2-rdx-2016-mu-K_nnknng_gt02lt02-p_eta_ntracks.root'
Converting ./pkl-run2-rdx_iso/run2-rdx-2016-mu-K_nnknng_gtlt-p_eta_ntracks.pkl to root...
[I 260829 15:35:55 pklhisto2root:168] Converting histogram 'eff_Brunel_MC15TuneV1_ProbNNk>0.2&Brunel_MC15TuneV1_ProbNNghost<0.3'
[I 260829 15:35:55 pklhisto2root:168] Converting histogram 'passing_Brunel_MC15TuneV1_ProbNNk>0.2&Brunel_MC15TuneV1_ProbNNghost<0.3'
[I 260829 15:35:55 pklhisto2root:168] Converting histogram 'total'
[I 260829 15:35:55 pklhisto2root:172] Writing ROOT histograms to 'pkl-run2-rdx_iso/run2-rdx-2016-mu-K_nnknng_gtlt-p_eta_ntracks.root'
Converting ./pkl-run2-rdx_iso/run2-rdx-2016-mu-K_nnknng_lt02lt02-p_eta_ntracks.pkl to root...
[I 260829 15:35:58 pklhisto2root:168] Converting histogram 'eff_Brunel_MC15TuneV1_ProbNNk<0.2&Brunel_MC15TuneV1_ProbNNghost<0.2'
[I 260829 15:35:59 pklhisto2root:168] Converting histogram 'passing_Brunel_MC15TuneV1_ProbNNk<0.2&Brunel_MC15TuneV1_ProbNNghost<0.2'
[I 260829 15:35:59 pklhisto2root:168] Converting histogram 'total'
[I 260829 15:35:59 pklhisto2root:172] Writing ROOT histograms to 'pkl-run2-rdx_iso/run2-rdx-2016-mu-K_nnknng_lt02lt02-p_eta_ntracks.root'
Converting ./pkl-run2-rdx_iso/run2-rdx-2016-mu-K_nnknng_ltlt-p_eta_ntracks.pkl to root...
[I 260829 15:36:02 pklhisto2root:168] Converting histogram 'eff_Brunel_MC15TuneV1_ProbNNk<0.2&Brunel_MC15TuneV1_ProbNNghost<0.3'
[I 260829 15:36:03 pklhisto2root:168] Converting histogram 'passing_Brunel_MC15TuneV1_ProbNNk<0.2&Brunel_MC15TuneV1_ProbNNghost<0.3'
[I 260829 15:36:03 pklhisto2root:168] Converting histogram 'total'
[I 260829 15:36:03 pklhisto2root:172] Writing ROOT histograms to 'pkl-run2-rdx_iso/run2-rdx-2016-mu-K_nnknng_ltlt-p_eta_ntracks.root'
Converting ./pkl-run2-rdx_iso/run2-rdx-2016-mu-K_nnp_gt-p_eta_ntracks.pkl to root...
[I 260829 15:36:06 pklhisto2root:168] Converting histogram 'eff_Brunel_MC15TuneV1_ProbNNp>0.4'
[I 260829 15:36:07 pklhisto2root:168] Converting histogram 'passing_Brunel_MC15TuneV1_ProbNNp>0.4'
[I 260829 15:36:07 pklhisto2root:168] Converting histogram 'total'
[I 260829 15:36:07 pklhisto2root:172] Writing ROOT histograms to 'pkl-run2-rdx_iso/run2-rdx-2016-mu-K_nnp_gt-p_eta_ntracks.root'
Converting ./pkl-run2-rdx_iso/run2-rdx-2016-mu-K_nnpnng_gtlt-p_eta_ntracks.pkl to root...
[I 260829 15:36:10 pklhisto2root:168] Converting histogram 'eff_Brunel_MC15TuneV1_ProbNNp>0.4&Brunel_MC15TuneV1_ProbNNghost<0.3'
[I 260829 15:36:11 pklhisto2root:168] Converting histogram 'passing_Brunel_MC15TuneV1_ProbNNp>0.4&Brunel_MC15TuneV1_ProbNNghost<0.3'
[I 260829 15:36:11 pklhisto2root:168] Converting histogram 'total'
[I 260829 15:36:11 pklhisto2root:172] Writing ROOT histograms to 'pkl-run2-rdx_iso/run2-rdx-2016-mu-K_nnpnng_gtlt-p_eta_ntracks.root'
Converting ./pkl-run2-rdx_iso/run2-rdx-2016-mu-Mu_nopt_nnk_gt-p_eta_ntracks.pkl to root...
[I 260829 15:36:14 pklhisto2root:168] Converting histogram 'eff_Brunel_MC15TuneV1_ProbNNk>0.2'
[I 260829 15:36:14 pklhisto2root:168] Converting histogram 'passing_Brunel_MC15TuneV1_ProbNNk>0.2'
[I 260829 15:36:14 pklhisto2root:168] Converting histogram 'total'
[I 260829 15:36:14 pklhisto2root:172] Writing ROOT histograms to 'pkl-run2-rdx_iso/run2-rdx-2016-mu-Mu_nopt_nnk_gt-p_eta_ntracks.root'
Converting ./pkl-run2-rdx_iso/run2-rdx-2016-mu-Mu_nopt_nnknng_gt02lt02-p_eta_ntracks.pkl to root...
[I 260829 15:36:18 pklhisto2root:168] Converting histogram 'eff_Brunel_MC15TuneV1_ProbNNk>0.2&Brunel_MC15TuneV1_ProbNNghost<0.2'
[I 260829 15:36:18 pklhisto2root:168] Converting histogram 'passing_Brunel_MC15TuneV1_ProbNNk>0.2&Brunel_MC15TuneV1_ProbNNghost<0.2'
[I 260829 15:36:18 pklhisto2root:168] Converting histogram 'total'
[I 260829 15:36:18 pklhisto2root:172] Writing ROOT histograms to 'pkl-run2-rdx_iso/run2-rdx-2016-mu-Mu_nopt_nnknng_gt02lt02-p_eta_ntracks.root'
Converting ./pkl-run2-rdx_iso/run2-rdx-2016-mu-Mu_nopt_nnknng_gtlt-p_eta_ntracks.pkl to root...
[I 260829 15:36:22 pklhisto2root:168] Converting histogram 'eff_Brunel_MC15TuneV1_ProbNNk>0.2&Brunel_MC15TuneV1_ProbNNghost<0.3'
[I 260829 15:36:22 pklhisto2root:168] Converting histogram 'passing_Brunel_MC15TuneV1_ProbNNk>0.2&Brunel_MC15TuneV1_ProbNNghost<0.3'
[I 260829 15:36:22 pklhisto2root:168] Converting histogram 'total'
[I 260829 15:36:22 pklhisto2root:172] Writing ROOT histograms to 'pkl-run2-rdx_iso/run2-rdx-2016-mu-Mu_nopt_nnknng_gtlt-p_eta_ntracks.root'
Converting ./pkl-run2-rdx_iso/run2-rdx-2016-mu-Mu_nopt_nnknng_lt02lt02-p_eta_ntracks.pkl to root...
[I 260829 15:36:26 pklhisto2root:168] Converting histogram 'eff_Brunel_MC15TuneV1_ProbNNk<0.2&Brunel_MC15TuneV1_ProbNNghost<0.2'
[I 260829 15:36:26 pklhisto2root:168] Converting histogram 'passing_Brunel_MC15TuneV1_ProbNNk<0.2&Brunel_MC15TuneV1_ProbNNghost<0.2'
[I 260829 15:36:26 pklhisto2root:168] Converting histogram 'total'
[I 260829 15:36:26 pklhisto2root:172] Writing ROOT histograms to 'pkl-run2-rdx_iso/run2-rdx-2016-mu-Mu_nopt_nnknng_lt02lt02-p_eta_ntracks.root'
Converting ./pkl-run2-rdx_iso/run2-rdx-2016-mu-Mu_nopt_nnknng_ltlt-p_eta_ntracks.pkl to root...
[I 260829 15:36:30 pklhisto2root:168] Converting histogram 'eff_Brunel_MC15TuneV1_ProbNNk<0.2&Brunel_MC15TuneV1_ProbNNghost<0.3'
[I 260829 15:36:30 pklhisto2root:168] Converting histogram 'passing_Brunel_MC15TuneV1_ProbNNk<0.2&Brunel_MC15TuneV1_ProbNNghost<0.3'
[I 260829 15:36:30 pklhisto2root:168] Converting histogram 'total'
[I 260829 15:36:30 pklhisto2root:172] Writing ROOT histograms to 'pkl-run2-rdx_iso/run2-rdx-2016-mu-Mu_nopt_nnknng_ltlt-p_eta_ntracks.root'
Converting ./pkl-run2-rdx_iso/run2-rdx-2016-mu-Mu_nopt_nnp_gt-p_eta_ntracks.pkl to root...
[I 260829 15:36:34 pklhisto2root:168] Converting histogram 'eff_Brunel_MC15TuneV1_ProbNNp>0.4'
[I 260829 15:36:34 pklhisto2root:168] Converting histogram 'passing_Brunel_MC15TuneV1_ProbNNp>0.4'
[I 260829 15:36:34 pklhisto2root:168] Converting histogram 'total'
[I 260829 15:36:34 pklhisto2root:172] Writing ROOT histograms to 'pkl-run2-rdx_iso/run2-rdx-2016-mu-Mu_nopt_nnp_gt-p_eta_ntracks.root'
Converting ./pkl-run2-rdx_iso/run2-rdx-2016-mu-Mu_nopt_nnpnng_gtlt-p_eta_ntracks.pkl to root...
[I 260829 15:36:37 pklhisto2root:168] Converting histogram 'eff_Brunel_MC15TuneV1_ProbNNp>0.4&Brunel_MC15TuneV1_ProbNNghost<0.3'
[I 260829 15:36:38 pklhisto2root:168] Converting histogram 'passing_Brunel_MC15TuneV1_ProbNNp>0.4&Brunel_MC15TuneV1_ProbNNghost<0.3'
[I 260829 15:36:38 pklhisto2root:168] Converting histogram 'total'
[I 260829 15:36:38 pklhisto2root:172] Writing ROOT histograms to 'pkl-run2-rdx_iso/run2-rdx-2016-mu-Mu_nopt_nnpnng_gtlt-p_eta_ntracks.root'
Converting ./pkl-run2-rdx_iso/run2-rdx-2016-mu-Pi_nnk_gt-p_eta_ntracks.pkl to root...
[I 260829 15:36:41 pklhisto2root:168] Converting histogram 'eff_Brunel_MC15TuneV1_ProbNNk>0.2'
[I 260829 15:36:42 pklhisto2root:168] Converting histogram 'passing_Brunel_MC15TuneV1_ProbNNk>0.2'
[I 260829 15:36:42 pklhisto2root:168] Converting histogram 'total'
[I 260829 15:36:42 pklhisto2root:172] Writing ROOT histograms to 'pkl-run2-rdx_iso/run2-rdx-2016-mu-Pi_nnk_gt-p_eta_ntracks.root'
Converting ./pkl-run2-rdx_iso/run2-rdx-2016-mu-Pi_nnknng_gt02lt02-p_eta_ntracks.pkl to root...
[I 260829 15:36:47 pklhisto2root:168] Converting histogram 'eff_Brunel_MC15TuneV1_ProbNNk>0.2&Brunel_MC15TuneV1_ProbNNghost<0.2'
[I 260829 15:36:47 pklhisto2root:168] Converting histogram 'passing_Brunel_MC15TuneV1_ProbNNk>0.2&Brunel_MC15TuneV1_ProbNNghost<0.2'
[I 260829 15:36:47 pklhisto2root:168] Converting histogram 'total'
[I 260829 15:36:47 pklhisto2root:172] Writing ROOT histograms to 'pkl-run2-rdx_iso/run2-rdx-2016-mu-Pi_nnknng_gt02lt02-p_eta_ntracks.root'
Converting ./pkl-run2-rdx_iso/run2-rdx-2016-mu-Pi_nnknng_gtlt-p_eta_ntracks.pkl to root...
[I 260829 15:36:50 pklhisto2root:168] Converting histogram 'eff_Brunel_MC15TuneV1_ProbNNk>0.2&Brunel_MC15TuneV1_ProbNNghost<0.3'
[I 260829 15:36:50 pklhisto2root:168] Converting histogram 'passing_Brunel_MC15TuneV1_ProbNNk>0.2&Brunel_MC15TuneV1_ProbNNghost<0.3'
[I 260829 15:36:50 pklhisto2root:168] Converting histogram 'total'
[I 260829 15:36:50 pklhisto2root:172] Writing ROOT histograms to 'pkl-run2-rdx_iso/run2-rdx-2016-mu-Pi_nnknng_gtlt-p_eta_ntracks.root'
Converting ./pkl-run2-rdx_iso/run2-rdx-2016-mu-Pi_nnknng_lt02lt02-p_eta_ntracks.pkl to root...
[I 260829 15:36:54 pklhisto2root:168] Converting histogram 'eff_Brunel_MC15TuneV1_ProbNNk<0.2&Brunel_MC15TuneV1_ProbNNghost<0.2'
[I 260829 15:36:54 pklhisto2root:168] Converting histogram 'passing_Brunel_MC15TuneV1_ProbNNk<0.2&Brunel_MC15TuneV1_ProbNNghost<0.2'
[I 260829 15:36:54 pklhisto2root:168] Converting histogram 'total'
[I 260829 15:36:54 pklhisto2root:172] Writing ROOT histograms to 'pkl-run2-rdx_iso/run2-rdx-2016-mu-Pi_nnknng_lt02lt02-p_eta_ntracks.root'
Converting ./pkl-run2-rdx_iso/run2-rdx-2016-mu-Pi_nnknng_ltlt-p_eta_ntracks.pkl to root...
[I 260829 15:36:58 pklhisto2root:168] Converting histogram 'eff_Brunel_MC15TuneV1_ProbNNk<0.2&Brunel_MC15TuneV1_ProbNNghost<0.3'
[I 260829 15:36:58 pklhisto2root:168] Converting histogram 'passing_Brunel_MC15TuneV1_ProbNNk<0.2&Brunel_MC15TuneV1_ProbNNghost<0.3'
[I 260829 15:36:58 pklhisto2root:168] Converting histogram 'total'
[I 260829 15:36:58 pklhisto2root:172] Writing ROOT histograms to 'pkl-run2-rdx_iso/run2-rdx-2016-mu-Pi_nnknng_ltlt-p_eta_ntracks.root'
Converting ./pkl-run2-rdx_iso/run2-rdx-2016-mu-Pi_nnp_gt-p_eta_ntracks.pkl to root...
[I 260829 15:37:02 pklhisto2root:168] Converting histogram 'eff_Brunel_MC15TuneV1_ProbNNp>0.4'
[I 260829 15:37:02 pklhisto2root:168] Converting histogram 'passing_Brunel_MC15TuneV1_ProbNNp>0.4'
[I 260829 15:37:02 pklhisto2root:168] Converting histogram 'total'
[I 260829 15:37:02 pklhisto2root:172] Writing ROOT histograms to 'pkl-run2-rdx_iso/run2-rdx-2016-mu-Pi_nnp_gt-p_eta_ntracks.root'
Converting ./pkl-run2-rdx_iso/run2-rdx-2016-mu-Pi_nnpnng_gtlt-p_eta_ntracks.pkl to root...
[I 260829 15:37:06 pklhisto2root:168] Converting histogram 'eff_Brunel_MC15TuneV1_ProbNNp>0.4&Brunel_MC15TuneV1_ProbNNghost<0.3'
[I 260829 15:37:06 pklhisto2root:168] Converting histogram 'passing_Brunel_MC15TuneV1_ProbNNp>0.4&Brunel_MC15TuneV1_ProbNNghost<0.3'
[I 260829 15:37:06 pklhisto2root:168] Converting histogram 'total'
[I 260829 15:37:06 pklhisto2root:172] Writing ROOT histograms to 'pkl-run2-rdx_iso/run2-rdx-2016-mu-Pi_nnpnng_gtlt-p_eta_ntracks.root'
Converting ./pkl-run2-rdx_iso/run2-rdx-2016-mu-P_nnk_gt-p_eta_ntracks.pkl to root...
[I 260829 15:37:09 pklhisto2root:168] Converting histogram 'eff_Brunel_MC15TuneV1_ProbNNk>0.2'
[I 260829 15:37:10 pklhisto2root:168] Converting histogram 'passing_Brunel_MC15TuneV1_ProbNNk>0.2'
[I 260829 15:37:10 pklhisto2root:168] Converting histogram 'total'
[I 260829 15:37:10 pklhisto2root:172] Writing ROOT histograms to 'pkl-run2-rdx_iso/run2-rdx-2016-mu-P_nnk_gt-p_eta_ntracks.root'
Converting ./pkl-run2-rdx_iso/run2-rdx-2016-mu-P_nnknng_gt02lt02-p_eta_ntracks.pkl to root...
[I 260829 15:37:13 pklhisto2root:168] Converting histogram 'eff_Brunel_MC15TuneV1_ProbNNk>0.2&Brunel_MC15TuneV1_ProbNNghost<0.2'
[I 260829 15:37:13 pklhisto2root:168] Converting histogram 'passing_Brunel_MC15TuneV1_ProbNNk>0.2&Brunel_MC15TuneV1_ProbNNghost<0.2'
[I 260829 15:37:13 pklhisto2root:168] Converting histogram 'total'
[I 260829 15:37:13 pklhisto2root:172] Writing ROOT histograms to 'pkl-run2-rdx_iso/run2-rdx-2016-mu-P_nnknng_gt02lt02-p_eta_ntracks.root'
Converting ./pkl-run2-rdx_iso/run2-rdx-2016-mu-P_nnknng_gtlt-p_eta_ntracks.pkl to root...
[I 260829 15:37:17 pklhisto2root:168] Converting histogram 'eff_Brunel_MC15TuneV1_ProbNNk>0.2&Brunel_MC15TuneV1_ProbNNghost<0.3'
[I 260829 15:37:17 pklhisto2root:168] Converting histogram 'passing_Brunel_MC15TuneV1_ProbNNk>0.2&Brunel_MC15TuneV1_ProbNNghost<0.3'
[I 260829 15:37:17 pklhisto2root:168] Converting histogram 'total'
[I 260829 15:37:17 pklhisto2root:172] Writing ROOT histograms to 'pkl-run2-rdx_iso/run2-rdx-2016-mu-P_nnknng_gtlt-p_eta_ntracks.root'
Converting ./pkl-run2-rdx_iso/run2-rdx-2016-mu-P_nnknng_lt02lt02-p_eta_ntracks.pkl to root...
[I 260829 15:37:21 pklhisto2root:168] Converting histogram 'eff_Brunel_MC15TuneV1_ProbNNk<0.2&Brunel_MC15TuneV1_ProbNNghost<0.2'
[I 260829 15:37:21 pklhisto2root:168] Converting histogram 'passing_Brunel_MC15TuneV1_ProbNNk<0.2&Brunel_MC15TuneV1_ProbNNghost<0.2'
[I 260829 15:37:21 pklhisto2root:168] Converting histogram 'total'
[I 260829 15:37:21 pklhisto2root:172] Writing ROOT histograms to 'pkl-run2-rdx_iso/run2-rdx-2016-mu-P_nnknng_lt02lt02-p_eta_ntracks.root'
Converting ./pkl-run2-rdx_iso/run2-rdx-2016-mu-P_nnknng_ltlt-p_eta_ntracks.pkl to root...
[I 260829 15:37:25 pklhisto2root:168] Converting histogram 'eff_Brunel_MC15TuneV1_ProbNNk<0.2&Brunel_MC15TuneV1_ProbNNghost<0.3'
[I 260829 15:37:25 pklhisto2root:168] Converting histogram 'passing_Brunel_MC15TuneV1_ProbNNk<0.2&Brunel_MC15TuneV1_ProbNNghost<0.3'
[I 260829 15:37:25 pklhisto2root:168] Converting histogram 'total'
[I 260829 15:37:25 pklhisto2root:172] Writing ROOT histograms to 'pkl-run2-rdx_iso/run2-rdx-2016-mu-P_nnknng_ltlt-p_eta_ntracks.root'
Converting ./pkl-run2-rdx_iso/run2-rdx-2016-mu-P_nnp_gt-p_eta_ntracks.pkl to root...
[I 260829 15:37:29 pklhisto2root:168] Converting histogram 'eff_Brunel_MC15TuneV1_ProbNNp>0.4'
[I 260829 15:37:29 pklhisto2root:168] Converting histogram 'passing_Brunel_MC15TuneV1_ProbNNp>0.4'
[I 260829 15:37:29 pklhisto2root:168] Converting histogram 'total'
[I 260829 15:37:29 pklhisto2root:172] Writing ROOT histograms to 'pkl-run2-rdx_iso/run2-rdx-2016-mu-P_nnp_gt-p_eta_ntracks.root'
Converting ./pkl-run2-rdx_iso/run2-rdx-2016-mu-P_nnpnng_gtlt-p_eta_ntracks.pkl to root...
[I 260829 15:37:33 pklhisto2root:168] Converting histogram 'eff_Brunel_MC15TuneV1_ProbNNp>0.4&Brunel_MC15TuneV1_ProbNNghost<0.3'
[I 260829 15:37:33 pklhisto2root:168] Converting histogram 'passing_Brunel_MC15TuneV1_ProbNNp>0.4&Brunel_MC15TuneV1_ProbNNghost<0.3'
[I 260829 15:37:33 pklhisto2root:168] Converting histogram 'total'
[I 260829 15:37:33 pklhisto2root:172] Writing ROOT histograms to 'pkl-run2-rdx_iso/run2-rdx-2016-mu-P_nnpnng_gtlt-p_eta_ntracks.root'
Converting ./pkl-run2-rdx_iso/run2-rdx-2017-md-e_B_Jpsi_nnk_gt-p_eta_ntracks.pkl to root...
[I 260829 15:37:37 pklhisto2root:168] Converting histogram 'eff_Brunel_MC15TuneV1_ProbNNk>0.2'
[I 260829 15:37:37 pklhisto2root:168] Converting histogram 'passing_Brunel_MC15TuneV1_ProbNNk>0.2'
[I 260829 15:37:37 pklhisto2root:168] Converting histogram 'total'
[I 260829 15:37:37 pklhisto2root:172] Writing ROOT histograms to 'pkl-run2-rdx_iso/run2-rdx-2017-md-e_B_Jpsi_nnk_gt-p_eta_ntracks.root'
Converting ./pkl-run2-rdx_iso/run2-rdx-2017-md-e_B_Jpsi_nnknng_gt02lt02-p_eta_ntracks.pkl to root...
[I 260829 15:37:41 pklhisto2root:168] Converting histogram 'eff_Brunel_MC15TuneV1_ProbNNk>0.2&Brunel_MC15TuneV1_ProbNNghost<0.2'
[I 260829 15:37:41 pklhisto2root:168] Converting histogram 'passing_Brunel_MC15TuneV1_ProbNNk>0.2&Brunel_MC15TuneV1_ProbNNghost<0.2'
[I 260829 15:37:41 pklhisto2root:168] Converting histogram 'total'
[I 260829 15:37:41 pklhisto2root:172] Writing ROOT histograms to 'pkl-run2-rdx_iso/run2-rdx-2017-md-e_B_Jpsi_nnknng_gt02lt02-p_eta_ntracks.root'
Converting ./pkl-run2-rdx_iso/run2-rdx-2017-md-e_B_Jpsi_nnknng_gtlt-p_eta_ntracks.pkl to root...
[I 260829 15:37:45 pklhisto2root:168] Converting histogram 'eff_Brunel_MC15TuneV1_ProbNNk>0.2&Brunel_MC15TuneV1_ProbNNghost<0.3'
[I 260829 15:37:45 pklhisto2root:168] Converting histogram 'passing_Brunel_MC15TuneV1_ProbNNk>0.2&Brunel_MC15TuneV1_ProbNNghost<0.3'
[I 260829 15:37:45 pklhisto2root:168] Converting histogram 'total'
[I 260829 15:37:45 pklhisto2root:172] Writing ROOT histograms to 'pkl-run2-rdx_iso/run2-rdx-2017-md-e_B_Jpsi_nnknng_gtlt-p_eta_ntracks.root'
Converting ./pkl-run2-rdx_iso/run2-rdx-2017-md-e_B_Jpsi_nnknng_lt02lt02-p_eta_ntracks.pkl to root...
[I 260829 15:37:49 pklhisto2root:168] Converting histogram 'eff_Brunel_MC15TuneV1_ProbNNk<0.2&Brunel_MC15TuneV1_ProbNNghost<0.2'
[I 260829 15:37:49 pklhisto2root:168] Converting histogram 'passing_Brunel_MC15TuneV1_ProbNNk<0.2&Brunel_MC15TuneV1_ProbNNghost<0.2'
[I 260829 15:37:49 pklhisto2root:168] Converting histogram 'total'
[I 260829 15:37:49 pklhisto2root:172] Writing ROOT histograms to 'pkl-run2-rdx_iso/run2-rdx-2017-md-e_B_Jpsi_nnknng_lt02lt02-p_eta_ntracks.root'
Converting ./pkl-run2-rdx_iso/run2-rdx-2017-md-e_B_Jpsi_nnknng_ltlt-p_eta_ntracks.pkl to root...
[I 260829 15:37:53 pklhisto2root:168] Converting histogram 'eff_Brunel_MC15TuneV1_ProbNNk<0.2&Brunel_MC15TuneV1_ProbNNghost<0.3'
[I 260829 15:37:53 pklhisto2root:168] Converting histogram 'passing_Brunel_MC15TuneV1_ProbNNk<0.2&Brunel_MC15TuneV1_ProbNNghost<0.3'
[I 260829 15:37:53 pklhisto2root:168] Converting histogram 'total'
[I 260829 15:37:53 pklhisto2root:172] Writing ROOT histograms to 'pkl-run2-rdx_iso/run2-rdx-2017-md-e_B_Jpsi_nnknng_ltlt-p_eta_ntracks.root'
Converting ./pkl-run2-rdx_iso/run2-rdx-2017-md-e_B_Jpsi_nnp_gt-p_eta_ntracks.pkl to root...
[I 260829 15:37:57 pklhisto2root:168] Converting histogram 'eff_Brunel_MC15TuneV1_ProbNNp>0.4'
[I 260829 15:37:57 pklhisto2root:168] Converting histogram 'passing_Brunel_MC15TuneV1_ProbNNp>0.4'
[I 260829 15:37:57 pklhisto2root:168] Converting histogram 'total'
[I 260829 15:37:57 pklhisto2root:172] Writing ROOT histograms to 'pkl-run2-rdx_iso/run2-rdx-2017-md-e_B_Jpsi_nnp_gt-p_eta_ntracks.root'
Converting ./pkl-run2-rdx_iso/run2-rdx-2017-md-e_B_Jpsi_nnpnng_gtlt-p_eta_ntracks.pkl to root...
[I 260829 15:38:00 pklhisto2root:168] Converting histogram 'eff_Brunel_MC15TuneV1_ProbNNp>0.4&Brunel_MC15TuneV1_ProbNNghost<0.3'
[I 260829 15:38:01 pklhisto2root:168] Converting histogram 'passing_Brunel_MC15TuneV1_ProbNNp>0.4&Brunel_MC15TuneV1_ProbNNghost<0.3'
[I 260829 15:38:01 pklhisto2root:168] Converting histogram 'total'
[I 260829 15:38:01 pklhisto2root:172] Writing ROOT histograms to 'pkl-run2-rdx_iso/run2-rdx-2017-md-e_B_Jpsi_nnpnng_gtlt-p_eta_ntracks.root'
Converting ./pkl-run2-rdx_iso/run2-rdx-2017-md-K_nnk_gt-p_eta_ntracks.pkl to root...
[I 260829 15:38:04 pklhisto2root:168] Converting histogram 'eff_Brunel_MC15TuneV1_ProbNNk>0.2'
[I 260829 15:38:05 pklhisto2root:168] Converting histogram 'passing_Brunel_MC15TuneV1_ProbNNk>0.2'
[I 260829 15:38:05 pklhisto2root:168] Converting histogram 'total'
[I 260829 15:38:05 pklhisto2root:172] Writing ROOT histograms to 'pkl-run2-rdx_iso/run2-rdx-2017-md-K_nnk_gt-p_eta_ntracks.root'
Converting ./pkl-run2-rdx_iso/run2-rdx-2017-md-K_nnknng_gt02lt02-p_eta_ntracks.pkl to root...
[I 260829 15:38:09 pklhisto2root:168] Converting histogram 'eff_Brunel_MC15TuneV1_ProbNNk>0.2&Brunel_MC15TuneV1_ProbNNghost<0.2'
[I 260829 15:38:09 pklhisto2root:168] Converting histogram 'passing_Brunel_MC15TuneV1_ProbNNk>0.2&Brunel_MC15TuneV1_ProbNNghost<0.2'
[I 260829 15:38:09 pklhisto2root:168] Converting histogram 'total'
[I 260829 15:38:09 pklhisto2root:172] Writing ROOT histograms to 'pkl-run2-rdx_iso/run2-rdx-2017-md-K_nnknng_gt02lt02-p_eta_ntracks.root'
Converting ./pkl-run2-rdx_iso/run2-rdx-2017-md-K_nnknng_gtlt-p_eta_ntracks.pkl to root...
[I 260829 15:38:13 pklhisto2root:168] Converting histogram 'eff_Brunel_MC15TuneV1_ProbNNk>0.2&Brunel_MC15TuneV1_ProbNNghost<0.3'
[I 260829 15:38:13 pklhisto2root:168] Converting histogram 'passing_Brunel_MC15TuneV1_ProbNNk>0.2&Brunel_MC15TuneV1_ProbNNghost<0.3'
[I 260829 15:38:13 pklhisto2root:168] Converting histogram 'total'
[I 260829 15:38:13 pklhisto2root:172] Writing ROOT histograms to 'pkl-run2-rdx_iso/run2-rdx-2017-md-K_nnknng_gtlt-p_eta_ntracks.root'
Converting ./pkl-run2-rdx_iso/run2-rdx-2017-md-K_nnknng_lt02lt02-p_eta_ntracks.pkl to root...
[I 260829 15:38:17 pklhisto2root:168] Converting histogram 'eff_Brunel_MC15TuneV1_ProbNNk<0.2&Brunel_MC15TuneV1_ProbNNghost<0.2'
[I 260829 15:38:17 pklhisto2root:168] Converting histogram 'passing_Brunel_MC15TuneV1_ProbNNk<0.2&Brunel_MC15TuneV1_ProbNNghost<0.2'
[I 260829 15:38:17 pklhisto2root:168] Converting histogram 'total'
[I 260829 15:38:17 pklhisto2root:172] Writing ROOT histograms to 'pkl-run2-rdx_iso/run2-rdx-2017-md-K_nnknng_lt02lt02-p_eta_ntracks.root'
Converting ./pkl-run2-rdx_iso/run2-rdx-2017-md-K_nnknng_ltlt-p_eta_ntracks.pkl to root...
[I 260829 15:38:21 pklhisto2root:168] Converting histogram 'eff_Brunel_MC15TuneV1_ProbNNk<0.2&Brunel_MC15TuneV1_ProbNNghost<0.3'
[I 260829 15:38:21 pklhisto2root:168] Converting histogram 'passing_Brunel_MC15TuneV1_ProbNNk<0.2&Brunel_MC15TuneV1_ProbNNghost<0.3'
[I 260829 15:38:21 pklhisto2root:168] Converting histogram 'total'
[I 260829 15:38:21 pklhisto2root:172] Writing ROOT histograms to 'pkl-run2-rdx_iso/run2-rdx-2017-md-K_nnknng_ltlt-p_eta_ntracks.root'
Converting ./pkl-run2-rdx_iso/run2-rdx-2017-md-K_nnp_gt-p_eta_ntracks.pkl to root...
[I 260829 15:38:25 pklhisto2root:168] Converting histogram 'eff_Brunel_MC15TuneV1_ProbNNp>0.4'
[I 260829 15:38:25 pklhisto2root:168] Converting histogram 'passing_Brunel_MC15TuneV1_ProbNNp>0.4'
[I 260829 15:38:25 pklhisto2root:168] Converting histogram 'total'
[I 260829 15:38:25 pklhisto2root:172] Writing ROOT histograms to 'pkl-run2-rdx_iso/run2-rdx-2017-md-K_nnp_gt-p_eta_ntracks.root'
Converting ./pkl-run2-rdx_iso/run2-rdx-2017-md-K_nnpnng_gtlt-p_eta_ntracks.pkl to root...
[I 260829 15:38:29 pklhisto2root:168] Converting histogram 'eff_Brunel_MC15TuneV1_ProbNNp>0.4&Brunel_MC15TuneV1_ProbNNghost<0.3'
[I 260829 15:38:29 pklhisto2root:168] Converting histogram 'passing_Brunel_MC15TuneV1_ProbNNp>0.4&Brunel_MC15TuneV1_ProbNNghost<0.3'
[I 260829 15:38:29 pklhisto2root:168] Converting histogram 'total'
[I 260829 15:38:29 pklhisto2root:172] Writing ROOT histograms to 'pkl-run2-rdx_iso/run2-rdx-2017-md-K_nnpnng_gtlt-p_eta_ntracks.root'
Converting ./pkl-run2-rdx_iso/run2-rdx-2017-md-Mu_nopt_nnk_gt-p_eta_ntracks.pkl to root...
[I 260829 15:38:33 pklhisto2root:168] Converting histogram 'eff_Brunel_MC15TuneV1_ProbNNk>0.2'
[I 260829 15:38:33 pklhisto2root:168] Converting histogram 'passing_Brunel_MC15TuneV1_ProbNNk>0.2'
[I 260829 15:38:33 pklhisto2root:168] Converting histogram 'total'
[I 260829 15:38:33 pklhisto2root:172] Writing ROOT histograms to 'pkl-run2-rdx_iso/run2-rdx-2017-md-Mu_nopt_nnk_gt-p_eta_ntracks.root'
Converting ./pkl-run2-rdx_iso/run2-rdx-2017-md-Mu_nopt_nnknng_gt02lt02-p_eta_ntracks.pkl to root...
[I 260829 15:38:37 pklhisto2root:168] Converting histogram 'eff_Brunel_MC15TuneV1_ProbNNk>0.2&Brunel_MC15TuneV1_ProbNNghost<0.2'
[I 260829 15:38:37 pklhisto2root:168] Converting histogram 'passing_Brunel_MC15TuneV1_ProbNNk>0.2&Brunel_MC15TuneV1_ProbNNghost<0.2'
[I 260829 15:38:37 pklhisto2root:168] Converting histogram 'total'
[I 260829 15:38:37 pklhisto2root:172] Writing ROOT histograms to 'pkl-run2-rdx_iso/run2-rdx-2017-md-Mu_nopt_nnknng_gt02lt02-p_eta_ntracks.root'
Converting ./pkl-run2-rdx_iso/run2-rdx-2017-md-Mu_nopt_nnknng_gtlt-p_eta_ntracks.pkl to root...
[I 260829 15:38:41 pklhisto2root:168] Converting histogram 'eff_Brunel_MC15TuneV1_ProbNNk>0.2&Brunel_MC15TuneV1_ProbNNghost<0.3'
[I 260829 15:38:41 pklhisto2root:168] Converting histogram 'passing_Brunel_MC15TuneV1_ProbNNk>0.2&Brunel_MC15TuneV1_ProbNNghost<0.3'
[I 260829 15:38:41 pklhisto2root:168] Converting histogram 'total'
[I 260829 15:38:41 pklhisto2root:172] Writing ROOT histograms to 'pkl-run2-rdx_iso/run2-rdx-2017-md-Mu_nopt_nnknng_gtlt-p_eta_ntracks.root'
Converting ./pkl-run2-rdx_iso/run2-rdx-2017-md-Mu_nopt_nnknng_lt02lt02-p_eta_ntracks.pkl to root...
[I 260829 15:38:44 pklhisto2root:168] Converting histogram 'eff_Brunel_MC15TuneV1_ProbNNk<0.2&Brunel_MC15TuneV1_ProbNNghost<0.2'
[I 260829 15:38:45 pklhisto2root:168] Converting histogram 'passing_Brunel_MC15TuneV1_ProbNNk<0.2&Brunel_MC15TuneV1_ProbNNghost<0.2'
[I 260829 15:38:45 pklhisto2root:168] Converting histogram 'total'
[I 260829 15:38:45 pklhisto2root:172] Writing ROOT histograms to 'pkl-run2-rdx_iso/run2-rdx-2017-md-Mu_nopt_nnknng_lt02lt02-p_eta_ntracks.root'
Converting ./pkl-run2-rdx_iso/run2-rdx-2017-md-Mu_nopt_nnknng_ltlt-p_eta_ntracks.pkl to root...
[I 260829 15:38:48 pklhisto2root:168] Converting histogram 'eff_Brunel_MC15TuneV1_ProbNNk<0.2&Brunel_MC15TuneV1_ProbNNghost<0.3'
[I 260829 15:38:49 pklhisto2root:168] Converting histogram 'passing_Brunel_MC15TuneV1_ProbNNk<0.2&Brunel_MC15TuneV1_ProbNNghost<0.3'
[I 260829 15:38:49 pklhisto2root:168] Converting histogram 'total'
[I 260829 15:38:49 pklhisto2root:172] Writing ROOT histograms to 'pkl-run2-rdx_iso/run2-rdx-2017-md-Mu_nopt_nnknng_ltlt-p_eta_ntracks.root'
Converting ./pkl-run2-rdx_iso/run2-rdx-2017-md-Mu_nopt_nnp_gt-p_eta_ntracks.pkl to root...
[I 260829 15:38:52 pklhisto2root:168] Converting histogram 'eff_Brunel_MC15TuneV1_ProbNNp>0.4'
[I 260829 15:38:52 pklhisto2root:168] Converting histogram 'passing_Brunel_MC15TuneV1_ProbNNp>0.4'
[I 260829 15:38:52 pklhisto2root:168] Converting histogram 'total'
[I 260829 15:38:52 pklhisto2root:172] Writing ROOT histograms to 'pkl-run2-rdx_iso/run2-rdx-2017-md-Mu_nopt_nnp_gt-p_eta_ntracks.root'
Converting ./pkl-run2-rdx_iso/run2-rdx-2017-md-Mu_nopt_nnpnng_gtlt-p_eta_ntracks.pkl to root...
[I 260829 15:38:56 pklhisto2root:168] Converting histogram 'eff_Brunel_MC15TuneV1_ProbNNp>0.4&Brunel_MC15TuneV1_ProbNNghost<0.3'
[I 260829 15:38:56 pklhisto2root:168] Converting histogram 'passing_Brunel_MC15TuneV1_ProbNNp>0.4&Brunel_MC15TuneV1_ProbNNghost<0.3'
[I 260829 15:38:56 pklhisto2root:168] Converting histogram 'total'
[I 260829 15:38:56 pklhisto2root:172] Writing ROOT histograms to 'pkl-run2-rdx_iso/run2-rdx-2017-md-Mu_nopt_nnpnng_gtlt-p_eta_ntracks.root'
Converting ./pkl-run2-rdx_iso/run2-rdx-2017-md-Pi_nnk_gt-p_eta_ntracks.pkl to root...
[I 260829 15:39:00 pklhisto2root:168] Converting histogram 'eff_Brunel_MC15TuneV1_ProbNNk>0.2'
[I 260829 15:39:00 pklhisto2root:168] Converting histogram 'passing_Brunel_MC15TuneV1_ProbNNk>0.2'
[I 260829 15:39:00 pklhisto2root:168] Converting histogram 'total'
[I 260829 15:39:00 pklhisto2root:172] Writing ROOT histograms to 'pkl-run2-rdx_iso/run2-rdx-2017-md-Pi_nnk_gt-p_eta_ntracks.root'
Converting ./pkl-run2-rdx_iso/run2-rdx-2017-md-Pi_nnknng_gt02lt02-p_eta_ntracks.pkl to root...
[I 260829 15:39:04 pklhisto2root:168] Converting histogram 'eff_Brunel_MC15TuneV1_ProbNNk>0.2&Brunel_MC15TuneV1_ProbNNghost<0.2'
[I 260829 15:39:04 pklhisto2root:168] Converting histogram 'passing_Brunel_MC15TuneV1_ProbNNk>0.2&Brunel_MC15TuneV1_ProbNNghost<0.2'
[I 260829 15:39:04 pklhisto2root:168] Converting histogram 'total'
[I 260829 15:39:04 pklhisto2root:172] Writing ROOT histograms to 'pkl-run2-rdx_iso/run2-rdx-2017-md-Pi_nnknng_gt02lt02-p_eta_ntracks.root'
Converting ./pkl-run2-rdx_iso/run2-rdx-2017-md-Pi_nnknng_gtlt-p_eta_ntracks.pkl to root...
[I 260829 15:39:07 pklhisto2root:168] Converting histogram 'eff_Brunel_MC15TuneV1_ProbNNk>0.2&Brunel_MC15TuneV1_ProbNNghost<0.3'
[I 260829 15:39:08 pklhisto2root:168] Converting histogram 'passing_Brunel_MC15TuneV1_ProbNNk>0.2&Brunel_MC15TuneV1_ProbNNghost<0.3'
[I 260829 15:39:08 pklhisto2root:168] Converting histogram 'total'
[I 260829 15:39:08 pklhisto2root:172] Writing ROOT histograms to 'pkl-run2-rdx_iso/run2-rdx-2017-md-Pi_nnknng_gtlt-p_eta_ntracks.root'
Converting ./pkl-run2-rdx_iso/run2-rdx-2017-md-Pi_nnknng_lt02lt02-p_eta_ntracks.pkl to root...
[I 260829 15:39:11 pklhisto2root:168] Converting histogram 'eff_Brunel_MC15TuneV1_ProbNNk<0.2&Brunel_MC15TuneV1_ProbNNghost<0.2'
[I 260829 15:39:12 pklhisto2root:168] Converting histogram 'passing_Brunel_MC15TuneV1_ProbNNk<0.2&Brunel_MC15TuneV1_ProbNNghost<0.2'
[I 260829 15:39:12 pklhisto2root:168] Converting histogram 'total'
[I 260829 15:39:12 pklhisto2root:172] Writing ROOT histograms to 'pkl-run2-rdx_iso/run2-rdx-2017-md-Pi_nnknng_lt02lt02-p_eta_ntracks.root'
Converting ./pkl-run2-rdx_iso/run2-rdx-2017-md-Pi_nnknng_ltlt-p_eta_ntracks.pkl to root...
[I 260829 15:39:15 pklhisto2root:168] Converting histogram 'eff_Brunel_MC15TuneV1_ProbNNk<0.2&Brunel_MC15TuneV1_ProbNNghost<0.3'
[I 260829 15:39:15 pklhisto2root:168] Converting histogram 'passing_Brunel_MC15TuneV1_ProbNNk<0.2&Brunel_MC15TuneV1_ProbNNghost<0.3'
[I 260829 15:39:15 pklhisto2root:168] Converting histogram 'total'
[I 260829 15:39:15 pklhisto2root:172] Writing ROOT histograms to 'pkl-run2-rdx_iso/run2-rdx-2017-md-Pi_nnknng_ltlt-p_eta_ntracks.root'
Converting ./pkl-run2-rdx_iso/run2-rdx-2017-md-Pi_nnp_gt-p_eta_ntracks.pkl to root...
[I 260829 15:39:19 pklhisto2root:168] Converting histogram 'eff_Brunel_MC15TuneV1_ProbNNp>0.4'
[I 260829 15:39:19 pklhisto2root:168] Converting histogram 'passing_Brunel_MC15TuneV1_ProbNNp>0.4'
[I 260829 15:39:19 pklhisto2root:168] Converting histogram 'total'
[I 260829 15:39:19 pklhisto2root:172] Writing ROOT histograms to 'pkl-run2-rdx_iso/run2-rdx-2017-md-Pi_nnp_gt-p_eta_ntracks.root'
Converting ./pkl-run2-rdx_iso/run2-rdx-2017-md-Pi_nnpnng_gtlt-p_eta_ntracks.pkl to root...
[I 260829 15:39:23 pklhisto2root:168] Converting histogram 'eff_Brunel_MC15TuneV1_ProbNNp>0.4&Brunel_MC15TuneV1_ProbNNghost<0.3'
[I 260829 15:39:23 pklhisto2root:168] Converting histogram 'passing_Brunel_MC15TuneV1_ProbNNp>0.4&Brunel_MC15TuneV1_ProbNNghost<0.3'
[I 260829 15:39:23 pklhisto2root:168] Converting histogram 'total'
[I 260829 15:39:23 pklhisto2root:172] Writing ROOT histograms to 'pkl-run2-rdx_iso/run2-rdx-2017-md-Pi_nnpnng_gtlt-p_eta_ntracks.root'
Converting ./pkl-run2-rdx_iso/run2-rdx-2017-md-P_nnk_gt-p_eta_ntracks.pkl to root...
[I 260829 15:39:27 pklhisto2root:168] Converting histogram 'eff_Brunel_MC15TuneV1_ProbNNk>0.2'
[I 260829 15:39:27 pklhisto2root:168] Converting histogram 'passing_Brunel_MC15TuneV1_ProbNNk>0.2'
[I 260829 15:39:27 pklhisto2root:168] Converting histogram 'total'
[I 260829 15:39:27 pklhisto2root:172] Writing ROOT histograms to 'pkl-run2-rdx_iso/run2-rdx-2017-md-P_nnk_gt-p_eta_ntracks.root'
Converting ./pkl-run2-rdx_iso/run2-rdx-2017-md-P_nnknng_gt02lt02-p_eta_ntracks.pkl to root...
[I 260829 15:39:31 pklhisto2root:168] Converting histogram 'eff_Brunel_MC15TuneV1_ProbNNk>0.2&Brunel_MC15TuneV1_ProbNNghost<0.2'
[I 260829 15:39:31 pklhisto2root:168] Converting histogram 'passing_Brunel_MC15TuneV1_ProbNNk>0.2&Brunel_MC15TuneV1_ProbNNghost<0.2'
[I 260829 15:39:31 pklhisto2root:168] Converting histogram 'total'
[I 260829 15:39:31 pklhisto2root:172] Writing ROOT histograms to 'pkl-run2-rdx_iso/run2-rdx-2017-md-P_nnknng_gt02lt02-p_eta_ntracks.root'
Converting ./pkl-run2-rdx_iso/run2-rdx-2017-md-P_nnknng_gtlt-p_eta_ntracks.pkl to root...
[I 260829 15:39:35 pklhisto2root:168] Converting histogram 'eff_Brunel_MC15TuneV1_ProbNNk>0.2&Brunel_MC15TuneV1_ProbNNghost<0.3'
[I 260829 15:39:35 pklhisto2root:168] Converting histogram 'passing_Brunel_MC15TuneV1_ProbNNk>0.2&Brunel_MC15TuneV1_ProbNNghost<0.3'
[I 260829 15:39:35 pklhisto2root:168] Converting histogram 'total'
[I 260829 15:39:35 pklhisto2root:172] Writing ROOT histograms to 'pkl-run2-rdx_iso/run2-rdx-2017-md-P_nnknng_gtlt-p_eta_ntracks.root'
Converting ./pkl-run2-rdx_iso/run2-rdx-2017-md-P_nnknng_lt02lt02-p_eta_ntracks.pkl to root...
[I 260829 15:39:39 pklhisto2root:168] Converting histogram 'eff_Brunel_MC15TuneV1_ProbNNk<0.2&Brunel_MC15TuneV1_ProbNNghost<0.2'
[I 260829 15:39:39 pklhisto2root:168] Converting histogram 'passing_Brunel_MC15TuneV1_ProbNNk<0.2&Brunel_MC15TuneV1_ProbNNghost<0.2'
[I 260829 15:39:39 pklhisto2root:168] Converting histogram 'total'
[I 260829 15:39:39 pklhisto2root:172] Writing ROOT histograms to 'pkl-run2-rdx_iso/run2-rdx-2017-md-P_nnknng_lt02lt02-p_eta_ntracks.root'
Converting ./pkl-run2-rdx_iso/run2-rdx-2017-md-P_nnknng_ltlt-p_eta_ntracks.pkl to root...
[I 260829 15:39:43 pklhisto2root:168] Converting histogram 'eff_Brunel_MC15TuneV1_ProbNNk<0.2&Brunel_MC15TuneV1_ProbNNghost<0.3'
[I 260829 15:39:43 pklhisto2root:168] Converting histogram 'passing_Brunel_MC15TuneV1_ProbNNk<0.2&Brunel_MC15TuneV1_ProbNNghost<0.3'
[I 260829 15:39:43 pklhisto2root:168] Converting histogram 'total'
[I 260829 15:39:43 pklhisto2root:172] Writing ROOT histograms to 'pkl-run2-rdx_iso/run2-rdx-2017-md-P_nnknng_ltlt-p_eta_ntracks.root'
Converting ./pkl-run2-rdx_iso/run2-rdx-2017-md-P_nnp_gt-p_eta_ntracks.pkl to root...
[I 260829 15:39:46 pklhisto2root:168] Converting histogram 'eff_Brunel_MC15TuneV1_ProbNNp>0.4'
[I 260829 15:39:47 pklhisto2root:168] Converting histogram 'passing_Brunel_MC15TuneV1_ProbNNp>0.4'
[I 260829 15:39:47 pklhisto2root:168] Converting histogram 'total'
[I 260829 15:39:47 pklhisto2root:172] Writing ROOT histograms to 'pkl-run2-rdx_iso/run2-rdx-2017-md-P_nnp_gt-p_eta_ntracks.root'
Converting ./pkl-run2-rdx_iso/run2-rdx-2017-md-P_nnpnng_gtlt-p_eta_ntracks.pkl to root...
[I 260829 15:39:50 pklhisto2root:168] Converting histogram 'eff_Brunel_MC15TuneV1_ProbNNp>0.4&Brunel_MC15TuneV1_ProbNNghost<0.3'
[I 260829 15:39:51 pklhisto2root:168] Converting histogram 'passing_Brunel_MC15TuneV1_ProbNNp>0.4&Brunel_MC15TuneV1_ProbNNghost<0.3'
[I 260829 15:39:51 pklhisto2root:168] Converting histogram 'total'
[I 260829 15:39:51 pklhisto2root:172] Writing ROOT histograms to 'pkl-run2-rdx_iso/run2-rdx-2017-md-P_nnpnng_gtlt-p_eta_ntracks.root'
Converting ./pkl-run2-rdx_iso/run2-rdx-2017-mu-e_B_Jpsi_nnk_gt-p_eta_ntracks.pkl to root...
[I 260829 15:39:54 pklhisto2root:168] Converting histogram 'eff_Brunel_MC15TuneV1_ProbNNk>0.2'
[I 260829 15:39:55 pklhisto2root:168] Converting histogram 'passing_Brunel_MC15TuneV1_ProbNNk>0.2'
[I 260829 15:39:55 pklhisto2root:168] Converting histogram 'total'
[I 260829 15:39:55 pklhisto2root:172] Writing ROOT histograms to 'pkl-run2-rdx_iso/run2-rdx-2017-mu-e_B_Jpsi_nnk_gt-p_eta_ntracks.root'
Converting ./pkl-run2-rdx_iso/run2-rdx-2017-mu-e_B_Jpsi_nnknng_gt02lt02-p_eta_ntracks.pkl to root...
[I 260829 15:39:58 pklhisto2root:168] Converting histogram 'eff_Brunel_MC15TuneV1_ProbNNk>0.2&Brunel_MC15TuneV1_ProbNNghost<0.2'
[I 260829 15:39:58 pklhisto2root:168] Converting histogram 'passing_Brunel_MC15TuneV1_ProbNNk>0.2&Brunel_MC15TuneV1_ProbNNghost<0.2'
[I 260829 15:39:58 pklhisto2root:168] Converting histogram 'total'
[I 260829 15:39:58 pklhisto2root:172] Writing ROOT histograms to 'pkl-run2-rdx_iso/run2-rdx-2017-mu-e_B_Jpsi_nnknng_gt02lt02-p_eta_ntracks.root'
Converting ./pkl-run2-rdx_iso/run2-rdx-2017-mu-e_B_Jpsi_nnknng_gtlt-p_eta_ntracks.pkl to root...
[I 260829 15:40:02 pklhisto2root:168] Converting histogram 'eff_Brunel_MC15TuneV1_ProbNNk>0.2&Brunel_MC15TuneV1_ProbNNghost<0.3'
[I 260829 15:40:02 pklhisto2root:168] Converting histogram 'passing_Brunel_MC15TuneV1_ProbNNk>0.2&Brunel_MC15TuneV1_ProbNNghost<0.3'
[I 260829 15:40:02 pklhisto2root:168] Converting histogram 'total'
[I 260829 15:40:02 pklhisto2root:172] Writing ROOT histograms to 'pkl-run2-rdx_iso/run2-rdx-2017-mu-e_B_Jpsi_nnknng_gtlt-p_eta_ntracks.root'
Converting ./pkl-run2-rdx_iso/run2-rdx-2017-mu-e_B_Jpsi_nnknng_lt02lt02-p_eta_ntracks.pkl to root...
[I 260829 15:40:06 pklhisto2root:168] Converting histogram 'eff_Brunel_MC15TuneV1_ProbNNk<0.2&Brunel_MC15TuneV1_ProbNNghost<0.2'
[I 260829 15:40:06 pklhisto2root:168] Converting histogram 'passing_Brunel_MC15TuneV1_ProbNNk<0.2&Brunel_MC15TuneV1_ProbNNghost<0.2'
[I 260829 15:40:06 pklhisto2root:168] Converting histogram 'total'
[I 260829 15:40:06 pklhisto2root:172] Writing ROOT histograms to 'pkl-run2-rdx_iso/run2-rdx-2017-mu-e_B_Jpsi_nnknng_lt02lt02-p_eta_ntracks.root'
Converting ./pkl-run2-rdx_iso/run2-rdx-2017-mu-e_B_Jpsi_nnknng_ltlt-p_eta_ntracks.pkl to root...
[I 260829 15:40:10 pklhisto2root:168] Converting histogram 'eff_Brunel_MC15TuneV1_ProbNNk<0.2&Brunel_MC15TuneV1_ProbNNghost<0.3'
[I 260829 15:40:10 pklhisto2root:168] Converting histogram 'passing_Brunel_MC15TuneV1_ProbNNk<0.2&Brunel_MC15TuneV1_ProbNNghost<0.3'
[I 260829 15:40:10 pklhisto2root:168] Converting histogram 'total'
[I 260829 15:40:10 pklhisto2root:172] Writing ROOT histograms to 'pkl-run2-rdx_iso/run2-rdx-2017-mu-e_B_Jpsi_nnknng_ltlt-p_eta_ntracks.root'
Converting ./pkl-run2-rdx_iso/run2-rdx-2017-mu-e_B_Jpsi_nnp_gt-p_eta_ntracks.pkl to root...
[I 260829 15:40:14 pklhisto2root:168] Converting histogram 'eff_Brunel_MC15TuneV1_ProbNNp>0.4'
[I 260829 15:40:14 pklhisto2root:168] Converting histogram 'passing_Brunel_MC15TuneV1_ProbNNp>0.4'
[I 260829 15:40:14 pklhisto2root:168] Converting histogram 'total'
[I 260829 15:40:14 pklhisto2root:172] Writing ROOT histograms to 'pkl-run2-rdx_iso/run2-rdx-2017-mu-e_B_Jpsi_nnp_gt-p_eta_ntracks.root'
Converting ./pkl-run2-rdx_iso/run2-rdx-2017-mu-e_B_Jpsi_nnpnng_gtlt-p_eta_ntracks.pkl to root...
[I 260829 15:40:18 pklhisto2root:168] Converting histogram 'eff_Brunel_MC15TuneV1_ProbNNp>0.4&Brunel_MC15TuneV1_ProbNNghost<0.3'
[I 260829 15:40:18 pklhisto2root:168] Converting histogram 'passing_Brunel_MC15TuneV1_ProbNNp>0.4&Brunel_MC15TuneV1_ProbNNghost<0.3'
[I 260829 15:40:18 pklhisto2root:168] Converting histogram 'total'
[I 260829 15:40:18 pklhisto2root:172] Writing ROOT histograms to 'pkl-run2-rdx_iso/run2-rdx-2017-mu-e_B_Jpsi_nnpnng_gtlt-p_eta_ntracks.root'
Converting ./pkl-run2-rdx_iso/run2-rdx-2017-mu-K_nnk_gt-p_eta_ntracks.pkl to root...
[I 260829 15:40:22 pklhisto2root:168] Converting histogram 'eff_Brunel_MC15TuneV1_ProbNNk>0.2'
[I 260829 15:40:22 pklhisto2root:168] Converting histogram 'passing_Brunel_MC15TuneV1_ProbNNk>0.2'
[I 260829 15:40:22 pklhisto2root:168] Converting histogram 'total'
[I 260829 15:40:22 pklhisto2root:172] Writing ROOT histograms to 'pkl-run2-rdx_iso/run2-rdx-2017-mu-K_nnk_gt-p_eta_ntracks.root'
Converting ./pkl-run2-rdx_iso/run2-rdx-2017-mu-K_nnknng_gt02lt02-p_eta_ntracks.pkl to root...
[I 260829 15:40:25 pklhisto2root:168] Converting histogram 'eff_Brunel_MC15TuneV1_ProbNNk>0.2&Brunel_MC15TuneV1_ProbNNghost<0.2'
[I 260829 15:40:26 pklhisto2root:168] Converting histogram 'passing_Brunel_MC15TuneV1_ProbNNk>0.2&Brunel_MC15TuneV1_ProbNNghost<0.2'
[I 260829 15:40:26 pklhisto2root:168] Converting histogram 'total'
[I 260829 15:40:26 pklhisto2root:172] Writing ROOT histograms to 'pkl-run2-rdx_iso/run2-rdx-2017-mu-K_nnknng_gt02lt02-p_eta_ntracks.root'
Converting ./pkl-run2-rdx_iso/run2-rdx-2017-mu-K_nnknng_gtlt-p_eta_ntracks.pkl to root...
[I 260829 15:40:29 pklhisto2root:168] Converting histogram 'eff_Brunel_MC15TuneV1_ProbNNk>0.2&Brunel_MC15TuneV1_ProbNNghost<0.3'
[I 260829 15:40:30 pklhisto2root:168] Converting histogram 'passing_Brunel_MC15TuneV1_ProbNNk>0.2&Brunel_MC15TuneV1_ProbNNghost<0.3'
[I 260829 15:40:30 pklhisto2root:168] Converting histogram 'total'
[I 260829 15:40:30 pklhisto2root:172] Writing ROOT histograms to 'pkl-run2-rdx_iso/run2-rdx-2017-mu-K_nnknng_gtlt-p_eta_ntracks.root'
Converting ./pkl-run2-rdx_iso/run2-rdx-2017-mu-K_nnknng_lt02lt02-p_eta_ntracks.pkl to root...
[I 260829 15:40:33 pklhisto2root:168] Converting histogram 'eff_Brunel_MC15TuneV1_ProbNNk<0.2&Brunel_MC15TuneV1_ProbNNghost<0.2'
[I 260829 15:40:33 pklhisto2root:168] Converting histogram 'passing_Brunel_MC15TuneV1_ProbNNk<0.2&Brunel_MC15TuneV1_ProbNNghost<0.2'
[I 260829 15:40:33 pklhisto2root:168] Converting histogram 'total'
[I 260829 15:40:33 pklhisto2root:172] Writing ROOT histograms to 'pkl-run2-rdx_iso/run2-rdx-2017-mu-K_nnknng_lt02lt02-p_eta_ntracks.root'
Converting ./pkl-run2-rdx_iso/run2-rdx-2017-mu-K_nnknng_ltlt-p_eta_ntracks.pkl to root...
[I 260829 15:40:37 pklhisto2root:168] Converting histogram 'eff_Brunel_MC15TuneV1_ProbNNk<0.2&Brunel_MC15TuneV1_ProbNNghost<0.3'
[I 260829 15:40:37 pklhisto2root:168] Converting histogram 'passing_Brunel_MC15TuneV1_ProbNNk<0.2&Brunel_MC15TuneV1_ProbNNghost<0.3'
[I 260829 15:40:37 pklhisto2root:168] Converting histogram 'total'
[I 260829 15:40:37 pklhisto2root:172] Writing ROOT histograms to 'pkl-run2-rdx_iso/run2-rdx-2017-mu-K_nnknng_ltlt-p_eta_ntracks.root'
Converting ./pkl-run2-rdx_iso/run2-rdx-2017-mu-K_nnp_gt-p_eta_ntracks.pkl to root...
[I 260829 15:40:41 pklhisto2root:168] Converting histogram 'eff_Brunel_MC15TuneV1_ProbNNp>0.4'
[I 260829 15:40:41 pklhisto2root:168] Converting histogram 'passing_Brunel_MC15TuneV1_ProbNNp>0.4'
[I 260829 15:40:41 pklhisto2root:168] Converting histogram 'total'
[I 260829 15:40:41 pklhisto2root:172] Writing ROOT histograms to 'pkl-run2-rdx_iso/run2-rdx-2017-mu-K_nnp_gt-p_eta_ntracks.root'
Converting ./pkl-run2-rdx_iso/run2-rdx-2017-mu-K_nnpnng_gtlt-p_eta_ntracks.pkl to root...
[I 260829 15:40:45 pklhisto2root:168] Converting histogram 'eff_Brunel_MC15TuneV1_ProbNNp>0.4&Brunel_MC15TuneV1_ProbNNghost<0.3'
[I 260829 15:40:45 pklhisto2root:168] Converting histogram 'passing_Brunel_MC15TuneV1_ProbNNp>0.4&Brunel_MC15TuneV1_ProbNNghost<0.3'
[I 260829 15:40:45 pklhisto2root:168] Converting histogram 'total'
[I 260829 15:40:45 pklhisto2root:172] Writing ROOT histograms to 'pkl-run2-rdx_iso/run2-rdx-2017-mu-K_nnpnng_gtlt-p_eta_ntracks.root'
Converting ./pkl-run2-rdx_iso/run2-rdx-2017-mu-Mu_nopt_nnk_gt-p_eta_ntracks.pkl to root...
[I 260829 15:40:49 pklhisto2root:168] Converting histogram 'eff_Brunel_MC15TuneV1_ProbNNk>0.2'
[I 260829 15:40:49 pklhisto2root:168] Converting histogram 'passing_Brunel_MC15TuneV1_ProbNNk>0.2'
[I 260829 15:40:49 pklhisto2root:168] Converting histogram 'total'
[I 260829 15:40:49 pklhisto2root:172] Writing ROOT histograms to 'pkl-run2-rdx_iso/run2-rdx-2017-mu-Mu_nopt_nnk_gt-p_eta_ntracks.root'
Converting ./pkl-run2-rdx_iso/run2-rdx-2017-mu-Mu_nopt_nnknng_gt02lt02-p_eta_ntracks.pkl to root...
[I 260829 15:40:53 pklhisto2root:168] Converting histogram 'eff_Brunel_MC15TuneV1_ProbNNk>0.2&Brunel_MC15TuneV1_ProbNNghost<0.2'
[I 260829 15:40:53 pklhisto2root:168] Converting histogram 'passing_Brunel_MC15TuneV1_ProbNNk>0.2&Brunel_MC15TuneV1_ProbNNghost<0.2'
[I 260829 15:40:53 pklhisto2root:168] Converting histogram 'total'
[I 260829 15:40:53 pklhisto2root:172] Writing ROOT histograms to 'pkl-run2-rdx_iso/run2-rdx-2017-mu-Mu_nopt_nnknng_gt02lt02-p_eta_ntracks.root'
Converting ./pkl-run2-rdx_iso/run2-rdx-2017-mu-Mu_nopt_nnknng_gtlt-p_eta_ntracks.pkl to root...
[I 260829 15:40:57 pklhisto2root:168] Converting histogram 'eff_Brunel_MC15TuneV1_ProbNNk>0.2&Brunel_MC15TuneV1_ProbNNghost<0.3'
[I 260829 15:40:57 pklhisto2root:168] Converting histogram 'passing_Brunel_MC15TuneV1_ProbNNk>0.2&Brunel_MC15TuneV1_ProbNNghost<0.3'
[I 260829 15:40:57 pklhisto2root:168] Converting histogram 'total'
[I 260829 15:40:57 pklhisto2root:172] Writing ROOT histograms to 'pkl-run2-rdx_iso/run2-rdx-2017-mu-Mu_nopt_nnknng_gtlt-p_eta_ntracks.root'
Converting ./pkl-run2-rdx_iso/run2-rdx-2017-mu-Mu_nopt_nnknng_lt02lt02-p_eta_ntracks.pkl to root...
[I 260829 15:41:01 pklhisto2root:168] Converting histogram 'eff_Brunel_MC15TuneV1_ProbNNk<0.2&Brunel_MC15TuneV1_ProbNNghost<0.2'
[I 260829 15:41:01 pklhisto2root:168] Converting histogram 'passing_Brunel_MC15TuneV1_ProbNNk<0.2&Brunel_MC15TuneV1_ProbNNghost<0.2'
[I 260829 15:41:01 pklhisto2root:168] Converting histogram 'total'
[I 260829 15:41:01 pklhisto2root:172] Writing ROOT histograms to 'pkl-run2-rdx_iso/run2-rdx-2017-mu-Mu_nopt_nnknng_lt02lt02-p_eta_ntracks.root'
Converting ./pkl-run2-rdx_iso/run2-rdx-2017-mu-Mu_nopt_nnknng_ltlt-p_eta_ntracks.pkl to root...
[I 260829 15:41:05 pklhisto2root:168] Converting histogram 'eff_Brunel_MC15TuneV1_ProbNNk<0.2&Brunel_MC15TuneV1_ProbNNghost<0.3'
[I 260829 15:41:05 pklhisto2root:168] Converting histogram 'passing_Brunel_MC15TuneV1_ProbNNk<0.2&Brunel_MC15TuneV1_ProbNNghost<0.3'
[I 260829 15:41:05 pklhisto2root:168] Converting histogram 'total'
[I 260829 15:41:05 pklhisto2root:172] Writing ROOT histograms to 'pkl-run2-rdx_iso/run2-rdx-2017-mu-Mu_nopt_nnknng_ltlt-p_eta_ntracks.root'
Converting ./pkl-run2-rdx_iso/run2-rdx-2017-mu-Mu_nopt_nnp_gt-p_eta_ntracks.pkl to root...
[I 260829 15:41:09 pklhisto2root:168] Converting histogram 'eff_Brunel_MC15TuneV1_ProbNNp>0.4'
[I 260829 15:41:09 pklhisto2root:168] Converting histogram 'passing_Brunel_MC15TuneV1_ProbNNp>0.4'
[I 260829 15:41:09 pklhisto2root:168] Converting histogram 'total'
[I 260829 15:41:09 pklhisto2root:172] Writing ROOT histograms to 'pkl-run2-rdx_iso/run2-rdx-2017-mu-Mu_nopt_nnp_gt-p_eta_ntracks.root'
Converting ./pkl-run2-rdx_iso/run2-rdx-2017-mu-Mu_nopt_nnpnng_gtlt-p_eta_ntracks.pkl to root...
[I 260829 15:41:13 pklhisto2root:168] Converting histogram 'eff_Brunel_MC15TuneV1_ProbNNp>0.4&Brunel_MC15TuneV1_ProbNNghost<0.3'
[I 260829 15:41:13 pklhisto2root:168] Converting histogram 'passing_Brunel_MC15TuneV1_ProbNNp>0.4&Brunel_MC15TuneV1_ProbNNghost<0.3'
[I 260829 15:41:13 pklhisto2root:168] Converting histogram 'total'
[I 260829 15:41:13 pklhisto2root:172] Writing ROOT histograms to 'pkl-run2-rdx_iso/run2-rdx-2017-mu-Mu_nopt_nnpnng_gtlt-p_eta_ntracks.root'
Converting ./pkl-run2-rdx_iso/run2-rdx-2017-mu-Pi_nnk_gt-p_eta_ntracks.pkl to root...
[I 260829 15:41:17 pklhisto2root:168] Converting histogram 'eff_Brunel_MC15TuneV1_ProbNNk>0.2'
[I 260829 15:41:17 pklhisto2root:168] Converting histogram 'passing_Brunel_MC15TuneV1_ProbNNk>0.2'
[I 260829 15:41:17 pklhisto2root:168] Converting histogram 'total'
[I 260829 15:41:17 pklhisto2root:172] Writing ROOT histograms to 'pkl-run2-rdx_iso/run2-rdx-2017-mu-Pi_nnk_gt-p_eta_ntracks.root'
Converting ./pkl-run2-rdx_iso/run2-rdx-2017-mu-Pi_nnknng_gt02lt02-p_eta_ntracks.pkl to root...
[I 260829 15:41:20 pklhisto2root:168] Converting histogram 'eff_Brunel_MC15TuneV1_ProbNNk>0.2&Brunel_MC15TuneV1_ProbNNghost<0.2'
[I 260829 15:41:21 pklhisto2root:168] Converting histogram 'passing_Brunel_MC15TuneV1_ProbNNk>0.2&Brunel_MC15TuneV1_ProbNNghost<0.2'
[I 260829 15:41:21 pklhisto2root:168] Converting histogram 'total'
[I 260829 15:41:21 pklhisto2root:172] Writing ROOT histograms to 'pkl-run2-rdx_iso/run2-rdx-2017-mu-Pi_nnknng_gt02lt02-p_eta_ntracks.root'
Converting ./pkl-run2-rdx_iso/run2-rdx-2017-mu-Pi_nnknng_gtlt-p_eta_ntracks.pkl to root...
[I 260829 15:41:24 pklhisto2root:168] Converting histogram 'eff_Brunel_MC15TuneV1_ProbNNk>0.2&Brunel_MC15TuneV1_ProbNNghost<0.3'
[I 260829 15:41:24 pklhisto2root:168] Converting histogram 'passing_Brunel_MC15TuneV1_ProbNNk>0.2&Brunel_MC15TuneV1_ProbNNghost<0.3'
[I 260829 15:41:24 pklhisto2root:168] Converting histogram 'total'
[I 260829 15:41:24 pklhisto2root:172] Writing ROOT histograms to 'pkl-run2-rdx_iso/run2-rdx-2017-mu-Pi_nnknng_gtlt-p_eta_ntracks.root'
Converting ./pkl-run2-rdx_iso/run2-rdx-2017-mu-Pi_nnknng_lt02lt02-p_eta_ntracks.pkl to root...
[I 260829 15:41:28 pklhisto2root:168] Converting histogram 'eff_Brunel_MC15TuneV1_ProbNNk<0.2&Brunel_MC15TuneV1_ProbNNghost<0.2'
[I 260829 15:41:28 pklhisto2root:168] Converting histogram 'passing_Brunel_MC15TuneV1_ProbNNk<0.2&Brunel_MC15TuneV1_ProbNNghost<0.2'
[I 260829 15:41:28 pklhisto2root:168] Converting histogram 'total'
[I 260829 15:41:28 pklhisto2root:172] Writing ROOT histograms to 'pkl-run2-rdx_iso/run2-rdx-2017-mu-Pi_nnknng_lt02lt02-p_eta_ntracks.root'
Converting ./pkl-run2-rdx_iso/run2-rdx-2017-mu-Pi_nnknng_ltlt-p_eta_ntracks.pkl to root...
[I 260829 15:41:32 pklhisto2root:168] Converting histogram 'eff_Brunel_MC15TuneV1_ProbNNk<0.2&Brunel_MC15TuneV1_ProbNNghost<0.3'
[I 260829 15:41:32 pklhisto2root:168] Converting histogram 'passing_Brunel_MC15TuneV1_ProbNNk<0.2&Brunel_MC15TuneV1_ProbNNghost<0.3'
[I 260829 15:41:32 pklhisto2root:168] Converting histogram 'total'
[I 260829 15:41:32 pklhisto2root:172] Writing ROOT histograms to 'pkl-run2-rdx_iso/run2-rdx-2017-mu-Pi_nnknng_ltlt-p_eta_ntracks.root'
Converting ./pkl-run2-rdx_iso/run2-rdx-2017-mu-Pi_nnp_gt-p_eta_ntracks.pkl to root...
[I 260829 15:41:36 pklhisto2root:168] Converting histogram 'eff_Brunel_MC15TuneV1_ProbNNp>0.4'
[I 260829 15:41:36 pklhisto2root:168] Converting histogram 'passing_Brunel_MC15TuneV1_ProbNNp>0.4'
[I 260829 15:41:36 pklhisto2root:168] Converting histogram 'total'
[I 260829 15:41:36 pklhisto2root:172] Writing ROOT histograms to 'pkl-run2-rdx_iso/run2-rdx-2017-mu-Pi_nnp_gt-p_eta_ntracks.root'
Converting ./pkl-run2-rdx_iso/run2-rdx-2017-mu-Pi_nnpnng_gtlt-p_eta_ntracks.pkl to root...
[I 260829 15:41:40 pklhisto2root:168] Converting histogram 'eff_Brunel_MC15TuneV1_ProbNNp>0.4&Brunel_MC15TuneV1_ProbNNghost<0.3'
[I 260829 15:41:40 pklhisto2root:168] Converting histogram 'passing_Brunel_MC15TuneV1_ProbNNp>0.4&Brunel_MC15TuneV1_ProbNNghost<0.3'
[I 260829 15:41:40 pklhisto2root:168] Converting histogram 'total'
[I 260829 15:41:40 pklhisto2root:172] Writing ROOT histograms to 'pkl-run2-rdx_iso/run2-rdx-2017-mu-Pi_nnpnng_gtlt-p_eta_ntracks.root'
Converting ./pkl-run2-rdx_iso/run2-rdx-2017-mu-P_nnk_gt-p_eta_ntracks.pkl to root...
[I 260829 15:41:45 pklhisto2root:168] Converting histogram 'eff_Brunel_MC15TuneV1_ProbNNk>0.2'
[I 260829 15:41:46 pklhisto2root:168] Converting histogram 'passing_Brunel_MC15TuneV1_ProbNNk>0.2'
[I 260829 15:41:46 pklhisto2root:168] Converting histogram 'total'
[I 260829 15:41:46 pklhisto2root:172] Writing ROOT histograms to 'pkl-run2-rdx_iso/run2-rdx-2017-mu-P_nnk_gt-p_eta_ntracks.root'
Converting ./pkl-run2-rdx_iso/run2-rdx-2017-mu-P_nnknng_gt02lt02-p_eta_ntracks.pkl to root...
[I 260829 15:41:49 pklhisto2root:168] Converting histogram 'eff_Brunel_MC15TuneV1_ProbNNk>0.2&Brunel_MC15TuneV1_ProbNNghost<0.2'
[I 260829 15:41:49 pklhisto2root:168] Converting histogram 'passing_Brunel_MC15TuneV1_ProbNNk>0.2&Brunel_MC15TuneV1_ProbNNghost<0.2'
[I 260829 15:41:49 pklhisto2root:168] Converting histogram 'total'
[I 260829 15:41:49 pklhisto2root:172] Writing ROOT histograms to 'pkl-run2-rdx_iso/run2-rdx-2017-mu-P_nnknng_gt02lt02-p_eta_ntracks.root'
Converting ./pkl-run2-rdx_iso/run2-rdx-2017-mu-P_nnknng_gtlt-p_eta_ntracks.pkl to root...
[I 260829 15:41:53 pklhisto2root:168] Converting histogram 'eff_Brunel_MC15TuneV1_ProbNNk>0.2&Brunel_MC15TuneV1_ProbNNghost<0.3'
[I 260829 15:41:53 pklhisto2root:168] Converting histogram 'passing_Brunel_MC15TuneV1_ProbNNk>0.2&Brunel_MC15TuneV1_ProbNNghost<0.3'
[I 260829 15:41:53 pklhisto2root:168] Converting histogram 'total'
[I 260829 15:41:53 pklhisto2root:172] Writing ROOT histograms to 'pkl-run2-rdx_iso/run2-rdx-2017-mu-P_nnknng_gtlt-p_eta_ntracks.root'
Converting ./pkl-run2-rdx_iso/run2-rdx-2017-mu-P_nnknng_lt02lt02-p_eta_ntracks.pkl to root...
[I 260829 15:41:57 pklhisto2root:168] Converting histogram 'eff_Brunel_MC15TuneV1_ProbNNk<0.2&Brunel_MC15TuneV1_ProbNNghost<0.2'
[I 260829 15:41:57 pklhisto2root:168] Converting histogram 'passing_Brunel_MC15TuneV1_ProbNNk<0.2&Brunel_MC15TuneV1_ProbNNghost<0.2'
[I 260829 15:41:57 pklhisto2root:168] Converting histogram 'total'
[I 260829 15:41:57 pklhisto2root:172] Writing ROOT histograms to 'pkl-run2-rdx_iso/run2-rdx-2017-mu-P_nnknng_lt02lt02-p_eta_ntracks.root'
Converting ./pkl-run2-rdx_iso/run2-rdx-2017-mu-P_nnknng_ltlt-p_eta_ntracks.pkl to root...
[I 260829 15:42:01 pklhisto2root:168] Converting histogram 'eff_Brunel_MC15TuneV1_ProbNNk<0.2&Brunel_MC15TuneV1_ProbNNghost<0.3'
[I 260829 15:42:01 pklhisto2root:168] Converting histogram 'passing_Brunel_MC15TuneV1_ProbNNk<0.2&Brunel_MC15TuneV1_ProbNNghost<0.3'
[I 260829 15:42:01 pklhisto2root:168] Converting histogram 'total'
[I 260829 15:42:01 pklhisto2root:172] Writing ROOT histograms to 'pkl-run2-rdx_iso/run2-rdx-2017-mu-P_nnknng_ltlt-p_eta_ntracks.root'
Converting ./pkl-run2-rdx_iso/run2-rdx-2017-mu-P_nnp_gt-p_eta_ntracks.pkl to root...
[I 260829 15:42:05 pklhisto2root:168] Converting histogram 'eff_Brunel_MC15TuneV1_ProbNNp>0.4'
[I 260829 15:42:05 pklhisto2root:168] Converting histogram 'passing_Brunel_MC15TuneV1_ProbNNp>0.4'
[I 260829 15:42:05 pklhisto2root:168] Converting histogram 'total'
[I 260829 15:42:05 pklhisto2root:172] Writing ROOT histograms to 'pkl-run2-rdx_iso/run2-rdx-2017-mu-P_nnp_gt-p_eta_ntracks.root'
Converting ./pkl-run2-rdx_iso/run2-rdx-2017-mu-P_nnpnng_gtlt-p_eta_ntracks.pkl to root...
[I 260829 15:42:09 pklhisto2root:168] Converting histogram 'eff_Brunel_MC15TuneV1_ProbNNp>0.4&Brunel_MC15TuneV1_ProbNNghost<0.3'
[I 260829 15:42:09 pklhisto2root:168] Converting histogram 'passing_Brunel_MC15TuneV1_ProbNNp>0.4&Brunel_MC15TuneV1_ProbNNghost<0.3'
[I 260829 15:42:09 pklhisto2root:168] Converting histogram 'total'
[I 260829 15:42:09 pklhisto2root:172] Writing ROOT histograms to 'pkl-run2-rdx_iso/run2-rdx-2017-mu-P_nnpnng_gtlt-p_eta_ntracks.root'
Converting ./pkl-run2-rdx_iso/run2-rdx-2018-md-e_B_Jpsi_nnk_gt-p_eta_ntracks.pkl to root...
[I 260829 15:42:13 pklhisto2root:168] Converting histogram 'eff_Brunel_MC15TuneV1_ProbNNk>0.2'
[I 260829 15:42:13 pklhisto2root:168] Converting histogram 'passing_Brunel_MC15TuneV1_ProbNNk>0.2'
[I 260829 15:42:13 pklhisto2root:168] Converting histogram 'total'
[I 260829 15:42:13 pklhisto2root:172] Writing ROOT histograms to 'pkl-run2-rdx_iso/run2-rdx-2018-md-e_B_Jpsi_nnk_gt-p_eta_ntracks.root'
Converting ./pkl-run2-rdx_iso/run2-rdx-2018-md-e_B_Jpsi_nnknng_gt02lt02-p_eta_ntracks.pkl to root...
[I 260829 15:42:17 pklhisto2root:168] Converting histogram 'eff_Brunel_MC15TuneV1_ProbNNk>0.2&Brunel_MC15TuneV1_ProbNNghost<0.2'
[I 260829 15:42:17 pklhisto2root:168] Converting histogram 'passing_Brunel_MC15TuneV1_ProbNNk>0.2&Brunel_MC15TuneV1_ProbNNghost<0.2'
[I 260829 15:42:17 pklhisto2root:168] Converting histogram 'total'
[I 260829 15:42:17 pklhisto2root:172] Writing ROOT histograms to 'pkl-run2-rdx_iso/run2-rdx-2018-md-e_B_Jpsi_nnknng_gt02lt02-p_eta_ntracks.root'
Converting ./pkl-run2-rdx_iso/run2-rdx-2018-md-e_B_Jpsi_nnknng_gtlt-p_eta_ntracks.pkl to root...
[I 260829 15:42:21 pklhisto2root:168] Converting histogram 'eff_Brunel_MC15TuneV1_ProbNNk>0.2&Brunel_MC15TuneV1_ProbNNghost<0.3'
[I 260829 15:42:21 pklhisto2root:168] Converting histogram 'passing_Brunel_MC15TuneV1_ProbNNk>0.2&Brunel_MC15TuneV1_ProbNNghost<0.3'
[I 260829 15:42:21 pklhisto2root:168] Converting histogram 'total'
[I 260829 15:42:21 pklhisto2root:172] Writing ROOT histograms to 'pkl-run2-rdx_iso/run2-rdx-2018-md-e_B_Jpsi_nnknng_gtlt-p_eta_ntracks.root'
Converting ./pkl-run2-rdx_iso/run2-rdx-2018-md-e_B_Jpsi_nnknng_lt02lt02-p_eta_ntracks.pkl to root...
[I 260829 15:42:25 pklhisto2root:168] Converting histogram 'eff_Brunel_MC15TuneV1_ProbNNk<0.2&Brunel_MC15TuneV1_ProbNNghost<0.2'
[I 260829 15:42:25 pklhisto2root:168] Converting histogram 'passing_Brunel_MC15TuneV1_ProbNNk<0.2&Brunel_MC15TuneV1_ProbNNghost<0.2'
[I 260829 15:42:25 pklhisto2root:168] Converting histogram 'total'
[I 260829 15:42:25 pklhisto2root:172] Writing ROOT histograms to 'pkl-run2-rdx_iso/run2-rdx-2018-md-e_B_Jpsi_nnknng_lt02lt02-p_eta_ntracks.root'
Converting ./pkl-run2-rdx_iso/run2-rdx-2018-md-e_B_Jpsi_nnknng_ltlt-p_eta_ntracks.pkl to root...
[I 260829 15:42:29 pklhisto2root:168] Converting histogram 'eff_Brunel_MC15TuneV1_ProbNNk<0.2&Brunel_MC15TuneV1_ProbNNghost<0.3'
[I 260829 15:42:29 pklhisto2root:168] Converting histogram 'passing_Brunel_MC15TuneV1_ProbNNk<0.2&Brunel_MC15TuneV1_ProbNNghost<0.3'
[I 260829 15:42:29 pklhisto2root:168] Converting histogram 'total'
[I 260829 15:42:29 pklhisto2root:172] Writing ROOT histograms to 'pkl-run2-rdx_iso/run2-rdx-2018-md-e_B_Jpsi_nnknng_ltlt-p_eta_ntracks.root'
Converting ./pkl-run2-rdx_iso/run2-rdx-2018-md-e_B_Jpsi_nnp_gt-p_eta_ntracks.pkl to root...
[I 260829 15:42:33 pklhisto2root:168] Converting histogram 'eff_Brunel_MC15TuneV1_ProbNNp>0.4'
[I 260829 15:42:33 pklhisto2root:168] Converting histogram 'passing_Brunel_MC15TuneV1_ProbNNp>0.4'
[I 260829 15:42:33 pklhisto2root:168] Converting histogram 'total'
[I 260829 15:42:33 pklhisto2root:172] Writing ROOT histograms to 'pkl-run2-rdx_iso/run2-rdx-2018-md-e_B_Jpsi_nnp_gt-p_eta_ntracks.root'
Converting ./pkl-run2-rdx_iso/run2-rdx-2018-md-e_B_Jpsi_nnpnng_gtlt-p_eta_ntracks.pkl to root...
[I 260829 15:42:36 pklhisto2root:168] Converting histogram 'eff_Brunel_MC15TuneV1_ProbNNp>0.4&Brunel_MC15TuneV1_ProbNNghost<0.3'
[I 260829 15:42:37 pklhisto2root:168] Converting histogram 'passing_Brunel_MC15TuneV1_ProbNNp>0.4&Brunel_MC15TuneV1_ProbNNghost<0.3'
[I 260829 15:42:37 pklhisto2root:168] Converting histogram 'total'
[I 260829 15:42:37 pklhisto2root:172] Writing ROOT histograms to 'pkl-run2-rdx_iso/run2-rdx-2018-md-e_B_Jpsi_nnpnng_gtlt-p_eta_ntracks.root'
Converting ./pkl-run2-rdx_iso/run2-rdx-2018-md-K_nnk_gt-p_eta_ntracks.pkl to root...
[I 260829 15:42:40 pklhisto2root:168] Converting histogram 'eff_Brunel_MC15TuneV1_ProbNNk>0.2'
[I 260829 15:42:41 pklhisto2root:168] Converting histogram 'passing_Brunel_MC15TuneV1_ProbNNk>0.2'
[I 260829 15:42:41 pklhisto2root:168] Converting histogram 'total'
[I 260829 15:42:41 pklhisto2root:172] Writing ROOT histograms to 'pkl-run2-rdx_iso/run2-rdx-2018-md-K_nnk_gt-p_eta_ntracks.root'
Converting ./pkl-run2-rdx_iso/run2-rdx-2018-md-K_nnknng_gt02lt02-p_eta_ntracks.pkl to root...
[I 260829 15:42:44 pklhisto2root:168] Converting histogram 'eff_Brunel_MC15TuneV1_ProbNNk>0.2&Brunel_MC15TuneV1_ProbNNghost<0.2'
[I 260829 15:42:45 pklhisto2root:168] Converting histogram 'passing_Brunel_MC15TuneV1_ProbNNk>0.2&Brunel_MC15TuneV1_ProbNNghost<0.2'
[I 260829 15:42:45 pklhisto2root:168] Converting histogram 'total'
[I 260829 15:42:45 pklhisto2root:172] Writing ROOT histograms to 'pkl-run2-rdx_iso/run2-rdx-2018-md-K_nnknng_gt02lt02-p_eta_ntracks.root'
Converting ./pkl-run2-rdx_iso/run2-rdx-2018-md-K_nnknng_gtlt-p_eta_ntracks.pkl to root...
[I 260829 15:42:48 pklhisto2root:168] Converting histogram 'eff_Brunel_MC15TuneV1_ProbNNk>0.2&Brunel_MC15TuneV1_ProbNNghost<0.3'
[I 260829 15:42:48 pklhisto2root:168] Converting histogram 'passing_Brunel_MC15TuneV1_ProbNNk>0.2&Brunel_MC15TuneV1_ProbNNghost<0.3'
[I 260829 15:42:48 pklhisto2root:168] Converting histogram 'total'
[I 260829 15:42:48 pklhisto2root:172] Writing ROOT histograms to 'pkl-run2-rdx_iso/run2-rdx-2018-md-K_nnknng_gtlt-p_eta_ntracks.root'
Converting ./pkl-run2-rdx_iso/run2-rdx-2018-md-K_nnknng_lt02lt02-p_eta_ntracks.pkl to root...
[I 260829 15:42:52 pklhisto2root:168] Converting histogram 'eff_Brunel_MC15TuneV1_ProbNNk<0.2&Brunel_MC15TuneV1_ProbNNghost<0.2'
[I 260829 15:42:52 pklhisto2root:168] Converting histogram 'passing_Brunel_MC15TuneV1_ProbNNk<0.2&Brunel_MC15TuneV1_ProbNNghost<0.2'
[I 260829 15:42:52 pklhisto2root:168] Converting histogram 'total'
[I 260829 15:42:52 pklhisto2root:172] Writing ROOT histograms to 'pkl-run2-rdx_iso/run2-rdx-2018-md-K_nnknng_lt02lt02-p_eta_ntracks.root'
Converting ./pkl-run2-rdx_iso/run2-rdx-2018-md-K_nnknng_ltlt-p_eta_ntracks.pkl to root...
[I 260829 15:42:56 pklhisto2root:168] Converting histogram 'eff_Brunel_MC15TuneV1_ProbNNk<0.2&Brunel_MC15TuneV1_ProbNNghost<0.3'
[I 260829 15:42:56 pklhisto2root:168] Converting histogram 'passing_Brunel_MC15TuneV1_ProbNNk<0.2&Brunel_MC15TuneV1_ProbNNghost<0.3'
[I 260829 15:42:56 pklhisto2root:168] Converting histogram 'total'
[I 260829 15:42:56 pklhisto2root:172] Writing ROOT histograms to 'pkl-run2-rdx_iso/run2-rdx-2018-md-K_nnknng_ltlt-p_eta_ntracks.root'
Converting ./pkl-run2-rdx_iso/run2-rdx-2018-md-K_nnp_gt-p_eta_ntracks.pkl to root...
[I 260829 15:43:00 pklhisto2root:168] Converting histogram 'eff_Brunel_MC15TuneV1_ProbNNp>0.4'
[I 260829 15:43:00 pklhisto2root:168] Converting histogram 'passing_Brunel_MC15TuneV1_ProbNNp>0.4'
[I 260829 15:43:00 pklhisto2root:168] Converting histogram 'total'
[I 260829 15:43:00 pklhisto2root:172] Writing ROOT histograms to 'pkl-run2-rdx_iso/run2-rdx-2018-md-K_nnp_gt-p_eta_ntracks.root'
Converting ./pkl-run2-rdx_iso/run2-rdx-2018-md-K_nnpnng_gtlt-p_eta_ntracks.pkl to root...
[I 260829 15:43:04 pklhisto2root:168] Converting histogram 'eff_Brunel_MC15TuneV1_ProbNNp>0.4&Brunel_MC15TuneV1_ProbNNghost<0.3'
[I 260829 15:43:04 pklhisto2root:168] Converting histogram 'passing_Brunel_MC15TuneV1_ProbNNp>0.4&Brunel_MC15TuneV1_ProbNNghost<0.3'
[I 260829 15:43:04 pklhisto2root:168] Converting histogram 'total'
[I 260829 15:43:04 pklhisto2root:172] Writing ROOT histograms to 'pkl-run2-rdx_iso/run2-rdx-2018-md-K_nnpnng_gtlt-p_eta_ntracks.root'
Converting ./pkl-run2-rdx_iso/run2-rdx-2018-md-Mu_nopt_nnk_gt-p_eta_ntracks.pkl to root...
[I 260829 15:43:08 pklhisto2root:168] Converting histogram 'eff_Brunel_MC15TuneV1_ProbNNk>0.2'
[I 260829 15:43:08 pklhisto2root:168] Converting histogram 'passing_Brunel_MC15TuneV1_ProbNNk>0.2'
[I 260829 15:43:08 pklhisto2root:168] Converting histogram 'total'
[I 260829 15:43:08 pklhisto2root:172] Writing ROOT histograms to 'pkl-run2-rdx_iso/run2-rdx-2018-md-Mu_nopt_nnk_gt-p_eta_ntracks.root'
Converting ./pkl-run2-rdx_iso/run2-rdx-2018-md-Mu_nopt_nnknng_gt02lt02-p_eta_ntracks.pkl to root...
[I 260829 15:43:12 pklhisto2root:168] Converting histogram 'eff_Brunel_MC15TuneV1_ProbNNk>0.2&Brunel_MC15TuneV1_ProbNNghost<0.2'
[I 260829 15:43:12 pklhisto2root:168] Converting histogram 'passing_Brunel_MC15TuneV1_ProbNNk>0.2&Brunel_MC15TuneV1_ProbNNghost<0.2'
[I 260829 15:43:12 pklhisto2root:168] Converting histogram 'total'
[I 260829 15:43:12 pklhisto2root:172] Writing ROOT histograms to 'pkl-run2-rdx_iso/run2-rdx-2018-md-Mu_nopt_nnknng_gt02lt02-p_eta_ntracks.root'
Converting ./pkl-run2-rdx_iso/run2-rdx-2018-md-Mu_nopt_nnknng_gtlt-p_eta_ntracks.pkl to root...
[I 260829 15:43:16 pklhisto2root:168] Converting histogram 'eff_Brunel_MC15TuneV1_ProbNNk>0.2&Brunel_MC15TuneV1_ProbNNghost<0.3'
[I 260829 15:43:16 pklhisto2root:168] Converting histogram 'passing_Brunel_MC15TuneV1_ProbNNk>0.2&Brunel_MC15TuneV1_ProbNNghost<0.3'
[I 260829 15:43:16 pklhisto2root:168] Converting histogram 'total'
[I 260829 15:43:16 pklhisto2root:172] Writing ROOT histograms to 'pkl-run2-rdx_iso/run2-rdx-2018-md-Mu_nopt_nnknng_gtlt-p_eta_ntracks.root'
Converting ./pkl-run2-rdx_iso/run2-rdx-2018-md-Mu_nopt_nnknng_lt02lt02-p_eta_ntracks.pkl to root...
[I 260829 15:43:20 pklhisto2root:168] Converting histogram 'eff_Brunel_MC15TuneV1_ProbNNk<0.2&Brunel_MC15TuneV1_ProbNNghost<0.2'
[I 260829 15:43:20 pklhisto2root:168] Converting histogram 'passing_Brunel_MC15TuneV1_ProbNNk<0.2&Brunel_MC15TuneV1_ProbNNghost<0.2'
[I 260829 15:43:20 pklhisto2root:168] Converting histogram 'total'
[I 260829 15:43:20 pklhisto2root:172] Writing ROOT histograms to 'pkl-run2-rdx_iso/run2-rdx-2018-md-Mu_nopt_nnknng_lt02lt02-p_eta_ntracks.root'
Converting ./pkl-run2-rdx_iso/run2-rdx-2018-md-Mu_nopt_nnknng_ltlt-p_eta_ntracks.pkl to root...
[I 260829 15:43:24 pklhisto2root:168] Converting histogram 'eff_Brunel_MC15TuneV1_ProbNNk<0.2&Brunel_MC15TuneV1_ProbNNghost<0.3'
[I 260829 15:43:24 pklhisto2root:168] Converting histogram 'passing_Brunel_MC15TuneV1_ProbNNk<0.2&Brunel_MC15TuneV1_ProbNNghost<0.3'
[I 260829 15:43:24 pklhisto2root:168] Converting histogram 'total'
[I 260829 15:43:24 pklhisto2root:172] Writing ROOT histograms to 'pkl-run2-rdx_iso/run2-rdx-2018-md-Mu_nopt_nnknng_ltlt-p_eta_ntracks.root'
Converting ./pkl-run2-rdx_iso/run2-rdx-2018-md-Mu_nopt_nnp_gt-p_eta_ntracks.pkl to root...
[I 260829 15:43:27 pklhisto2root:168] Converting histogram 'eff_Brunel_MC15TuneV1_ProbNNp>0.4'
[I 260829 15:43:28 pklhisto2root:168] Converting histogram 'passing_Brunel_MC15TuneV1_ProbNNp>0.4'
[I 260829 15:43:28 pklhisto2root:168] Converting histogram 'total'
[I 260829 15:43:28 pklhisto2root:172] Writing ROOT histograms to 'pkl-run2-rdx_iso/run2-rdx-2018-md-Mu_nopt_nnp_gt-p_eta_ntracks.root'
Converting ./pkl-run2-rdx_iso/run2-rdx-2018-md-Mu_nopt_nnpnng_gtlt-p_eta_ntracks.pkl to root...
[I 260829 15:43:31 pklhisto2root:168] Converting histogram 'eff_Brunel_MC15TuneV1_ProbNNp>0.4&Brunel_MC15TuneV1_ProbNNghost<0.3'
[I 260829 15:43:32 pklhisto2root:168] Converting histogram 'passing_Brunel_MC15TuneV1_ProbNNp>0.4&Brunel_MC15TuneV1_ProbNNghost<0.3'
[I 260829 15:43:32 pklhisto2root:168] Converting histogram 'total'
[I 260829 15:43:32 pklhisto2root:172] Writing ROOT histograms to 'pkl-run2-rdx_iso/run2-rdx-2018-md-Mu_nopt_nnpnng_gtlt-p_eta_ntracks.root'
Converting ./pkl-run2-rdx_iso/run2-rdx-2018-md-Pi_nnk_gt-p_eta_ntracks.pkl to root...
[I 260829 15:43:35 pklhisto2root:168] Converting histogram 'eff_Brunel_MC15TuneV1_ProbNNk>0.2'
[I 260829 15:43:35 pklhisto2root:168] Converting histogram 'passing_Brunel_MC15TuneV1_ProbNNk>0.2'
[I 260829 15:43:35 pklhisto2root:168] Converting histogram 'total'
[I 260829 15:43:35 pklhisto2root:172] Writing ROOT histograms to 'pkl-run2-rdx_iso/run2-rdx-2018-md-Pi_nnk_gt-p_eta_ntracks.root'
Converting ./pkl-run2-rdx_iso/run2-rdx-2018-md-Pi_nnknng_gt02lt02-p_eta_ntracks.pkl to root...
[I 260829 15:43:39 pklhisto2root:168] Converting histogram 'eff_Brunel_MC15TuneV1_ProbNNk>0.2&Brunel_MC15TuneV1_ProbNNghost<0.2'
[I 260829 15:43:39 pklhisto2root:168] Converting histogram 'passing_Brunel_MC15TuneV1_ProbNNk>0.2&Brunel_MC15TuneV1_ProbNNghost<0.2'
[I 260829 15:43:39 pklhisto2root:168] Converting histogram 'total'
[I 260829 15:43:39 pklhisto2root:172] Writing ROOT histograms to 'pkl-run2-rdx_iso/run2-rdx-2018-md-Pi_nnknng_gt02lt02-p_eta_ntracks.root'
Converting ./pkl-run2-rdx_iso/run2-rdx-2018-md-Pi_nnknng_gtlt-p_eta_ntracks.pkl to root...
[I 260829 15:43:43 pklhisto2root:168] Converting histogram 'eff_Brunel_MC15TuneV1_ProbNNk>0.2&Brunel_MC15TuneV1_ProbNNghost<0.3'
[I 260829 15:43:43 pklhisto2root:168] Converting histogram 'passing_Brunel_MC15TuneV1_ProbNNk>0.2&Brunel_MC15TuneV1_ProbNNghost<0.3'
[I 260829 15:43:43 pklhisto2root:168] Converting histogram 'total'
[I 260829 15:43:43 pklhisto2root:172] Writing ROOT histograms to 'pkl-run2-rdx_iso/run2-rdx-2018-md-Pi_nnknng_gtlt-p_eta_ntracks.root'
Converting ./pkl-run2-rdx_iso/run2-rdx-2018-md-Pi_nnknng_lt02lt02-p_eta_ntracks.pkl to root...
[I 260829 15:43:47 pklhisto2root:168] Converting histogram 'eff_Brunel_MC15TuneV1_ProbNNk<0.2&Brunel_MC15TuneV1_ProbNNghost<0.2'
[I 260829 15:43:47 pklhisto2root:168] Converting histogram 'passing_Brunel_MC15TuneV1_ProbNNk<0.2&Brunel_MC15TuneV1_ProbNNghost<0.2'
[I 260829 15:43:47 pklhisto2root:168] Converting histogram 'total'
[I 260829 15:43:47 pklhisto2root:172] Writing ROOT histograms to 'pkl-run2-rdx_iso/run2-rdx-2018-md-Pi_nnknng_lt02lt02-p_eta_ntracks.root'
Converting ./pkl-run2-rdx_iso/run2-rdx-2018-md-Pi_nnknng_ltlt-p_eta_ntracks.pkl to root...
[I 260829 15:43:51 pklhisto2root:168] Converting histogram 'eff_Brunel_MC15TuneV1_ProbNNk<0.2&Brunel_MC15TuneV1_ProbNNghost<0.3'
[I 260829 15:43:51 pklhisto2root:168] Converting histogram 'passing_Brunel_MC15TuneV1_ProbNNk<0.2&Brunel_MC15TuneV1_ProbNNghost<0.3'
[I 260829 15:43:51 pklhisto2root:168] Converting histogram 'total'
[I 260829 15:43:51 pklhisto2root:172] Writing ROOT histograms to 'pkl-run2-rdx_iso/run2-rdx-2018-md-Pi_nnknng_ltlt-p_eta_ntracks.root'
Converting ./pkl-run2-rdx_iso/run2-rdx-2018-md-Pi_nnp_gt-p_eta_ntracks.pkl to root...
[I 260829 15:43:55 pklhisto2root:168] Converting histogram 'eff_Brunel_MC15TuneV1_ProbNNp>0.4'
[I 260829 15:43:55 pklhisto2root:168] Converting histogram 'passing_Brunel_MC15TuneV1_ProbNNp>0.4'
[I 260829 15:43:55 pklhisto2root:168] Converting histogram 'total'
[I 260829 15:43:55 pklhisto2root:172] Writing ROOT histograms to 'pkl-run2-rdx_iso/run2-rdx-2018-md-Pi_nnp_gt-p_eta_ntracks.root'
Converting ./pkl-run2-rdx_iso/run2-rdx-2018-md-Pi_nnpnng_gtlt-p_eta_ntracks.pkl to root...
[I 260829 15:43:59 pklhisto2root:168] Converting histogram 'eff_Brunel_MC15TuneV1_ProbNNp>0.4&Brunel_MC15TuneV1_ProbNNghost<0.3'
[I 260829 15:43:59 pklhisto2root:168] Converting histogram 'passing_Brunel_MC15TuneV1_ProbNNp>0.4&Brunel_MC15TuneV1_ProbNNghost<0.3'
[I 260829 15:43:59 pklhisto2root:168] Converting histogram 'total'
[I 260829 15:43:59 pklhisto2root:172] Writing ROOT histograms to 'pkl-run2-rdx_iso/run2-rdx-2018-md-Pi_nnpnng_gtlt-p_eta_ntracks.root'
Converting ./pkl-run2-rdx_iso/run2-rdx-2018-md-P_nnk_gt-p_eta_ntracks.pkl to root...
[I 260829 15:44:02 pklhisto2root:168] Converting histogram 'eff_Brunel_MC15TuneV1_ProbNNk>0.2'
[I 260829 15:44:03 pklhisto2root:168] Converting histogram 'passing_Brunel_MC15TuneV1_ProbNNk>0.2'
[I 260829 15:44:03 pklhisto2root:168] Converting histogram 'total'
[I 260829 15:44:03 pklhisto2root:172] Writing ROOT histograms to 'pkl-run2-rdx_iso/run2-rdx-2018-md-P_nnk_gt-p_eta_ntracks.root'
Converting ./pkl-run2-rdx_iso/run2-rdx-2018-md-P_nnknng_gt02lt02-p_eta_ntracks.pkl to root...
[I 260829 15:44:06 pklhisto2root:168] Converting histogram 'eff_Brunel_MC15TuneV1_ProbNNk>0.2&Brunel_MC15TuneV1_ProbNNghost<0.2'
[I 260829 15:44:06 pklhisto2root:168] Converting histogram 'passing_Brunel_MC15TuneV1_ProbNNk>0.2&Brunel_MC15TuneV1_ProbNNghost<0.2'
[I 260829 15:44:06 pklhisto2root:168] Converting histogram 'total'
[I 260829 15:44:06 pklhisto2root:172] Writing ROOT histograms to 'pkl-run2-rdx_iso/run2-rdx-2018-md-P_nnknng_gt02lt02-p_eta_ntracks.root'
Converting ./pkl-run2-rdx_iso/run2-rdx-2018-md-P_nnknng_gtlt-p_eta_ntracks.pkl to root...
[I 260829 15:44:10 pklhisto2root:168] Converting histogram 'eff_Brunel_MC15TuneV1_ProbNNk>0.2&Brunel_MC15TuneV1_ProbNNghost<0.3'
[I 260829 15:44:10 pklhisto2root:168] Converting histogram 'passing_Brunel_MC15TuneV1_ProbNNk>0.2&Brunel_MC15TuneV1_ProbNNghost<0.3'
[I 260829 15:44:10 pklhisto2root:168] Converting histogram 'total'
[I 260829 15:44:10 pklhisto2root:172] Writing ROOT histograms to 'pkl-run2-rdx_iso/run2-rdx-2018-md-P_nnknng_gtlt-p_eta_ntracks.root'
Converting ./pkl-run2-rdx_iso/run2-rdx-2018-md-P_nnknng_lt02lt02-p_eta_ntracks.pkl to root...
[I 260829 15:44:14 pklhisto2root:168] Converting histogram 'eff_Brunel_MC15TuneV1_ProbNNk<0.2&Brunel_MC15TuneV1_ProbNNghost<0.2'
[I 260829 15:44:14 pklhisto2root:168] Converting histogram 'passing_Brunel_MC15TuneV1_ProbNNk<0.2&Brunel_MC15TuneV1_ProbNNghost<0.2'
[I 260829 15:44:14 pklhisto2root:168] Converting histogram 'total'
[I 260829 15:44:14 pklhisto2root:172] Writing ROOT histograms to 'pkl-run2-rdx_iso/run2-rdx-2018-md-P_nnknng_lt02lt02-p_eta_ntracks.root'
Converting ./pkl-run2-rdx_iso/run2-rdx-2018-md-P_nnknng_ltlt-p_eta_ntracks.pkl to root...
[I 260829 15:44:18 pklhisto2root:168] Converting histogram 'eff_Brunel_MC15TuneV1_ProbNNk<0.2&Brunel_MC15TuneV1_ProbNNghost<0.3'
[I 260829 15:44:18 pklhisto2root:168] Converting histogram 'passing_Brunel_MC15TuneV1_ProbNNk<0.2&Brunel_MC15TuneV1_ProbNNghost<0.3'
[I 260829 15:44:18 pklhisto2root:168] Converting histogram 'total'
[I 260829 15:44:18 pklhisto2root:172] Writing ROOT histograms to 'pkl-run2-rdx_iso/run2-rdx-2018-md-P_nnknng_ltlt-p_eta_ntracks.root'
Converting ./pkl-run2-rdx_iso/run2-rdx-2018-md-P_nnp_gt-p_eta_ntracks.pkl to root...
[I 260829 15:44:22 pklhisto2root:168] Converting histogram 'eff_Brunel_MC15TuneV1_ProbNNp>0.4'
[I 260829 15:44:22 pklhisto2root:168] Converting histogram 'passing_Brunel_MC15TuneV1_ProbNNp>0.4'
[I 260829 15:44:22 pklhisto2root:168] Converting histogram 'total'
[I 260829 15:44:22 pklhisto2root:172] Writing ROOT histograms to 'pkl-run2-rdx_iso/run2-rdx-2018-md-P_nnp_gt-p_eta_ntracks.root'
Converting ./pkl-run2-rdx_iso/run2-rdx-2018-md-P_nnpnng_gtlt-p_eta_ntracks.pkl to root...
[I 260829 15:44:26 pklhisto2root:168] Converting histogram 'eff_Brunel_MC15TuneV1_ProbNNp>0.4&Brunel_MC15TuneV1_ProbNNghost<0.3'
[I 260829 15:44:26 pklhisto2root:168] Converting histogram 'passing_Brunel_MC15TuneV1_ProbNNp>0.4&Brunel_MC15TuneV1_ProbNNghost<0.3'
[I 260829 15:44:26 pklhisto2root:168] Converting histogram 'total'
[I 260829 15:44:26 pklhisto2root:172] Writing ROOT histograms to 'pkl-run2-rdx_iso/run2-rdx-2018-md-P_nnpnng_gtlt-p_eta_ntracks.root'
Converting ./pkl-run2-rdx_iso/run2-rdx-2018-mu-e_B_Jpsi_nnk_gt-p_eta_ntracks.pkl to root...
[I 260829 15:44:30 pklhisto2root:168] Converting histogram 'eff_Brunel_MC15TuneV1_ProbNNk>0.2'
[I 260829 15:44:30 pklhisto2root:168] Converting histogram 'passing_Brunel_MC15TuneV1_ProbNNk>0.2'
[I 260829 15:44:30 pklhisto2root:168] Converting histogram 'total'
[I 260829 15:44:30 pklhisto2root:172] Writing ROOT histograms to 'pkl-run2-rdx_iso/run2-rdx-2018-mu-e_B_Jpsi_nnk_gt-p_eta_ntracks.root'
Converting ./pkl-run2-rdx_iso/run2-rdx-2018-mu-e_B_Jpsi_nnknng_gt02lt02-p_eta_ntracks.pkl to root...
[I 260829 15:44:33 pklhisto2root:168] Converting histogram 'eff_Brunel_MC15TuneV1_ProbNNk>0.2&Brunel_MC15TuneV1_ProbNNghost<0.2'
[I 260829 15:44:34 pklhisto2root:168] Converting histogram 'passing_Brunel_MC15TuneV1_ProbNNk>0.2&Brunel_MC15TuneV1_ProbNNghost<0.2'
[I 260829 15:44:34 pklhisto2root:168] Converting histogram 'total'
[I 260829 15:44:34 pklhisto2root:172] Writing ROOT histograms to 'pkl-run2-rdx_iso/run2-rdx-2018-mu-e_B_Jpsi_nnknng_gt02lt02-p_eta_ntracks.root'
Converting ./pkl-run2-rdx_iso/run2-rdx-2018-mu-e_B_Jpsi_nnknng_gtlt-p_eta_ntracks.pkl to root...
[I 260829 15:44:37 pklhisto2root:168] Converting histogram 'eff_Brunel_MC15TuneV1_ProbNNk>0.2&Brunel_MC15TuneV1_ProbNNghost<0.3'
[I 260829 15:44:38 pklhisto2root:168] Converting histogram 'passing_Brunel_MC15TuneV1_ProbNNk>0.2&Brunel_MC15TuneV1_ProbNNghost<0.3'
[I 260829 15:44:38 pklhisto2root:168] Converting histogram 'total'
[I 260829 15:44:38 pklhisto2root:172] Writing ROOT histograms to 'pkl-run2-rdx_iso/run2-rdx-2018-mu-e_B_Jpsi_nnknng_gtlt-p_eta_ntracks.root'
Converting ./pkl-run2-rdx_iso/run2-rdx-2018-mu-e_B_Jpsi_nnknng_lt02lt02-p_eta_ntracks.pkl to root...
[I 260829 15:44:41 pklhisto2root:168] Converting histogram 'eff_Brunel_MC15TuneV1_ProbNNk<0.2&Brunel_MC15TuneV1_ProbNNghost<0.2'
[I 260829 15:44:41 pklhisto2root:168] Converting histogram 'passing_Brunel_MC15TuneV1_ProbNNk<0.2&Brunel_MC15TuneV1_ProbNNghost<0.2'
[I 260829 15:44:41 pklhisto2root:168] Converting histogram 'total'
[I 260829 15:44:41 pklhisto2root:172] Writing ROOT histograms to 'pkl-run2-rdx_iso/run2-rdx-2018-mu-e_B_Jpsi_nnknng_lt02lt02-p_eta_ntracks.root'
Converting ./pkl-run2-rdx_iso/run2-rdx-2018-mu-e_B_Jpsi_nnknng_ltlt-p_eta_ntracks.pkl to root...
[I 260829 15:44:45 pklhisto2root:168] Converting histogram 'eff_Brunel_MC15TuneV1_ProbNNk<0.2&Brunel_MC15TuneV1_ProbNNghost<0.3'
[I 260829 15:44:46 pklhisto2root:168] Converting histogram 'passing_Brunel_MC15TuneV1_ProbNNk<0.2&Brunel_MC15TuneV1_ProbNNghost<0.3'
[I 260829 15:44:46 pklhisto2root:168] Converting histogram 'total'
[I 260829 15:44:46 pklhisto2root:172] Writing ROOT histograms to 'pkl-run2-rdx_iso/run2-rdx-2018-mu-e_B_Jpsi_nnknng_ltlt-p_eta_ntracks.root'
Converting ./pkl-run2-rdx_iso/run2-rdx-2018-mu-e_B_Jpsi_nnp_gt-p_eta_ntracks.pkl to root...
[I 260829 15:44:49 pklhisto2root:168] Converting histogram 'eff_Brunel_MC15TuneV1_ProbNNp>0.4'
[I 260829 15:44:50 pklhisto2root:168] Converting histogram 'passing_Brunel_MC15TuneV1_ProbNNp>0.4'
[I 260829 15:44:50 pklhisto2root:168] Converting histogram 'total'
[I 260829 15:44:50 pklhisto2root:172] Writing ROOT histograms to 'pkl-run2-rdx_iso/run2-rdx-2018-mu-e_B_Jpsi_nnp_gt-p_eta_ntracks.root'
Converting ./pkl-run2-rdx_iso/run2-rdx-2018-mu-e_B_Jpsi_nnpnng_gtlt-p_eta_ntracks.pkl to root...
[I 260829 15:44:53 pklhisto2root:168] Converting histogram 'eff_Brunel_MC15TuneV1_ProbNNp>0.4&Brunel_MC15TuneV1_ProbNNghost<0.3'
[I 260829 15:44:53 pklhisto2root:168] Converting histogram 'passing_Brunel_MC15TuneV1_ProbNNp>0.4&Brunel_MC15TuneV1_ProbNNghost<0.3'
[I 260829 15:44:53 pklhisto2root:168] Converting histogram 'total'
[I 260829 15:44:53 pklhisto2root:172] Writing ROOT histograms to 'pkl-run2-rdx_iso/run2-rdx-2018-mu-e_B_Jpsi_nnpnng_gtlt-p_eta_ntracks.root'
Converting ./pkl-run2-rdx_iso/run2-rdx-2018-mu-K_nnk_gt-p_eta_ntracks.pkl to root...
[I 260829 15:44:57 pklhisto2root:168] Converting histogram 'eff_Brunel_MC15TuneV1_ProbNNk>0.2'
[I 260829 15:44:57 pklhisto2root:168] Converting histogram 'passing_Brunel_MC15TuneV1_ProbNNk>0.2'
[I 260829 15:44:57 pklhisto2root:168] Converting histogram 'total'
[I 260829 15:44:57 pklhisto2root:172] Writing ROOT histograms to 'pkl-run2-rdx_iso/run2-rdx-2018-mu-K_nnk_gt-p_eta_ntracks.root'
Converting ./pkl-run2-rdx_iso/run2-rdx-2018-mu-K_nnknng_gt02lt02-p_eta_ntracks.pkl to root...
[I 260829 15:45:01 pklhisto2root:168] Converting histogram 'eff_Brunel_MC15TuneV1_ProbNNk>0.2&Brunel_MC15TuneV1_ProbNNghost<0.2'
[I 260829 15:45:01 pklhisto2root:168] Converting histogram 'passing_Brunel_MC15TuneV1_ProbNNk>0.2&Brunel_MC15TuneV1_ProbNNghost<0.2'
[I 260829 15:45:01 pklhisto2root:168] Converting histogram 'total'
[I 260829 15:45:01 pklhisto2root:172] Writing ROOT histograms to 'pkl-run2-rdx_iso/run2-rdx-2018-mu-K_nnknng_gt02lt02-p_eta_ntracks.root'
Converting ./pkl-run2-rdx_iso/run2-rdx-2018-mu-K_nnknng_gtlt-p_eta_ntracks.pkl to root...
[I 260829 15:45:05 pklhisto2root:168] Converting histogram 'eff_Brunel_MC15TuneV1_ProbNNk>0.2&Brunel_MC15TuneV1_ProbNNghost<0.3'
[I 260829 15:45:05 pklhisto2root:168] Converting histogram 'passing_Brunel_MC15TuneV1_ProbNNk>0.2&Brunel_MC15TuneV1_ProbNNghost<0.3'
[I 260829 15:45:05 pklhisto2root:168] Converting histogram 'total'
[I 260829 15:45:05 pklhisto2root:172] Writing ROOT histograms to 'pkl-run2-rdx_iso/run2-rdx-2018-mu-K_nnknng_gtlt-p_eta_ntracks.root'
Converting ./pkl-run2-rdx_iso/run2-rdx-2018-mu-K_nnknng_lt02lt02-p_eta_ntracks.pkl to root...
[I 260829 15:45:09 pklhisto2root:168] Converting histogram 'eff_Brunel_MC15TuneV1_ProbNNk<0.2&Brunel_MC15TuneV1_ProbNNghost<0.2'
[I 260829 15:45:09 pklhisto2root:168] Converting histogram 'passing_Brunel_MC15TuneV1_ProbNNk<0.2&Brunel_MC15TuneV1_ProbNNghost<0.2'
[I 260829 15:45:09 pklhisto2root:168] Converting histogram 'total'
[I 260829 15:45:09 pklhisto2root:172] Writing ROOT histograms to 'pkl-run2-rdx_iso/run2-rdx-2018-mu-K_nnknng_lt02lt02-p_eta_ntracks.root'
Converting ./pkl-run2-rdx_iso/run2-rdx-2018-mu-K_nnknng_ltlt-p_eta_ntracks.pkl to root...
[I 260829 15:45:13 pklhisto2root:168] Converting histogram 'eff_Brunel_MC15TuneV1_ProbNNk<0.2&Brunel_MC15TuneV1_ProbNNghost<0.3'
[I 260829 15:45:13 pklhisto2root:168] Converting histogram 'passing_Brunel_MC15TuneV1_ProbNNk<0.2&Brunel_MC15TuneV1_ProbNNghost<0.3'
[I 260829 15:45:13 pklhisto2root:168] Converting histogram 'total'
[I 260829 15:45:13 pklhisto2root:172] Writing ROOT histograms to 'pkl-run2-rdx_iso/run2-rdx-2018-mu-K_nnknng_ltlt-p_eta_ntracks.root'
Converting ./pkl-run2-rdx_iso/run2-rdx-2018-mu-K_nnp_gt-p_eta_ntracks.pkl to root...
[I 260829 15:45:17 pklhisto2root:168] Converting histogram 'eff_Brunel_MC15TuneV1_ProbNNp>0.4'
[I 260829 15:45:17 pklhisto2root:168] Converting histogram 'passing_Brunel_MC15TuneV1_ProbNNp>0.4'
[I 260829 15:45:17 pklhisto2root:168] Converting histogram 'total'
[I 260829 15:45:17 pklhisto2root:172] Writing ROOT histograms to 'pkl-run2-rdx_iso/run2-rdx-2018-mu-K_nnp_gt-p_eta_ntracks.root'
Converting ./pkl-run2-rdx_iso/run2-rdx-2018-mu-K_nnpnng_gtlt-p_eta_ntracks.pkl to root...
[I 260829 15:45:21 pklhisto2root:168] Converting histogram 'eff_Brunel_MC15TuneV1_ProbNNp>0.4&Brunel_MC15TuneV1_ProbNNghost<0.3'
[I 260829 15:45:21 pklhisto2root:168] Converting histogram 'passing_Brunel_MC15TuneV1_ProbNNp>0.4&Brunel_MC15TuneV1_ProbNNghost<0.3'
[I 260829 15:45:21 pklhisto2root:168] Converting histogram 'total'
[I 260829 15:45:21 pklhisto2root:172] Writing ROOT histograms to 'pkl-run2-rdx_iso/run2-rdx-2018-mu-K_nnpnng_gtlt-p_eta_ntracks.root'
Converting ./pkl-run2-rdx_iso/run2-rdx-2018-mu-Mu_nopt_nnk_gt-p_eta_ntracks.pkl to root...
[I 260829 15:45:24 pklhisto2root:168] Converting histogram 'eff_Brunel_MC15TuneV1_ProbNNk>0.2'
[I 260829 15:45:25 pklhisto2root:168] Converting histogram 'passing_Brunel_MC15TuneV1_ProbNNk>0.2'
[I 260829 15:45:25 pklhisto2root:168] Converting histogram 'total'
[I 260829 15:45:25 pklhisto2root:172] Writing ROOT histograms to 'pkl-run2-rdx_iso/run2-rdx-2018-mu-Mu_nopt_nnk_gt-p_eta_ntracks.root'
Converting ./pkl-run2-rdx_iso/run2-rdx-2018-mu-Mu_nopt_nnknng_gt02lt02-p_eta_ntracks.pkl to root...
[I 260829 15:45:28 pklhisto2root:168] Converting histogram 'eff_Brunel_MC15TuneV1_ProbNNk>0.2&Brunel_MC15TuneV1_ProbNNghost<0.2'
[I 260829 15:45:28 pklhisto2root:168] Converting histogram 'passing_Brunel_MC15TuneV1_ProbNNk>0.2&Brunel_MC15TuneV1_ProbNNghost<0.2'
[I 260829 15:45:28 pklhisto2root:168] Converting histogram 'total'
[I 260829 15:45:28 pklhisto2root:172] Writing ROOT histograms to 'pkl-run2-rdx_iso/run2-rdx-2018-mu-Mu_nopt_nnknng_gt02lt02-p_eta_ntracks.root'
Converting ./pkl-run2-rdx_iso/run2-rdx-2018-mu-Mu_nopt_nnknng_gtlt-p_eta_ntracks.pkl to root...
[I 260829 15:45:32 pklhisto2root:168] Converting histogram 'eff_Brunel_MC15TuneV1_ProbNNk>0.2&Brunel_MC15TuneV1_ProbNNghost<0.3'
[I 260829 15:45:32 pklhisto2root:168] Converting histogram 'passing_Brunel_MC15TuneV1_ProbNNk>0.2&Brunel_MC15TuneV1_ProbNNghost<0.3'
[I 260829 15:45:32 pklhisto2root:168] Converting histogram 'total'
[I 260829 15:45:32 pklhisto2root:172] Writing ROOT histograms to 'pkl-run2-rdx_iso/run2-rdx-2018-mu-Mu_nopt_nnknng_gtlt-p_eta_ntracks.root'
Converting ./pkl-run2-rdx_iso/run2-rdx-2018-mu-Mu_nopt_nnknng_lt02lt02-p_eta_ntracks.pkl to root...
[I 260829 15:45:36 pklhisto2root:168] Converting histogram 'eff_Brunel_MC15TuneV1_ProbNNk<0.2&Brunel_MC15TuneV1_ProbNNghost<0.2'
[I 260829 15:45:36 pklhisto2root:168] Converting histogram 'passing_Brunel_MC15TuneV1_ProbNNk<0.2&Brunel_MC15TuneV1_ProbNNghost<0.2'
[I 260829 15:45:36 pklhisto2root:168] Converting histogram 'total'
[I 260829 15:45:36 pklhisto2root:172] Writing ROOT histograms to 'pkl-run2-rdx_iso/run2-rdx-2018-mu-Mu_nopt_nnknng_lt02lt02-p_eta_ntracks.root'
Converting ./pkl-run2-rdx_iso/run2-rdx-2018-mu-Mu_nopt_nnknng_ltlt-p_eta_ntracks.pkl to root...
[I 260829 15:45:40 pklhisto2root:168] Converting histogram 'eff_Brunel_MC15TuneV1_ProbNNk<0.2&Brunel_MC15TuneV1_ProbNNghost<0.3'
[I 260829 15:45:40 pklhisto2root:168] Converting histogram 'passing_Brunel_MC15TuneV1_ProbNNk<0.2&Brunel_MC15TuneV1_ProbNNghost<0.3'
[I 260829 15:45:40 pklhisto2root:168] Converting histogram 'total'
[I 260829 15:45:40 pklhisto2root:172] Writing ROOT histograms to 'pkl-run2-rdx_iso/run2-rdx-2018-mu-Mu_nopt_nnknng_ltlt-p_eta_ntracks.root'
Converting ./pkl-run2-rdx_iso/run2-rdx-2018-mu-Mu_nopt_nnp_gt-p_eta_ntracks.pkl to root...
[I 260829 15:45:44 pklhisto2root:168] Converting histogram 'eff_Brunel_MC15TuneV1_ProbNNp>0.4'
[I 260829 15:45:44 pklhisto2root:168] Converting histogram 'passing_Brunel_MC15TuneV1_ProbNNp>0.4'
[I 260829 15:45:44 pklhisto2root:168] Converting histogram 'total'
[I 260829 15:45:44 pklhisto2root:172] Writing ROOT histograms to 'pkl-run2-rdx_iso/run2-rdx-2018-mu-Mu_nopt_nnp_gt-p_eta_ntracks.root'
Converting ./pkl-run2-rdx_iso/run2-rdx-2018-mu-Mu_nopt_nnpnng_gtlt-p_eta_ntracks.pkl to root...
[I 260829 15:45:48 pklhisto2root:168] Converting histogram 'eff_Brunel_MC15TuneV1_ProbNNp>0.4&Brunel_MC15TuneV1_ProbNNghost<0.3'
[I 260829 15:45:48 pklhisto2root:168] Converting histogram 'passing_Brunel_MC15TuneV1_ProbNNp>0.4&Brunel_MC15TuneV1_ProbNNghost<0.3'
[I 260829 15:45:48 pklhisto2root:168] Converting histogram 'total'
[I 260829 15:45:48 pklhisto2root:172] Writing ROOT histograms to 'pkl-run2-rdx_iso/run2-rdx-2018-mu-Mu_nopt_nnpnng_gtlt-p_eta_ntracks.root'
Converting ./pkl-run2-rdx_iso/run2-rdx-2018-mu-Pi_nnk_gt-p_eta_ntracks.pkl to root...
[I 260829 15:45:52 pklhisto2root:168] Converting histogram 'eff_Brunel_MC15TuneV1_ProbNNk>0.2'
[I 260829 15:45:52 pklhisto2root:168] Converting histogram 'passing_Brunel_MC15TuneV1_ProbNNk>0.2'
[I 260829 15:45:52 pklhisto2root:168] Converting histogram 'total'
[I 260829 15:45:52 pklhisto2root:172] Writing ROOT histograms to 'pkl-run2-rdx_iso/run2-rdx-2018-mu-Pi_nnk_gt-p_eta_ntracks.root'
Converting ./pkl-run2-rdx_iso/run2-rdx-2018-mu-Pi_nnknng_gt02lt02-p_eta_ntracks.pkl to root...
[I 260829 15:45:56 pklhisto2root:168] Converting histogram 'eff_Brunel_MC15TuneV1_ProbNNk>0.2&Brunel_MC15TuneV1_ProbNNghost<0.2'
[I 260829 15:45:56 pklhisto2root:168] Converting histogram 'passing_Brunel_MC15TuneV1_ProbNNk>0.2&Brunel_MC15TuneV1_ProbNNghost<0.2'
[I 260829 15:45:56 pklhisto2root:168] Converting histogram 'total'
[I 260829 15:45:56 pklhisto2root:172] Writing ROOT histograms to 'pkl-run2-rdx_iso/run2-rdx-2018-mu-Pi_nnknng_gt02lt02-p_eta_ntracks.root'
Converting ./pkl-run2-rdx_iso/run2-rdx-2018-mu-Pi_nnknng_gtlt-p_eta_ntracks.pkl to root...
[I 260829 15:46:00 pklhisto2root:168] Converting histogram 'eff_Brunel_MC15TuneV1_ProbNNk>0.2&Brunel_MC15TuneV1_ProbNNghost<0.3'
[I 260829 15:46:00 pklhisto2root:168] Converting histogram 'passing_Brunel_MC15TuneV1_ProbNNk>0.2&Brunel_MC15TuneV1_ProbNNghost<0.3'
[I 260829 15:46:00 pklhisto2root:168] Converting histogram 'total'
[I 260829 15:46:00 pklhisto2root:172] Writing ROOT histograms to 'pkl-run2-rdx_iso/run2-rdx-2018-mu-Pi_nnknng_gtlt-p_eta_ntracks.root'
Converting ./pkl-run2-rdx_iso/run2-rdx-2018-mu-Pi_nnknng_lt02lt02-p_eta_ntracks.pkl to root...
[I 260829 15:46:03 pklhisto2root:168] Converting histogram 'eff_Brunel_MC15TuneV1_ProbNNk<0.2&Brunel_MC15TuneV1_ProbNNghost<0.2'
[I 260829 15:46:04 pklhisto2root:168] Converting histogram 'passing_Brunel_MC15TuneV1_ProbNNk<0.2&Brunel_MC15TuneV1_ProbNNghost<0.2'
[I 260829 15:46:04 pklhisto2root:168] Converting histogram 'total'
[I 260829 15:46:04 pklhisto2root:172] Writing ROOT histograms to 'pkl-run2-rdx_iso/run2-rdx-2018-mu-Pi_nnknng_lt02lt02-p_eta_ntracks.root'
Converting ./pkl-run2-rdx_iso/run2-rdx-2018-mu-Pi_nnknng_ltlt-p_eta_ntracks.pkl to root...
[I 260829 15:46:08 pklhisto2root:168] Converting histogram 'eff_Brunel_MC15TuneV1_ProbNNk<0.2&Brunel_MC15TuneV1_ProbNNghost<0.3'
[I 260829 15:46:08 pklhisto2root:168] Converting histogram 'passing_Brunel_MC15TuneV1_ProbNNk<0.2&Brunel_MC15TuneV1_ProbNNghost<0.3'
[I 260829 15:46:08 pklhisto2root:168] Converting histogram 'total'
[I 260829 15:46:08 pklhisto2root:172] Writing ROOT histograms to 'pkl-run2-rdx_iso/run2-rdx-2018-mu-Pi_nnknng_ltlt-p_eta_ntracks.root'
Converting ./pkl-run2-rdx_iso/run2-rdx-2018-mu-Pi_nnp_gt-p_eta_ntracks.pkl to root...
[I 260829 15:46:12 pklhisto2root:168] Converting histogram 'eff_Brunel_MC15TuneV1_ProbNNp>0.4'
[I 260829 15:46:12 pklhisto2root:168] Converting histogram 'passing_Brunel_MC15TuneV1_ProbNNp>0.4'
[I 260829 15:46:12 pklhisto2root:168] Converting histogram 'total'
[I 260829 15:46:12 pklhisto2root:172] Writing ROOT histograms to 'pkl-run2-rdx_iso/run2-rdx-2018-mu-Pi_nnp_gt-p_eta_ntracks.root'
Converting ./pkl-run2-rdx_iso/run2-rdx-2018-mu-Pi_nnpnng_gtlt-p_eta_ntracks.pkl to root...
[I 260829 15:46:16 pklhisto2root:168] Converting histogram 'eff_Brunel_MC15TuneV1_ProbNNp>0.4&Brunel_MC15TuneV1_ProbNNghost<0.3'
[I 260829 15:46:16 pklhisto2root:168] Converting histogram 'passing_Brunel_MC15TuneV1_ProbNNp>0.4&Brunel_MC15TuneV1_ProbNNghost<0.3'
[I 260829 15:46:16 pklhisto2root:168] Converting histogram 'total'
[I 260829 15:46:16 pklhisto2root:172] Writing ROOT histograms to 'pkl-run2-rdx_iso/run2-rdx-2018-mu-Pi_nnpnng_gtlt-p_eta_ntracks.root'
Converting ./pkl-run2-rdx_iso/run2-rdx-2018-mu-P_nnk_gt-p_eta_ntracks.pkl to root...
[I 260829 15:46:20 pklhisto2root:168] Converting histogram 'eff_Brunel_MC15TuneV1_ProbNNk>0.2'
[I 260829 15:46:20 pklhisto2root:168] Converting histogram 'passing_Brunel_MC15TuneV1_ProbNNk>0.2'
[I 260829 15:46:20 pklhisto2root:168] Converting histogram 'total'
[I 260829 15:46:20 pklhisto2root:172] Writing ROOT histograms to 'pkl-run2-rdx_iso/run2-rdx-2018-mu-P_nnk_gt-p_eta_ntracks.root'
Converting ./pkl-run2-rdx_iso/run2-rdx-2018-mu-P_nnknng_gt02lt02-p_eta_ntracks.pkl to root...
[I 260829 15:46:23 pklhisto2root:168] Converting histogram 'eff_Brunel_MC15TuneV1_ProbNNk>0.2&Brunel_MC15TuneV1_ProbNNghost<0.2'
[I 260829 15:46:24 pklhisto2root:168] Converting histogram 'passing_Brunel_MC15TuneV1_ProbNNk>0.2&Brunel_MC15TuneV1_ProbNNghost<0.2'
[I 260829 15:46:24 pklhisto2root:168] Converting histogram 'total'
[I 260829 15:46:24 pklhisto2root:172] Writing ROOT histograms to 'pkl-run2-rdx_iso/run2-rdx-2018-mu-P_nnknng_gt02lt02-p_eta_ntracks.root'
Converting ./pkl-run2-rdx_iso/run2-rdx-2018-mu-P_nnknng_gtlt-p_eta_ntracks.pkl to root...
[I 260829 15:46:27 pklhisto2root:168] Converting histogram 'eff_Brunel_MC15TuneV1_ProbNNk>0.2&Brunel_MC15TuneV1_ProbNNghost<0.3'
[I 260829 15:46:28 pklhisto2root:168] Converting histogram 'passing_Brunel_MC15TuneV1_ProbNNk>0.2&Brunel_MC15TuneV1_ProbNNghost<0.3'
[I 260829 15:46:28 pklhisto2root:168] Converting histogram 'total'
[I 260829 15:46:28 pklhisto2root:172] Writing ROOT histograms to 'pkl-run2-rdx_iso/run2-rdx-2018-mu-P_nnknng_gtlt-p_eta_ntracks.root'
Converting ./pkl-run2-rdx_iso/run2-rdx-2018-mu-P_nnknng_lt02lt02-p_eta_ntracks.pkl to root...
[I 260829 15:46:31 pklhisto2root:168] Converting histogram 'eff_Brunel_MC15TuneV1_ProbNNk<0.2&Brunel_MC15TuneV1_ProbNNghost<0.2'
[I 260829 15:46:32 pklhisto2root:168] Converting histogram 'passing_Brunel_MC15TuneV1_ProbNNk<0.2&Brunel_MC15TuneV1_ProbNNghost<0.2'
[I 260829 15:46:32 pklhisto2root:168] Converting histogram 'total'
[I 260829 15:46:32 pklhisto2root:172] Writing ROOT histograms to 'pkl-run2-rdx_iso/run2-rdx-2018-mu-P_nnknng_lt02lt02-p_eta_ntracks.root'
Converting ./pkl-run2-rdx_iso/run2-rdx-2018-mu-P_nnknng_ltlt-p_eta_ntracks.pkl to root...
[I 260829 15:46:35 pklhisto2root:168] Converting histogram 'eff_Brunel_MC15TuneV1_ProbNNk<0.2&Brunel_MC15TuneV1_ProbNNghost<0.3'
[I 260829 15:46:35 pklhisto2root:168] Converting histogram 'passing_Brunel_MC15TuneV1_ProbNNk<0.2&Brunel_MC15TuneV1_ProbNNghost<0.3'
[I 260829 15:46:35 pklhisto2root:168] Converting histogram 'total'
[I 260829 15:46:35 pklhisto2root:172] Writing ROOT histograms to 'pkl-run2-rdx_iso/run2-rdx-2018-mu-P_nnknng_ltlt-p_eta_ntracks.root'
Converting ./pkl-run2-rdx_iso/run2-rdx-2018-mu-P_nnp_gt-p_eta_ntracks.pkl to root...
[I 260829 15:46:39 pklhisto2root:168] Converting histogram 'eff_Brunel_MC15TuneV1_ProbNNp>0.4'
[I 260829 15:46:39 pklhisto2root:168] Converting histogram 'passing_Brunel_MC15TuneV1_ProbNNp>0.4'
[I 260829 15:46:39 pklhisto2root:168] Converting histogram 'total'
[I 260829 15:46:39 pklhisto2root:172] Writing ROOT histograms to 'pkl-run2-rdx_iso/run2-rdx-2018-mu-P_nnp_gt-p_eta_ntracks.root'
Converting ./pkl-run2-rdx_iso/run2-rdx-2018-mu-P_nnpnng_gtlt-p_eta_ntracks.pkl to root...
[I 260829 15:46:43 pklhisto2root:168] Converting histogram 'eff_Brunel_MC15TuneV1_ProbNNp>0.4&Brunel_MC15TuneV1_ProbNNghost<0.3'
[I 260829 15:46:43 pklhisto2root:168] Converting histogram 'passing_Brunel_MC15TuneV1_ProbNNp>0.4&Brunel_MC15TuneV1_ProbNNghost<0.3'
[I 260829 15:46:43 pklhisto2root:168] Converting histogram 'total'
[I 260829 15:46:43 pklhisto2root:172] Writing ROOT histograms to 'pkl-run2-rdx_iso/run2-rdx-2018-mu-P_nnpnng_gtlt-p_eta_ntracks.root'
./root-run2-rdx_iso-shifted-tmp already exist! Removing it...
Working on ./root-run2-rdx_iso-tmp/run2-rdx-2016-md-e_B_Jpsi_nnk_gt-p_eta_ntracks.root...
  Handling eff_Brunel_MC15TuneV1_ProbNNk>0.2
  WARNING: Skipping passing_Brunel_MC15TuneV1_ProbNNk>0.2
  WARNING: Skipping total
Working on ./root-run2-rdx_iso-tmp/run2-rdx-2016-md-e_B_Jpsi_nnknng_gt02lt02-p_eta_ntracks.root...
  Handling eff_Brunel_MC15TuneV1_ProbNNk>0.2&Brunel_MC15TuneV1_ProbNNghost<0.2
  WARNING: Skipping passing_Brunel_MC15TuneV1_ProbNNk>0.2&Brunel_MC15TuneV1_ProbNNghost<0.2
  WARNING: Skipping total
Working on ./root-run2-rdx_iso-tmp/run2-rdx-2016-md-e_B_Jpsi_nnknng_gtlt-p_eta_ntracks.root...
  Handling eff_Brunel_MC15TuneV1_ProbNNk>0.2&Brunel_MC15TuneV1_ProbNNghost<0.3
  WARNING: Skipping passing_Brunel_MC15TuneV1_ProbNNk>0.2&Brunel_MC15TuneV1_ProbNNghost<0.3
  WARNING: Skipping total
Working on ./root-run2-rdx_iso-tmp/run2-rdx-2016-md-e_B_Jpsi_nnknng_lt02lt02-p_eta_ntracks.root...
  Handling eff_Brunel_MC15TuneV1_ProbNNk<0.2&Brunel_MC15TuneV1_ProbNNghost<0.2
  WARNING: Skipping passing_Brunel_MC15TuneV1_ProbNNk<0.2&Brunel_MC15TuneV1_ProbNNghost<0.2
  WARNING: Skipping total
Working on ./root-run2-rdx_iso-tmp/run2-rdx-2016-md-e_B_Jpsi_nnknng_ltlt-p_eta_ntracks.root...
  Handling eff_Brunel_MC15TuneV1_ProbNNk<0.2&Brunel_MC15TuneV1_ProbNNghost<0.3
  WARNING: Skipping passing_Brunel_MC15TuneV1_ProbNNk<0.2&Brunel_MC15TuneV1_ProbNNghost<0.3
  WARNING: Skipping total
Working on ./root-run2-rdx_iso-tmp/run2-rdx-2016-md-e_B_Jpsi_nnp_gt-p_eta_ntracks.root...
  Handling eff_Brunel_MC15TuneV1_ProbNNp>0.4
  WARNING: Skipping passing_Brunel_MC15TuneV1_ProbNNp>0.4
  WARNING: Skipping total
Working on ./root-run2-rdx_iso-tmp/run2-rdx-2016-md-e_B_Jpsi_nnpnng_gtlt-p_eta_ntracks.root...
  Handling eff_Brunel_MC15TuneV1_ProbNNp>0.4&Brunel_MC15TuneV1_ProbNNghost<0.3
  WARNING: Skipping passing_Brunel_MC15TuneV1_ProbNNp>0.4&Brunel_MC15TuneV1_ProbNNghost<0.3
  WARNING: Skipping total
Working on ./root-run2-rdx_iso-tmp/run2-rdx-2016-md-K_nnk_gt-p_eta_ntracks.root...
  Handling eff_Brunel_MC15TuneV1_ProbNNk>0.2
  WARNING: Skipping passing_Brunel_MC15TuneV1_ProbNNk>0.2
  WARNING: Skipping total
Working on ./root-run2-rdx_iso-tmp/run2-rdx-2016-md-K_nnknng_gt02lt02-p_eta_ntracks.root...
  Handling eff_Brunel_MC15TuneV1_ProbNNk>0.2&Brunel_MC15TuneV1_ProbNNghost<0.2
  WARNING: Skipping passing_Brunel_MC15TuneV1_ProbNNk>0.2&Brunel_MC15TuneV1_ProbNNghost<0.2
  WARNING: Skipping total
Working on ./root-run2-rdx_iso-tmp/run2-rdx-2016-md-K_nnknng_gtlt-p_eta_ntracks.root...
  Handling eff_Brunel_MC15TuneV1_ProbNNk>0.2&Brunel_MC15TuneV1_ProbNNghost<0.3
  WARNING: Skipping passing_Brunel_MC15TuneV1_ProbNNk>0.2&Brunel_MC15TuneV1_ProbNNghost<0.3
  WARNING: Skipping total
Working on ./root-run2-rdx_iso-tmp/run2-rdx-2016-md-K_nnknng_lt02lt02-p_eta_ntracks.root...
  Handling eff_Brunel_MC15TuneV1_ProbNNk<0.2&Brunel_MC15TuneV1_ProbNNghost<0.2
  WARNING: Skipping passing_Brunel_MC15TuneV1_ProbNNk<0.2&Brunel_MC15TuneV1_ProbNNghost<0.2
  WARNING: Skipping total
Working on ./root-run2-rdx_iso-tmp/run2-rdx-2016-md-K_nnknng_ltlt-p_eta_ntracks.root...
  Handling eff_Brunel_MC15TuneV1_ProbNNk<0.2&Brunel_MC15TuneV1_ProbNNghost<0.3
  WARNING: Skipping passing_Brunel_MC15TuneV1_ProbNNk<0.2&Brunel_MC15TuneV1_ProbNNghost<0.3
  WARNING: Skipping total
Working on ./root-run2-rdx_iso-tmp/run2-rdx-2016-md-K_nnp_gt-p_eta_ntracks.root...
  Handling eff_Brunel_MC15TuneV1_ProbNNp>0.4
  WARNING: Skipping passing_Brunel_MC15TuneV1_ProbNNp>0.4
  WARNING: Skipping total
Working on ./root-run2-rdx_iso-tmp/run2-rdx-2016-md-K_nnpnng_gtlt-p_eta_ntracks.root...
  Handling eff_Brunel_MC15TuneV1_ProbNNp>0.4&Brunel_MC15TuneV1_ProbNNghost<0.3
  WARNING: Skipping passing_Brunel_MC15TuneV1_ProbNNp>0.4&Brunel_MC15TuneV1_ProbNNghost<0.3
  WARNING: Skipping total
Working on ./root-run2-rdx_iso-tmp/run2-rdx-2016-md-Mu_nopt_nnk_gt-p_eta_ntracks.root...
  Handling eff_Brunel_MC15TuneV1_ProbNNk>0.2
  WARNING: Skipping passing_Brunel_MC15TuneV1_ProbNNk>0.2
  WARNING: Skipping total
Working on ./root-run2-rdx_iso-tmp/run2-rdx-2016-md-Mu_nopt_nnknng_gt02lt02-p_eta_ntracks.root...
  Handling eff_Brunel_MC15TuneV1_ProbNNk>0.2&Brunel_MC15TuneV1_ProbNNghost<0.2
  WARNING: Skipping passing_Brunel_MC15TuneV1_ProbNNk>0.2&Brunel_MC15TuneV1_ProbNNghost<0.2
  WARNING: Skipping total
Working on ./root-run2-rdx_iso-tmp/run2-rdx-2016-md-Mu_nopt_nnknng_gtlt-p_eta_ntracks.root...
  Handling eff_Brunel_MC15TuneV1_ProbNNk>0.2&Brunel_MC15TuneV1_ProbNNghost<0.3
  WARNING: Skipping passing_Brunel_MC15TuneV1_ProbNNk>0.2&Brunel_MC15TuneV1_ProbNNghost<0.3
  WARNING: Skipping total
Working on ./root-run2-rdx_iso-tmp/run2-rdx-2016-md-Mu_nopt_nnknng_lt02lt02-p_eta_ntracks.root...
  Handling eff_Brunel_MC15TuneV1_ProbNNk<0.2&Brunel_MC15TuneV1_ProbNNghost<0.2
  WARNING: Skipping passing_Brunel_MC15TuneV1_ProbNNk<0.2&Brunel_MC15TuneV1_ProbNNghost<0.2
  WARNING: Skipping total
Working on ./root-run2-rdx_iso-tmp/run2-rdx-2016-md-Mu_nopt_nnknng_ltlt-p_eta_ntracks.root...
  Handling eff_Brunel_MC15TuneV1_ProbNNk<0.2&Brunel_MC15TuneV1_ProbNNghost<0.3
  WARNING: Skipping passing_Brunel_MC15TuneV1_ProbNNk<0.2&Brunel_MC15TuneV1_ProbNNghost<0.3
  WARNING: Skipping total
Working on ./root-run2-rdx_iso-tmp/run2-rdx-2016-md-Mu_nopt_nnp_gt-p_eta_ntracks.root...
  Handling eff_Brunel_MC15TuneV1_ProbNNp>0.4
  WARNING: Skipping passing_Brunel_MC15TuneV1_ProbNNp>0.4
  WARNING: Skipping total
Working on ./root-run2-rdx_iso-tmp/run2-rdx-2016-md-Mu_nopt_nnpnng_gtlt-p_eta_ntracks.root...
  Handling eff_Brunel_MC15TuneV1_ProbNNp>0.4&Brunel_MC15TuneV1_ProbNNghost<0.3
  WARNING: Skipping passing_Brunel_MC15TuneV1_ProbNNp>0.4&Brunel_MC15TuneV1_ProbNNghost<0.3
  WARNING: Skipping total
Working on ./root-run2-rdx_iso-tmp/run2-rdx-2016-md-Pi_nnk_gt-p_eta_ntracks.root...
  Handling eff_Brunel_MC15TuneV1_ProbNNk>0.2
  WARNING: Skipping passing_Brunel_MC15TuneV1_ProbNNk>0.2
  WARNING: Skipping total
Working on ./root-run2-rdx_iso-tmp/run2-rdx-2016-md-Pi_nnknng_gt02lt02-p_eta_ntracks.root...
  Handling eff_Brunel_MC15TuneV1_ProbNNk>0.2&Brunel_MC15TuneV1_ProbNNghost<0.2
  WARNING: Skipping passing_Brunel_MC15TuneV1_ProbNNk>0.2&Brunel_MC15TuneV1_ProbNNghost<0.2
  WARNING: Skipping total
Working on ./root-run2-rdx_iso-tmp/run2-rdx-2016-md-Pi_nnknng_gtlt-p_eta_ntracks.root...
  Handling eff_Brunel_MC15TuneV1_ProbNNk>0.2&Brunel_MC15TuneV1_ProbNNghost<0.3
  WARNING: Skipping passing_Brunel_MC15TuneV1_ProbNNk>0.2&Brunel_MC15TuneV1_ProbNNghost<0.3
  WARNING: Skipping total
Working on ./root-run2-rdx_iso-tmp/run2-rdx-2016-md-Pi_nnknng_lt02lt02-p_eta_ntracks.root...
  Handling eff_Brunel_MC15TuneV1_ProbNNk<0.2&Brunel_MC15TuneV1_ProbNNghost<0.2
  WARNING: Skipping passing_Brunel_MC15TuneV1_ProbNNk<0.2&Brunel_MC15TuneV1_ProbNNghost<0.2
  WARNING: Skipping total
Working on ./root-run2-rdx_iso-tmp/run2-rdx-2016-md-Pi_nnknng_ltlt-p_eta_ntracks.root...
  Handling eff_Brunel_MC15TuneV1_ProbNNk<0.2&Brunel_MC15TuneV1_ProbNNghost<0.3
  WARNING: Skipping passing_Brunel_MC15TuneV1_ProbNNk<0.2&Brunel_MC15TuneV1_ProbNNghost<0.3
  WARNING: Skipping total
Working on ./root-run2-rdx_iso-tmp/run2-rdx-2016-md-Pi_nnp_gt-p_eta_ntracks.root...
  Handling eff_Brunel_MC15TuneV1_ProbNNp>0.4
  WARNING: Skipping passing_Brunel_MC15TuneV1_ProbNNp>0.4
  WARNING: Skipping total
Working on ./root-run2-rdx_iso-tmp/run2-rdx-2016-md-Pi_nnpnng_gtlt-p_eta_ntracks.root...
  Handling eff_Brunel_MC15TuneV1_ProbNNp>0.4&Brunel_MC15TuneV1_ProbNNghost<0.3
  WARNING: Skipping passing_Brunel_MC15TuneV1_ProbNNp>0.4&Brunel_MC15TuneV1_ProbNNghost<0.3
  WARNING: Skipping total
Working on ./root-run2-rdx_iso-tmp/run2-rdx-2016-md-P_nnk_gt-p_eta_ntracks.root...
  Handling eff_Brunel_MC15TuneV1_ProbNNk>0.2
  WARNING: Skipping passing_Brunel_MC15TuneV1_ProbNNk>0.2
  WARNING: Skipping total
Working on ./root-run2-rdx_iso-tmp/run2-rdx-2016-md-P_nnknng_gt02lt02-p_eta_ntracks.root...
  Handling eff_Brunel_MC15TuneV1_ProbNNk>0.2&Brunel_MC15TuneV1_ProbNNghost<0.2
  WARNING: Skipping passing_Brunel_MC15TuneV1_ProbNNk>0.2&Brunel_MC15TuneV1_ProbNNghost<0.2
  WARNING: Skipping total
Working on ./root-run2-rdx_iso-tmp/run2-rdx-2016-md-P_nnknng_gtlt-p_eta_ntracks.root...
  Handling eff_Brunel_MC15TuneV1_ProbNNk>0.2&Brunel_MC15TuneV1_ProbNNghost<0.3
  WARNING: Skipping passing_Brunel_MC15TuneV1_ProbNNk>0.2&Brunel_MC15TuneV1_ProbNNghost<0.3
  WARNING: Skipping total
Working on ./root-run2-rdx_iso-tmp/run2-rdx-2016-md-P_nnknng_lt02lt02-p_eta_ntracks.root...
  Handling eff_Brunel_MC15TuneV1_ProbNNk<0.2&Brunel_MC15TuneV1_ProbNNghost<0.2
  WARNING: Skipping passing_Brunel_MC15TuneV1_ProbNNk<0.2&Brunel_MC15TuneV1_ProbNNghost<0.2
  WARNING: Skipping total
Working on ./root-run2-rdx_iso-tmp/run2-rdx-2016-md-P_nnknng_ltlt-p_eta_ntracks.root...
  Handling eff_Brunel_MC15TuneV1_ProbNNk<0.2&Brunel_MC15TuneV1_ProbNNghost<0.3
  WARNING: Skipping passing_Brunel_MC15TuneV1_ProbNNk<0.2&Brunel_MC15TuneV1_ProbNNghost<0.3
  WARNING: Skipping total
Working on ./root-run2-rdx_iso-tmp/run2-rdx-2016-md-P_nnp_gt-p_eta_ntracks.root...
  Handling eff_Brunel_MC15TuneV1_ProbNNp>0.4
  WARNING: Skipping passing_Brunel_MC15TuneV1_ProbNNp>0.4
  WARNING: Skipping total
Working on ./root-run2-rdx_iso-tmp/run2-rdx-2016-md-P_nnpnng_gtlt-p_eta_ntracks.root...
  Handling eff_Brunel_MC15TuneV1_ProbNNp>0.4&Brunel_MC15TuneV1_ProbNNghost<0.3
  WARNING: Skipping passing_Brunel_MC15TuneV1_ProbNNp>0.4&Brunel_MC15TuneV1_ProbNNghost<0.3
  WARNING: Skipping total
Working on ./root-run2-rdx_iso-tmp/run2-rdx-2016-mu-e_B_Jpsi_nnk_gt-p_eta_ntracks.root...
  Handling eff_Brunel_MC15TuneV1_ProbNNk>0.2
  WARNING: Skipping passing_Brunel_MC15TuneV1_ProbNNk>0.2
  WARNING: Skipping total
Working on ./root-run2-rdx_iso-tmp/run2-rdx-2016-mu-e_B_Jpsi_nnknng_gt02lt02-p_eta_ntracks.root...
  Handling eff_Brunel_MC15TuneV1_ProbNNk>0.2&Brunel_MC15TuneV1_ProbNNghost<0.2
  WARNING: Skipping passing_Brunel_MC15TuneV1_ProbNNk>0.2&Brunel_MC15TuneV1_ProbNNghost<0.2
  WARNING: Skipping total
Working on ./root-run2-rdx_iso-tmp/run2-rdx-2016-mu-e_B_Jpsi_nnknng_gtlt-p_eta_ntracks.root...
  Handling eff_Brunel_MC15TuneV1_ProbNNk>0.2&Brunel_MC15TuneV1_ProbNNghost<0.3
  WARNING: Skipping passing_Brunel_MC15TuneV1_ProbNNk>0.2&Brunel_MC15TuneV1_ProbNNghost<0.3
  WARNING: Skipping total
Working on ./root-run2-rdx_iso-tmp/run2-rdx-2016-mu-e_B_Jpsi_nnknng_lt02lt02-p_eta_ntracks.root...
  Handling eff_Brunel_MC15TuneV1_ProbNNk<0.2&Brunel_MC15TuneV1_ProbNNghost<0.2
  WARNING: Skipping passing_Brunel_MC15TuneV1_ProbNNk<0.2&Brunel_MC15TuneV1_ProbNNghost<0.2
  WARNING: Skipping total
Working on ./root-run2-rdx_iso-tmp/run2-rdx-2016-mu-e_B_Jpsi_nnknng_ltlt-p_eta_ntracks.root...
  Handling eff_Brunel_MC15TuneV1_ProbNNk<0.2&Brunel_MC15TuneV1_ProbNNghost<0.3
  WARNING: Skipping passing_Brunel_MC15TuneV1_ProbNNk<0.2&Brunel_MC15TuneV1_ProbNNghost<0.3
  WARNING: Skipping total
Working on ./root-run2-rdx_iso-tmp/run2-rdx-2016-mu-e_B_Jpsi_nnp_gt-p_eta_ntracks.root...
  Handling eff_Brunel_MC15TuneV1_ProbNNp>0.4
  WARNING: Skipping passing_Brunel_MC15TuneV1_ProbNNp>0.4
  WARNING: Skipping total
Working on ./root-run2-rdx_iso-tmp/run2-rdx-2016-mu-e_B_Jpsi_nnpnng_gtlt-p_eta_ntracks.root...
  Handling eff_Brunel_MC15TuneV1_ProbNNp>0.4&Brunel_MC15TuneV1_ProbNNghost<0.3
  WARNING: Skipping passing_Brunel_MC15TuneV1_ProbNNp>0.4&Brunel_MC15TuneV1_ProbNNghost<0.3
  WARNING: Skipping total
Working on ./root-run2-rdx_iso-tmp/run2-rdx-2016-mu-K_nnk_gt-p_eta_ntracks.root...
  Handling eff_Brunel_MC15TuneV1_ProbNNk>0.2
  WARNING: Skipping passing_Brunel_MC15TuneV1_ProbNNk>0.2
  WARNING: Skipping total
Working on ./root-run2-rdx_iso-tmp/run2-rdx-2016-mu-K_nnknng_gt02lt02-p_eta_ntracks.root...
  Handling eff_Brunel_MC15TuneV1_ProbNNk>0.2&Brunel_MC15TuneV1_ProbNNghost<0.2
  WARNING: Skipping passing_Brunel_MC15TuneV1_ProbNNk>0.2&Brunel_MC15TuneV1_ProbNNghost<0.2
  WARNING: Skipping total
Working on ./root-run2-rdx_iso-tmp/run2-rdx-2016-mu-K_nnknng_gtlt-p_eta_ntracks.root...
  Handling eff_Brunel_MC15TuneV1_ProbNNk>0.2&Brunel_MC15TuneV1_ProbNNghost<0.3
  WARNING: Skipping passing_Brunel_MC15TuneV1_ProbNNk>0.2&Brunel_MC15TuneV1_ProbNNghost<0.3
  WARNING: Skipping total
Working on ./root-run2-rdx_iso-tmp/run2-rdx-2016-mu-K_nnknng_lt02lt02-p_eta_ntracks.root...
  Handling eff_Brunel_MC15TuneV1_ProbNNk<0.2&Brunel_MC15TuneV1_ProbNNghost<0.2
  WARNING: Skipping passing_Brunel_MC15TuneV1_ProbNNk<0.2&Brunel_MC15TuneV1_ProbNNghost<0.2
  WARNING: Skipping total
Working on ./root-run2-rdx_iso-tmp/run2-rdx-2016-mu-K_nnknng_ltlt-p_eta_ntracks.root...
  Handling eff_Brunel_MC15TuneV1_ProbNNk<0.2&Brunel_MC15TuneV1_ProbNNghost<0.3
  WARNING: Skipping passing_Brunel_MC15TuneV1_ProbNNk<0.2&Brunel_MC15TuneV1_ProbNNghost<0.3
  WARNING: Skipping total
Working on ./root-run2-rdx_iso-tmp/run2-rdx-2016-mu-K_nnp_gt-p_eta_ntracks.root...
  Handling eff_Brunel_MC15TuneV1_ProbNNp>0.4
  WARNING: Skipping passing_Brunel_MC15TuneV1_ProbNNp>0.4
  WARNING: Skipping total
Working on ./root-run2-rdx_iso-tmp/run2-rdx-2016-mu-K_nnpnng_gtlt-p_eta_ntracks.root...
  Handling eff_Brunel_MC15TuneV1_ProbNNp>0.4&Brunel_MC15TuneV1_ProbNNghost<0.3
  WARNING: Skipping passing_Brunel_MC15TuneV1_ProbNNp>0.4&Brunel_MC15TuneV1_ProbNNghost<0.3
  WARNING: Skipping total
Working on ./root-run2-rdx_iso-tmp/run2-rdx-2016-mu-Mu_nopt_nnk_gt-p_eta_ntracks.root...
  Handling eff_Brunel_MC15TuneV1_ProbNNk>0.2
  WARNING: Skipping passing_Brunel_MC15TuneV1_ProbNNk>0.2
  WARNING: Skipping total
Working on ./root-run2-rdx_iso-tmp/run2-rdx-2016-mu-Mu_nopt_nnknng_gt02lt02-p_eta_ntracks.root...
  Handling eff_Brunel_MC15TuneV1_ProbNNk>0.2&Brunel_MC15TuneV1_ProbNNghost<0.2
  WARNING: Skipping passing_Brunel_MC15TuneV1_ProbNNk>0.2&Brunel_MC15TuneV1_ProbNNghost<0.2
  WARNING: Skipping total
Working on ./root-run2-rdx_iso-tmp/run2-rdx-2016-mu-Mu_nopt_nnknng_gtlt-p_eta_ntracks.root...
  Handling eff_Brunel_MC15TuneV1_ProbNNk>0.2&Brunel_MC15TuneV1_ProbNNghost<0.3
  WARNING: Skipping passing_Brunel_MC15TuneV1_ProbNNk>0.2&Brunel_MC15TuneV1_ProbNNghost<0.3
  WARNING: Skipping total
Working on ./root-run2-rdx_iso-tmp/run2-rdx-2016-mu-Mu_nopt_nnknng_lt02lt02-p_eta_ntracks.root...
  Handling eff_Brunel_MC15TuneV1_ProbNNk<0.2&Brunel_MC15TuneV1_ProbNNghost<0.2
  WARNING: Skipping passing_Brunel_MC15TuneV1_ProbNNk<0.2&Brunel_MC15TuneV1_ProbNNghost<0.2
  WARNING: Skipping total
Working on ./root-run2-rdx_iso-tmp/run2-rdx-2016-mu-Mu_nopt_nnknng_ltlt-p_eta_ntracks.root...
  Handling eff_Brunel_MC15TuneV1_ProbNNk<0.2&Brunel_MC15TuneV1_ProbNNghost<0.3
  WARNING: Skipping passing_Brunel_MC15TuneV1_ProbNNk<0.2&Brunel_MC15TuneV1_ProbNNghost<0.3
  WARNING: Skipping total
Working on ./root-run2-rdx_iso-tmp/run2-rdx-2016-mu-Mu_nopt_nnp_gt-p_eta_ntracks.root...
  Handling eff_Brunel_MC15TuneV1_ProbNNp>0.4
  WARNING: Skipping passing_Brunel_MC15TuneV1_ProbNNp>0.4
  WARNING: Skipping total
Working on ./root-run2-rdx_iso-tmp/run2-rdx-2016-mu-Mu_nopt_nnpnng_gtlt-p_eta_ntracks.root...
  Handling eff_Brunel_MC15TuneV1_ProbNNp>0.4&Brunel_MC15TuneV1_ProbNNghost<0.3
    WARNING: Raw mean (-3.8789400688130585e-07) not in [0, 1] for 104!
    WARNING: Raw (-3.8789400688130585e-07) and shifted (0.00027664449918314826) are very different for 104!
      104: Raw: -0.0000004 ± 0.0004104. Shifted: 0.0002766
  WARNING: Skipping passing_Brunel_MC15TuneV1_ProbNNp>0.4&Brunel_MC15TuneV1_ProbNNghost<0.3
  WARNING: Skipping total
Working on ./root-run2-rdx_iso-tmp/run2-rdx-2016-mu-Pi_nnk_gt-p_eta_ntracks.root...
  Handling eff_Brunel_MC15TuneV1_ProbNNk>0.2
  WARNING: Skipping passing_Brunel_MC15TuneV1_ProbNNk>0.2
  WARNING: Skipping total
Working on ./root-run2-rdx_iso-tmp/run2-rdx-2016-mu-Pi_nnknng_gt02lt02-p_eta_ntracks.root...
  Handling eff_Brunel_MC15TuneV1_ProbNNk>0.2&Brunel_MC15TuneV1_ProbNNghost<0.2
  WARNING: Skipping passing_Brunel_MC15TuneV1_ProbNNk>0.2&Brunel_MC15TuneV1_ProbNNghost<0.2
  WARNING: Skipping total
Working on ./root-run2-rdx_iso-tmp/run2-rdx-2016-mu-Pi_nnknng_gtlt-p_eta_ntracks.root...
  Handling eff_Brunel_MC15TuneV1_ProbNNk>0.2&Brunel_MC15TuneV1_ProbNNghost<0.3
  WARNING: Skipping passing_Brunel_MC15TuneV1_ProbNNk>0.2&Brunel_MC15TuneV1_ProbNNghost<0.3
  WARNING: Skipping total
Working on ./root-run2-rdx_iso-tmp/run2-rdx-2016-mu-Pi_nnknng_lt02lt02-p_eta_ntracks.root...
  Handling eff_Brunel_MC15TuneV1_ProbNNk<0.2&Brunel_MC15TuneV1_ProbNNghost<0.2
  WARNING: Skipping passing_Brunel_MC15TuneV1_ProbNNk<0.2&Brunel_MC15TuneV1_ProbNNghost<0.2
  WARNING: Skipping total
Working on ./root-run2-rdx_iso-tmp/run2-rdx-2016-mu-Pi_nnknng_ltlt-p_eta_ntracks.root...
  Handling eff_Brunel_MC15TuneV1_ProbNNk<0.2&Brunel_MC15TuneV1_ProbNNghost<0.3
  WARNING: Skipping passing_Brunel_MC15TuneV1_ProbNNk<0.2&Brunel_MC15TuneV1_ProbNNghost<0.3
  WARNING: Skipping total
Working on ./root-run2-rdx_iso-tmp/run2-rdx-2016-mu-Pi_nnp_gt-p_eta_ntracks.root...
  Handling eff_Brunel_MC15TuneV1_ProbNNp>0.4
  WARNING: Skipping passing_Brunel_MC15TuneV1_ProbNNp>0.4
  WARNING: Skipping total
Working on ./root-run2-rdx_iso-tmp/run2-rdx-2016-mu-Pi_nnpnng_gtlt-p_eta_ntracks.root...
  Handling eff_Brunel_MC15TuneV1_ProbNNp>0.4&Brunel_MC15TuneV1_ProbNNghost<0.3
  WARNING: Skipping passing_Brunel_MC15TuneV1_ProbNNp>0.4&Brunel_MC15TuneV1_ProbNNghost<0.3
  WARNING: Skipping total
Working on ./root-run2-rdx_iso-tmp/run2-rdx-2016-mu-P_nnk_gt-p_eta_ntracks.root...
  Handling eff_Brunel_MC15TuneV1_ProbNNk>0.2
  WARNING: Skipping passing_Brunel_MC15TuneV1_ProbNNk>0.2
  WARNING: Skipping total
Working on ./root-run2-rdx_iso-tmp/run2-rdx-2016-mu-P_nnknng_gt02lt02-p_eta_ntracks.root...
  Handling eff_Brunel_MC15TuneV1_ProbNNk>0.2&Brunel_MC15TuneV1_ProbNNghost<0.2
  WARNING: Skipping passing_Brunel_MC15TuneV1_ProbNNk>0.2&Brunel_MC15TuneV1_ProbNNghost<0.2
  WARNING: Skipping total
Working on ./root-run2-rdx_iso-tmp/run2-rdx-2016-mu-P_nnknng_gtlt-p_eta_ntracks.root...
  Handling eff_Brunel_MC15TuneV1_ProbNNk>0.2&Brunel_MC15TuneV1_ProbNNghost<0.3
  WARNING: Skipping passing_Brunel_MC15TuneV1_ProbNNk>0.2&Brunel_MC15TuneV1_ProbNNghost<0.3
  WARNING: Skipping total
Working on ./root-run2-rdx_iso-tmp/run2-rdx-2016-mu-P_nnknng_lt02lt02-p_eta_ntracks.root...
  Handling eff_Brunel_MC15TuneV1_ProbNNk<0.2&Brunel_MC15TuneV1_ProbNNghost<0.2
  WARNING: Skipping passing_Brunel_MC15TuneV1_ProbNNk<0.2&Brunel_MC15TuneV1_ProbNNghost<0.2
  WARNING: Skipping total
Working on ./root-run2-rdx_iso-tmp/run2-rdx-2016-mu-P_nnknng_ltlt-p_eta_ntracks.root...
  Handling eff_Brunel_MC15TuneV1_ProbNNk<0.2&Brunel_MC15TuneV1_ProbNNghost<0.3
  WARNING: Skipping passing_Brunel_MC15TuneV1_ProbNNk<0.2&Brunel_MC15TuneV1_ProbNNghost<0.3
  WARNING: Skipping total
Working on ./root-run2-rdx_iso-tmp/run2-rdx-2016-mu-P_nnp_gt-p_eta_ntracks.root...
  Handling eff_Brunel_MC15TuneV1_ProbNNp>0.4
  WARNING: Skipping passing_Brunel_MC15TuneV1_ProbNNp>0.4
  WARNING: Skipping total
Working on ./root-run2-rdx_iso-tmp/run2-rdx-2016-mu-P_nnpnng_gtlt-p_eta_ntracks.root...
  Handling eff_Brunel_MC15TuneV1_ProbNNp>0.4&Brunel_MC15TuneV1_ProbNNghost<0.3
  WARNING: Skipping passing_Brunel_MC15TuneV1_ProbNNp>0.4&Brunel_MC15TuneV1_ProbNNghost<0.3
  WARNING: Skipping total
Working on ./root-run2-rdx_iso-tmp/run2-rdx-2017-md-e_B_Jpsi_nnk_gt-p_eta_ntracks.root...
  Handling eff_Brunel_MC15TuneV1_ProbNNk>0.2
    WARNING: Very large std: 0.41067564928117856 in 122!
    WARNING: Raw mean (-0.05172722619873816) not in [0, 1] for 122!
      122: Raw: -0.0517272 ± 0.4106756. Shifted: 0.2550212
    WARNING: Very large std: 0.6293498701337534 in 144!
    WARNING: Raw mean (-0.3336771322943014) not in [0, 1] for 144!
      144: Raw: -0.3336771 ± 0.6293499. Shifted: 0.2986475
    WARNING: Very large std: 0.2590443346810789 in 134!
      134: Raw: 0.3111222 ± 0.2590443. Shifted: 0.3472616
    WARNING: Very large std: 0.9734252628892632 in 145!
      145: Raw: 0.5023449 ± 0.9734253. Shifted: 0.5002898
    URGENT: Shifted mean (0.0) < 0 for 124!
    WARNING: Raw mean (0.0) not in [0, 1] for 124!
      124: Raw: 0.0000000 ± 0.0000000. Shifted: 0.0000000
    WARNING: Very large std: 0.24772933063751304 in 135!
    WARNING: Raw mean (-0.183457503329734) not in [0, 1] for 135!
      135: Raw: -0.1834575 ± 0.2477293. Shifted: 0.1142373
    WARNING: Raw (0.016546060116103902) and shifted (0.08466248279500115) are very different for 146!
      146: Raw: 0.0165461 ± 0.1159099. Shifted: 0.0846625
    WARNING: Very large std: 10.215879865008926 in 125!
    WARNING: Raw mean (3.260485601244603) not in [0, 1] for 125!
    WARNING: Raw (3.260485601244603) and shifted (0.5033042374203731) are very different for 125!
      125: Raw: 3.2604856 ± 10.2158799. Shifted: 0.5033042
    WARNING: Very large std: 19.057659566955746 in 136!
    WARNING: Raw mean (-4.063274125360614) not in [0, 1] for 136!
    WARNING: Raw (-4.063274125360614) and shifted (0.4984297461981546) are very different for 136!
      136: Raw: -4.0632741 ± 19.0576596. Shifted: 0.4984297
    WARNING: Very large std: 9.02600694189186 in 147!
    WARNING: Raw mean (-0.74414639300974) not in [0, 1] for 147!
      147: Raw: -0.7441464 ± 9.0260069. Shifted: 0.4980926
    URGENT: Shifted mean (1.0) > 1 for 126!
      126: Raw: 1.0000000 ± 0.0000000. Shifted: 1.0000000
    URGENT: Shifted mean (0.0) < 0 for 137!
    WARNING: Raw mean (0.0) not in [0, 1] for 137!
      137: Raw: 0.0000000 ± 0.0000000. Shifted: 0.0000000
    WARNING: Very large std: 96.03957729457528 in 148!
    WARNING: Raw mean (8.414789365655182) not in [0, 1] for 148!
    WARNING: Raw (8.414789365655182) and shifted (0.5001072620118849) are very different for 148!
      148: Raw: 8.4147894 ± 96.0395773. Shifted: 0.5001073
    URGENT: Shifted mean (1.0) > 1 for 127!
      127: Raw: 1.0000000 ± 0.0000000. Shifted: 1.0000000
    URGENT: Shifted mean (-0.0) < 0 for 138!
    WARNING: Raw mean (-0.0) not in [0, 1] for 138!
      138: Raw: 0.0000000 ± 0.0000000. Shifted: 0.0000000
    WARNING: Very large std: 3.6735247939925086 in 149!
    WARNING: Raw mean (1.8446296112503495) not in [0, 1] for 149!
      149: Raw: 1.8446296 ± 3.6735248. Shifted: 0.5123925
    URGENT: Shifted mean (0.0) < 0 for 150!
    WARNING: Raw mean (0.0) not in [0, 1] for 150!
      150: Raw: 0.0000000 ± 0.0000000. Shifted: 0.0000000
    URGENT: Shifted mean (1.0) > 1 for 130!
      130: Raw: 1.0000000 ± 0.0000000. Shifted: 1.0000000
    WARNING: Very large std: 0.4743756952139463 in 141!
      141: Raw: 0.4271119 ± 0.4743757. Shifted: 0.4690072
  WARNING: Skipping passing_Brunel_MC15TuneV1_ProbNNk>0.2
  WARNING: Skipping total
Working on ./root-run2-rdx_iso-tmp/run2-rdx-2017-md-e_B_Jpsi_nnknng_gt02lt02-p_eta_ntracks.root...
  Handling eff_Brunel_MC15TuneV1_ProbNNk>0.2&Brunel_MC15TuneV1_ProbNNghost<0.2
    WARNING: Very large std: 0.567023309353951 in 122!
    WARNING: Raw mean (-0.4461143880398566) not in [0, 1] for 122!
      122: Raw: -0.4461144 ± 0.5670233. Shifted: 0.2477149
    WARNING: Very large std: 0.6293498701337534 in 144!
    WARNING: Raw mean (-0.3336771322943014) not in [0, 1] for 144!
      144: Raw: -0.3336771 ± 0.6293499. Shifted: 0.2986475
    WARNING: Very large std: 0.21022823043497035 in 134!
      134: Raw: 0.2548579 ± 0.2102282. Shifted: 0.2845995
    WARNING: Very large std: 0.8256305451672409 in 145!
      145: Raw: 0.2732255 ± 0.8256305. Shifted: 0.4621464
    URGENT: Shifted mean (0.0) < 0 for 124!
    WARNING: Raw mean (0.0) not in [0, 1] for 124!
      124: Raw: 0.0000000 ± 0.0000000. Shifted: 0.0000000
    WARNING: Raw mean (-0.10799671244503527) not in [0, 1] for 135!
      135: Raw: -0.1079967 ± 0.1633143. Shifted: 0.0782092
    WARNING: Very large std: 10.215879865008926 in 125!
    WARNING: Raw mean (3.260485601244603) not in [0, 1] for 125!
    WARNING: Raw (3.260485601244603) and shifted (0.5033042374203731) are very different for 125!
      125: Raw: 3.2604856 ± 10.2158799. Shifted: 0.5033042
    WARNING: Very large std: 19.057659566955746 in 136!
    WARNING: Raw mean (-4.063274125360614) not in [0, 1] for 136!
    WARNING: Raw (-4.063274125360614) and shifted (0.4984297461981546) are very different for 136!
      136: Raw: -4.0632741 ± 19.0576596. Shifted: 0.4984297
    WARNING: Very large std: 24.59873751204789 in 147!
    WARNING: Raw mean (-2.4748686818132075) not in [0, 1] for 147!
      147: Raw: -2.4748687 ± 24.5987375. Shifted: 0.4993855
    URGENT: Shifted mean (0.0) < 0 for 126!
    WARNING: Raw mean (0.0) not in [0, 1] for 126!
      126: Raw: 0.0000000 ± 0.0000000. Shifted: 0.0000000
    URGENT: Shifted mean (0.0) < 0 for 137!
    WARNING: Raw mean (0.0) not in [0, 1] for 137!
      137: Raw: 0.0000000 ± 0.0000000. Shifted: 0.0000000
    WARNING: Very large std: 93.84334054639973 in 148!
    WARNING: Raw mean (8.241169011914272) not in [0, 1] for 148!
    WARNING: Raw (8.241169011914272) and shifted (0.5001098769380325) are very different for 148!
      148: Raw: 8.2411690 ± 93.8433405. Shifted: 0.5001099
    URGENT: Shifted mean (1.0) > 1 for 127!
      127: Raw: 1.0000000 ± 0.0000000. Shifted: 1.0000000
    URGENT: Shifted mean (-0.0) < 0 for 138!
    WARNING: Raw mean (-0.0) not in [0, 1] for 138!
      138: Raw: 0.0000000 ± 0.0000000. Shifted: 0.0000000
    URGENT: Shifted mean (-0.0) < 0 for 149!
    WARNING: Raw mean (-0.0) not in [0, 1] for 149!
      149: Raw: 0.0000000 ± 0.0000000. Shifted: 0.0000000
    URGENT: Shifted mean (0.0) < 0 for 150!
    WARNING: Raw mean (0.0) not in [0, 1] for 150!
      150: Raw: 0.0000000 ± 0.0000000. Shifted: 0.0000000
    URGENT: Shifted mean (1.0) > 1 for 130!
      130: Raw: 1.0000000 ± 0.0000000. Shifted: 1.0000000
    WARNING: Very large std: 0.32291752183503813 in 141!
    WARNING: Raw mean (-0.21311306223568596) not in [0, 1] for 141!
      141: Raw: -0.2131131 ± 0.3229175. Shifted: 0.1546728
  WARNING: Skipping passing_Brunel_MC15TuneV1_ProbNNk>0.2&Brunel_MC15TuneV1_ProbNNghost<0.2
  WARNING: Skipping total
Working on ./root-run2-rdx_iso-tmp/run2-rdx-2017-md-e_B_Jpsi_nnknng_gtlt-p_eta_ntracks.root...
  Handling eff_Brunel_MC15TuneV1_ProbNNk>0.2&Brunel_MC15TuneV1_ProbNNghost<0.3
    WARNING: Very large std: 0.5021309346964794 in 122!
    WARNING: Raw mean (-0.31415809557328006) not in [0, 1] for 122!
      122: Raw: -0.3141581 ± 0.5021309. Shifted: 0.2394861
    WARNING: Very large std: 0.6293498701337534 in 144!
    WARNING: Raw mean (-0.3336771322943014) not in [0, 1] for 144!
      144: Raw: -0.3336771 ± 0.6293499. Shifted: 0.2986475
    WARNING: Very large std: 0.21503667965497458 in 134!
      134: Raw: 0.2788185 ± 0.2150367. Shifted: 0.3050213
    WARNING: Very large std: 0.8256305451672409 in 145!
      145: Raw: 0.2732255 ± 0.8256305. Shifted: 0.4621464
    URGENT: Shifted mean (0.0) < 0 for 124!
    WARNING: Raw mean (0.0) not in [0, 1] for 124!
      124: Raw: 0.0000000 ± 0.0000000. Shifted: 0.0000000
    WARNING: Raw mean (-0.10799671244503527) not in [0, 1] for 135!
      135: Raw: -0.1079967 ± 0.1633143. Shifted: 0.0782092
    WARNING: Very large std: 10.215879865008926 in 125!
    WARNING: Raw mean (3.260485601244603) not in [0, 1] for 125!
    WARNING: Raw (3.260485601244603) and shifted (0.5033042374203731) are very different for 125!
      125: Raw: 3.2604856 ± 10.2158799. Shifted: 0.5033042
    WARNING: Very large std: 19.057659566955746 in 136!
    WARNING: Raw mean (-4.063274125360614) not in [0, 1] for 136!
    WARNING: Raw (-4.063274125360614) and shifted (0.4984297461981546) are very different for 136!
      136: Raw: -4.0632741 ± 19.0576596. Shifted: 0.4984297
    WARNING: Very large std: 10.042531227737072 in 147!
    WARNING: Raw mean (-0.8595579805447682) not in [0, 1] for 147!
      147: Raw: -0.8595580 ± 10.0425312. Shifted: 0.4983160
    URGENT: Shifted mean (0.0) < 0 for 126!
    WARNING: Raw mean (0.0) not in [0, 1] for 126!
      126: Raw: 0.0000000 ± 0.0000000. Shifted: 0.0000000
    URGENT: Shifted mean (0.0) < 0 for 137!
    WARNING: Raw mean (0.0) not in [0, 1] for 137!
      137: Raw: 0.0000000 ± 0.0000000. Shifted: 0.0000000
    WARNING: Very large std: 93.84334054639973 in 148!
    WARNING: Raw mean (8.241169011914272) not in [0, 1] for 148!
    WARNING: Raw (8.241169011914272) and shifted (0.5001098769380325) are very different for 148!
      148: Raw: 8.2411690 ± 93.8433405. Shifted: 0.5001099
    URGENT: Shifted mean (1.0) > 1 for 127!
      127: Raw: 1.0000000 ± 0.0000000. Shifted: 1.0000000
    URGENT: Shifted mean (-0.0) < 0 for 138!
    WARNING: Raw mean (-0.0) not in [0, 1] for 138!
      138: Raw: 0.0000000 ± 0.0000000. Shifted: 0.0000000
    WARNING: Very large std: 3.6735247939925086 in 149!
    WARNING: Raw mean (1.8446296112503495) not in [0, 1] for 149!
      149: Raw: 1.8446296 ± 3.6735248. Shifted: 0.5123925
    URGENT: Shifted mean (0.0) < 0 for 150!
    WARNING: Raw mean (0.0) not in [0, 1] for 150!
      150: Raw: 0.0000000 ± 0.0000000. Shifted: 0.0000000
    URGENT: Shifted mean (1.0) > 1 for 130!
      130: Raw: 1.0000000 ± 0.0000000. Shifted: 1.0000000
    WARNING: Very large std: 0.4743756952139463 in 141!
      141: Raw: 0.4271119 ± 0.4743757. Shifted: 0.4690072
  WARNING: Skipping passing_Brunel_MC15TuneV1_ProbNNk>0.2&Brunel_MC15TuneV1_ProbNNghost<0.3
  WARNING: Skipping total
Working on ./root-run2-rdx_iso-tmp/run2-rdx-2017-md-e_B_Jpsi_nnknng_lt02lt02-p_eta_ntracks.root...
  Handling eff_Brunel_MC15TuneV1_ProbNNk<0.2&Brunel_MC15TuneV1_ProbNNghost<0.2
    WARNING: Very large std: 0.4154135864358515 in 122!
      122: Raw: 0.4273175 ± 0.4154136. Shifted: 0.4626646
    WARNING: Raw (0.009278538466876757) and shifted (0.0809232937473523) are very different for 133!
      133: Raw: 0.0092785 ± 0.1147055. Shifted: 0.0809233
    URGENT: Shifted mean (0.0) < 0 for 144!
    WARNING: Raw mean (0.0) not in [0, 1] for 144!
      144: Raw: 0.0000000 ± 0.0000000. Shifted: 0.0000000
    WARNING: Very large std: 0.28634301636196763 in 134!
      134: Raw: 0.5620080 ± 0.2863430. Shifted: 0.5482874
    WARNING: Very large std: 1.0294208595726766 in 145!
      145: Raw: 0.3418875 ± 1.0294209. Shifted: 0.4824217
    URGENT: Shifted mean (1.0) > 1 for 124!
      124: Raw: 1.0000000 ± 0.0000000. Shifted: 1.0000000
    WARNING: Very large std: 0.36997576828773976 in 135!
    WARNING: Raw mean (1.1062264899530039) not in [0, 1] for 135!
      135: Raw: 1.1062265 ± 0.3699758. Shifted: 0.7871181
    WARNING: Very large std: 0.2621618854357699 in 146!
      146: Raw: 0.6658831 ± 0.2621619. Shifted: 0.6343612
    WARNING: Very large std: 0.3773081420746675 in 125!
    WARNING: Raw mean (-0.09281993545739486) not in [0, 1] for 125!
      125: Raw: -0.0928199 ± 0.3773081. Shifted: 0.2215568
    URGENT: Shifted mean (0.0) < 0 for 136!
    WARNING: Raw mean (0.0) not in [0, 1] for 136!
      136: Raw: 0.0000000 ± 0.0000000. Shifted: 0.0000000
    WARNING: Very large std: 6.827592302366338 in 147!
    WARNING: Raw (0.02667345447112284) and shifted (0.498732489083423) are very different for 147!
      147: Raw: 0.0266735 ± 6.8275923. Shifted: 0.4987325
    URGENT: Shifted mean (0.0) < 0 for 126!
    WARNING: Raw mean (0.0) not in [0, 1] for 126!
      126: Raw: 0.0000000 ± 0.0000000. Shifted: 0.0000000
    URGENT: Shifted mean (1.0) > 1 for 137!
      137: Raw: 1.0000000 ± 0.0000000. Shifted: 1.0000000
    WARNING: Very large std: 25.488817795146513 in 148!
    WARNING: Raw mean (-1.980074470237419) not in [0, 1] for 148!
      148: Raw: -1.9800745 ± 25.4888178. Shifted: 0.4995229
    URGENT: Shifted mean (0.0) < 0 for 127!
    WARNING: Raw mean (0.0) not in [0, 1] for 127!
      127: Raw: 0.0000000 ± 0.0000000. Shifted: 0.0000000
    URGENT: Shifted mean (1.0) > 1 for 138!
      138: Raw: 1.0000000 ± 0.0000000. Shifted: 1.0000000
    WARNING: Very large std: 5.368571426894711 in 149!
    WARNING: Raw mean (-1.6256133048503036) not in [0, 1] for 149!
      149: Raw: -1.6256133 ± 5.3685714. Shifted: 0.4908032
    URGENT: Shifted mean (1.0) > 1 for 150!
      150: Raw: 1.0000000 ± 0.0000000. Shifted: 1.0000000
    URGENT: Shifted mean (0.0) < 0 for 130!
    WARNING: Raw mean (0.0) not in [0, 1] for 130!
      130: Raw: 0.0000000 ± 0.0000000. Shifted: 0.0000000
    WARNING: Very large std: 0.47437569521394624 in 141!
      141: Raw: 0.5728881 ± 0.4743757. Shifted: 0.5309928
  WARNING: Skipping passing_Brunel_MC15TuneV1_ProbNNk<0.2&Brunel_MC15TuneV1_ProbNNghost<0.2
  WARNING: Skipping total
Working on ./root-run2-rdx_iso-tmp/run2-rdx-2017-md-e_B_Jpsi_nnknng_ltlt-p_eta_ntracks.root...
  Handling eff_Brunel_MC15TuneV1_ProbNNk<0.2&Brunel_MC15TuneV1_ProbNNghost<0.3
    WARNING: Very large std: 0.42402169108143856 in 122!
      122: Raw: 0.4480603 ± 0.4240217. Shifted: 0.4740172
    URGENT: Shifted mean (0.0) < 0 for 144!
    WARNING: Raw mean (0.0) not in [0, 1] for 144!
      144: Raw: 0.0000000 ± 0.0000000. Shifted: 0.0000000
    WARNING: Very large std: 0.2834018239131396 in 134!
      134: Raw: 0.5242687 ± 0.2834018. Shifted: 0.5191368
    WARNING: Very large std: 1.0294208595726766 in 145!
      145: Raw: 0.3418875 ± 1.0294209. Shifted: 0.4824217
    URGENT: Shifted mean (1.0) > 1 for 124!
      124: Raw: 1.0000000 ± 0.0000000. Shifted: 1.0000000
    WARNING: Very large std: 0.36997576828773976 in 135!
    WARNING: Raw mean (1.1062264899530039) not in [0, 1] for 135!
      135: Raw: 1.1062265 ± 0.3699758. Shifted: 0.7871181
    WARNING: Very large std: 0.2621618854357699 in 146!
      146: Raw: 0.6658831 ± 0.2621619. Shifted: 0.6343612
    WARNING: Very large std: 10.215879865008926 in 125!
    WARNING: Raw mean (-2.260485601244603) not in [0, 1] for 125!
      125: Raw: -2.2604856 ± 10.2158799. Shifted: 0.4966958
    URGENT: Shifted mean (0.0) < 0 for 136!
    WARNING: Raw mean (0.0) not in [0, 1] for 136!
      136: Raw: 0.0000000 ± 0.0000000. Shifted: 0.0000000
    WARNING: Very large std: 4.731978042704254 in 147!
      147: Raw: 0.4846384 ± 4.7319780. Shifted: 0.4999145
    URGENT: Shifted mean (0.0) < 0 for 126!
    WARNING: Raw mean (0.0) not in [0, 1] for 126!
      126: Raw: 0.0000000 ± 0.0000000. Shifted: 0.0000000
    URGENT: Shifted mean (1.0) > 1 for 137!
      137: Raw: 1.0000000 ± 0.0000000. Shifted: 1.0000000
    WARNING: Very large std: 82.91000852022243 in 148!
    WARNING: Raw mean (-6.384821510030499) not in [0, 1] for 148!
    WARNING: Raw (-6.384821510030499) and shifted (0.4998748056261997) are very different for 148!
      148: Raw: -6.3848215 ± 82.9100085. Shifted: 0.4998748
    URGENT: Shifted mean (0.0) < 0 for 127!
    WARNING: Raw mean (0.0) not in [0, 1] for 127!
      127: Raw: 0.0000000 ± 0.0000000. Shifted: 0.0000000
    URGENT: Shifted mean (1.0) > 1 for 138!
      138: Raw: 1.0000000 ± 0.0000000. Shifted: 1.0000000
    WARNING: Very large std: 5.368571426894711 in 149!
    WARNING: Raw mean (-1.6256133048503036) not in [0, 1] for 149!
      149: Raw: -1.6256133 ± 5.3685714. Shifted: 0.4908032
    URGENT: Shifted mean (1.0) > 1 for 150!
      150: Raw: 1.0000000 ± 0.0000000. Shifted: 1.0000000
    URGENT: Shifted mean (0.0) < 0 for 130!
    WARNING: Raw mean (0.0) not in [0, 1] for 130!
      130: Raw: 0.0000000 ± 0.0000000. Shifted: 0.0000000
    WARNING: Very large std: 0.47437569521394624 in 141!
      141: Raw: 0.5728881 ± 0.4743757. Shifted: 0.5309928
  WARNING: Skipping passing_Brunel_MC15TuneV1_ProbNNk<0.2&Brunel_MC15TuneV1_ProbNNghost<0.3
  WARNING: Skipping total
Working on ./root-run2-rdx_iso-tmp/run2-rdx-2017-md-e_B_Jpsi_nnp_gt-p_eta_ntracks.root...
  Handling eff_Brunel_MC15TuneV1_ProbNNp>0.4
    WARNING: Very large std: 0.4591569559303388 in 122!
    WARNING: Raw mean (-0.2655732972585978) not in [0, 1] for 122!
      122: Raw: -0.2655733 ± 0.4591570. Shifted: 0.2259257
    WARNING: Very large std: 0.6293498701337534 in 144!
    WARNING: Raw mean (-0.3336771322943014) not in [0, 1] for 144!
      144: Raw: -0.3336771 ± 0.6293499. Shifted: 0.2986475
    WARNING: Very large std: 1.248243369961306 in 145!
      145: Raw: 0.1180929 ± 1.2482434. Shifted: 0.4706251
    URGENT: Shifted mean (0.0) < 0 for 124!
    WARNING: Raw mean (0.0) not in [0, 1] for 124!
      124: Raw: 0.0000000 ± 0.0000000. Shifted: 0.0000000
    WARNING: Very large std: 0.24891589712918297 in 135!
    WARNING: Raw mean (-0.18592035017657554) not in [0, 1] for 135!
      135: Raw: -0.1859204 ± 0.2489159. Shifted: 0.1144406
    WARNING: Raw mean (-0.056905479418748) not in [0, 1] for 146!
      146: Raw: -0.0569055 ± 0.0611682. Shifted: 0.0258456
    WARNING: Very large std: 0.3773081420746675 in 125!
    WARNING: Raw mean (-0.09281993545739486) not in [0, 1] for 125!
      125: Raw: -0.0928199 ± 0.3773081. Shifted: 0.2215568
    WARNING: Very large std: 19.057659566955746 in 136!
    WARNING: Raw mean (-4.063274125360614) not in [0, 1] for 136!
    WARNING: Raw (-4.063274125360614) and shifted (0.4984297461981546) are very different for 136!
      136: Raw: -4.0632741 ± 19.0576596. Shifted: 0.4984297
    WARNING: Very large std: 64.60707457196837 in 147!
    WARNING: Raw mean (-6.537405642905877) not in [0, 1] for 147!
    WARNING: Raw (-6.537405642905877) and shifted (0.499789255674016) are very different for 147!
      147: Raw: -6.5374056 ± 64.6070746. Shifted: 0.4997893
    URGENT: Shifted mean (0.0) < 0 for 126!
    WARNING: Raw mean (0.0) not in [0, 1] for 126!
      126: Raw: 0.0000000 ± 0.0000000. Shifted: 0.0000000
    WARNING: Raw mean (-0.049095529503714284) not in [0, 1] for 137!
      137: Raw: -0.0490955 ± 0.0646161. Shifted: 0.0295284
    WARNING: Very large std: 39.30190485794483 in 148!
    WARNING: Raw mean (-3.0338974711005986) not in [0, 1] for 148!
    WARNING: Raw (-3.0338974711005986) and shifted (0.49971403091156663) are very different for 148!
      148: Raw: -3.0338975 ± 39.3019049. Shifted: 0.4997140
    URGENT: Shifted mean (0.0) < 0 for 127!
    WARNING: Raw mean (0.0) not in [0, 1] for 127!
      127: Raw: 0.0000000 ± 0.0000000. Shifted: 0.0000000
    URGENT: Shifted mean (-0.0) < 0 for 138!
    WARNING: Raw mean (-0.0) not in [0, 1] for 138!
      138: Raw: 0.0000000 ± 0.0000000. Shifted: 0.0000000
    WARNING: Very large std: 3.6735247939925086 in 149!
    WARNING: Raw mean (1.8446296112503495) not in [0, 1] for 149!
      149: Raw: 1.8446296 ± 3.6735248. Shifted: 0.5123925
    URGENT: Shifted mean (0.0) < 0 for 150!
    WARNING: Raw mean (0.0) not in [0, 1] for 150!
      150: Raw: 0.0000000 ± 0.0000000. Shifted: 0.0000000
    URGENT: Shifted mean (1.0) > 1 for 130!
      130: Raw: 1.0000000 ± 0.0000000. Shifted: 1.0000000
    URGENT: Shifted mean (0.0) < 0 for 141!
    WARNING: Raw mean (0.0) not in [0, 1] for 141!
      141: Raw: 0.0000000 ± 0.0000000. Shifted: 0.0000000
  WARNING: Skipping passing_Brunel_MC15TuneV1_ProbNNp>0.4
  WARNING: Skipping total
Working on ./root-run2-rdx_iso-tmp/run2-rdx-2017-md-e_B_Jpsi_nnpnng_gtlt-p_eta_ntracks.root...
  Handling eff_Brunel_MC15TuneV1_ProbNNp>0.4&Brunel_MC15TuneV1_ProbNNghost<0.3
    WARNING: Very large std: 0.5154587741388584 in 122!
    WARNING: Raw mean (-0.3807450872894894) not in [0, 1] for 122!
      122: Raw: -0.3807451 ± 0.5154588. Shifted: 0.2330336
    WARNING: Very large std: 0.6293498701337534 in 144!
    WARNING: Raw mean (-0.3336771322943014) not in [0, 1] for 144!
      144: Raw: -0.3336771 ± 0.6293499. Shifted: 0.2986475
    WARNING: Raw mean (-0.06291780147914922) not in [0, 1] for 134!
      134: Raw: -0.0629178 ± 0.0756367. Shifted: 0.0334251
    WARNING: Very large std: 1.248243369961306 in 145!
      145: Raw: 0.1180929 ± 1.2482434. Shifted: 0.4706251
    URGENT: Shifted mean (0.0) < 0 for 124!
    WARNING: Raw mean (0.0) not in [0, 1] for 124!
      124: Raw: 0.0000000 ± 0.0000000. Shifted: 0.0000000
    WARNING: Raw mean (-0.1104595592918768) not in [0, 1] for 135!
      135: Raw: -0.1104596 ± 0.1642530. Shifted: 0.0782361
    WARNING: Raw mean (-0.056905479418748) not in [0, 1] for 146!
      146: Raw: -0.0569055 ± 0.0611682. Shifted: 0.0258456
    WARNING: Very large std: 0.3773081420746675 in 125!
    WARNING: Raw mean (-0.09281993545739486) not in [0, 1] for 125!
      125: Raw: -0.0928199 ± 0.3773081. Shifted: 0.2215568
    WARNING: Very large std: 19.057659566955746 in 136!
    WARNING: Raw mean (-4.063274125360614) not in [0, 1] for 136!
    WARNING: Raw (-4.063274125360614) and shifted (0.4984297461981546) are very different for 136!
      136: Raw: -4.0632741 ± 19.0576596. Shifted: 0.4984297
    WARNING: Very large std: 36.67893870306388 in 147!
    WARNING: Raw mean (-3.6595222926683673) not in [0, 1] for 147!
    WARNING: Raw (-3.6595222926683673) and shifted (0.4996135444055301) are very different for 147!
      147: Raw: -3.6595223 ± 36.6789387. Shifted: 0.4996135
    URGENT: Shifted mean (0.0) < 0 for 126!
    WARNING: Raw mean (0.0) not in [0, 1] for 126!
      126: Raw: 0.0000000 ± 0.0000000. Shifted: 0.0000000
    WARNING: Raw mean (-0.049095529503714284) not in [0, 1] for 137!
      137: Raw: -0.0490955 ± 0.0646161. Shifted: 0.0295284
    WARNING: Very large std: 39.30190485794483 in 148!
    WARNING: Raw mean (-3.0338974711005986) not in [0, 1] for 148!
    WARNING: Raw (-3.0338974711005986) and shifted (0.49971403091156663) are very different for 148!
      148: Raw: -3.0338975 ± 39.3019049. Shifted: 0.4997140
    URGENT: Shifted mean (0.0) < 0 for 127!
    WARNING: Raw mean (0.0) not in [0, 1] for 127!
      127: Raw: 0.0000000 ± 0.0000000. Shifted: 0.0000000
    URGENT: Shifted mean (-0.0) < 0 for 138!
    WARNING: Raw mean (-0.0) not in [0, 1] for 138!
      138: Raw: 0.0000000 ± 0.0000000. Shifted: 0.0000000
    WARNING: Very large std: 3.6735247939925086 in 149!
    WARNING: Raw mean (1.8446296112503495) not in [0, 1] for 149!
      149: Raw: 1.8446296 ± 3.6735248. Shifted: 0.5123925
    URGENT: Shifted mean (0.0) < 0 for 150!
    WARNING: Raw mean (0.0) not in [0, 1] for 150!
      150: Raw: 0.0000000 ± 0.0000000. Shifted: 0.0000000
    URGENT: Shifted mean (1.0) > 1 for 130!
      130: Raw: 1.0000000 ± 0.0000000. Shifted: 1.0000000
    URGENT: Shifted mean (0.0) < 0 for 141!
    WARNING: Raw mean (0.0) not in [0, 1] for 141!
      141: Raw: 0.0000000 ± 0.0000000. Shifted: 0.0000000
  WARNING: Skipping passing_Brunel_MC15TuneV1_ProbNNp>0.4&Brunel_MC15TuneV1_ProbNNghost<0.3
  WARNING: Skipping total
Working on ./root-run2-rdx_iso-tmp/run2-rdx-2017-md-K_nnk_gt-p_eta_ntracks.root...
  Handling eff_Brunel_MC15TuneV1_ProbNNk>0.2
  WARNING: Skipping passing_Brunel_MC15TuneV1_ProbNNk>0.2
  WARNING: Skipping total
Working on ./root-run2-rdx_iso-tmp/run2-rdx-2017-md-K_nnknng_gt02lt02-p_eta_ntracks.root...
  Handling eff_Brunel_MC15TuneV1_ProbNNk>0.2&Brunel_MC15TuneV1_ProbNNghost<0.2
  WARNING: Skipping passing_Brunel_MC15TuneV1_ProbNNk>0.2&Brunel_MC15TuneV1_ProbNNghost<0.2
  WARNING: Skipping total
Working on ./root-run2-rdx_iso-tmp/run2-rdx-2017-md-K_nnknng_gtlt-p_eta_ntracks.root...
  Handling eff_Brunel_MC15TuneV1_ProbNNk>0.2&Brunel_MC15TuneV1_ProbNNghost<0.3
  WARNING: Skipping passing_Brunel_MC15TuneV1_ProbNNk>0.2&Brunel_MC15TuneV1_ProbNNghost<0.3
  WARNING: Skipping total
Working on ./root-run2-rdx_iso-tmp/run2-rdx-2017-md-K_nnknng_lt02lt02-p_eta_ntracks.root...
  Handling eff_Brunel_MC15TuneV1_ProbNNk<0.2&Brunel_MC15TuneV1_ProbNNghost<0.2
  WARNING: Skipping passing_Brunel_MC15TuneV1_ProbNNk<0.2&Brunel_MC15TuneV1_ProbNNghost<0.2
  WARNING: Skipping total
Working on ./root-run2-rdx_iso-tmp/run2-rdx-2017-md-K_nnknng_ltlt-p_eta_ntracks.root...
  Handling eff_Brunel_MC15TuneV1_ProbNNk<0.2&Brunel_MC15TuneV1_ProbNNghost<0.3
  WARNING: Skipping passing_Brunel_MC15TuneV1_ProbNNk<0.2&Brunel_MC15TuneV1_ProbNNghost<0.3
  WARNING: Skipping total
Working on ./root-run2-rdx_iso-tmp/run2-rdx-2017-md-K_nnp_gt-p_eta_ntracks.root...
  Handling eff_Brunel_MC15TuneV1_ProbNNp>0.4
  WARNING: Skipping passing_Brunel_MC15TuneV1_ProbNNp>0.4
  WARNING: Skipping total
Working on ./root-run2-rdx_iso-tmp/run2-rdx-2017-md-Pi_nnk_gt-p_eta_ntracks.root...
  Handling eff_Brunel_MC15TuneV1_ProbNNk>0.2
  WARNING: Skipping passing_Brunel_MC15TuneV1_ProbNNk>0.2
  WARNING: Skipping total
Working on ./root-run2-rdx_iso-tmp/run2-rdx-2017-md-K_nnpnng_gtlt-p_eta_ntracks.root...
  Handling eff_Brunel_MC15TuneV1_ProbNNp>0.4&Brunel_MC15TuneV1_ProbNNghost<0.3
  WARNING: Skipping passing_Brunel_MC15TuneV1_ProbNNp>0.4&Brunel_MC15TuneV1_ProbNNghost<0.3
  WARNING: Skipping total
Working on ./root-run2-rdx_iso-tmp/run2-rdx-2017-md-Mu_nopt_nnk_gt-p_eta_ntracks.root...
  Handling eff_Brunel_MC15TuneV1_ProbNNk>0.2
  WARNING: Skipping passing_Brunel_MC15TuneV1_ProbNNk>0.2
  WARNING: Skipping total
Working on ./root-run2-rdx_iso-tmp/run2-rdx-2017-md-Mu_nopt_nnknng_gt02lt02-p_eta_ntracks.root...
  Handling eff_Brunel_MC15TuneV1_ProbNNk>0.2&Brunel_MC15TuneV1_ProbNNghost<0.2
  WARNING: Skipping passing_Brunel_MC15TuneV1_ProbNNk>0.2&Brunel_MC15TuneV1_ProbNNghost<0.2
  WARNING: Skipping total
Working on ./root-run2-rdx_iso-tmp/run2-rdx-2017-md-Mu_nopt_nnknng_gtlt-p_eta_ntracks.root...
  Handling eff_Brunel_MC15TuneV1_ProbNNk>0.2&Brunel_MC15TuneV1_ProbNNghost<0.3
  WARNING: Skipping passing_Brunel_MC15TuneV1_ProbNNk>0.2&Brunel_MC15TuneV1_ProbNNghost<0.3
  WARNING: Skipping total
Working on ./root-run2-rdx_iso-tmp/run2-rdx-2017-md-Mu_nopt_nnknng_lt02lt02-p_eta_ntracks.root...
  Handling eff_Brunel_MC15TuneV1_ProbNNk<0.2&Brunel_MC15TuneV1_ProbNNghost<0.2
  WARNING: Skipping passing_Brunel_MC15TuneV1_ProbNNk<0.2&Brunel_MC15TuneV1_ProbNNghost<0.2
  WARNING: Skipping total
Working on ./root-run2-rdx_iso-tmp/run2-rdx-2017-md-Mu_nopt_nnknng_ltlt-p_eta_ntracks.root...
  Handling eff_Brunel_MC15TuneV1_ProbNNk<0.2&Brunel_MC15TuneV1_ProbNNghost<0.3
  WARNING: Skipping passing_Brunel_MC15TuneV1_ProbNNk<0.2&Brunel_MC15TuneV1_ProbNNghost<0.3
  WARNING: Skipping total
Working on ./root-run2-rdx_iso-tmp/run2-rdx-2017-md-Mu_nopt_nnp_gt-p_eta_ntracks.root...
  Handling eff_Brunel_MC15TuneV1_ProbNNp>0.4
    WARNING: Raw mean (-0.0003120101850015028) not in [0, 1] for 73!
    WARNING: Raw (-0.0003120101850015028) and shifted (0.001649757177732892) are very different for 73!
      73: Raw: -0.0003120 ± 0.0026110. Shifted: 0.0016498
    WARNING: Raw mean (-0.0003377205269627195) not in [0, 1] for 74!
      74: Raw: -0.0003377 ± 0.0010130. Shifted: 0.0005715
    WARNING: Raw mean (-4.933298156441061e-05) not in [0, 1] for 106!
    WARNING: Raw (-4.933298156441061e-05) and shifted (0.0005307662029318679) are very different for 106!
      106: Raw: -0.0000493 ± 0.0008136. Shifted: 0.0005308
  WARNING: Skipping passing_Brunel_MC15TuneV1_ProbNNp>0.4
  WARNING: Skipping total
Working on ./root-run2-rdx_iso-tmp/run2-rdx-2017-md-Mu_nopt_nnpnng_gtlt-p_eta_ntracks.root...
  Handling eff_Brunel_MC15TuneV1_ProbNNp>0.4&Brunel_MC15TuneV1_ProbNNghost<0.3
    WARNING: Raw mean (-0.0008778410889131169) not in [0, 1] for 73!
      73: Raw: -0.0008778 ± 0.0023836. Shifted: 0.0013207
    WARNING: Raw mean (-0.00022607468180145965) not in [0, 1] for 74!
      74: Raw: -0.0002261 ± 0.0009692. Shifted: 0.0005762
    WARNING: Raw mean (-9.605246230078245e-06) not in [0, 1] for 106!
    WARNING: Raw (-9.605246230078245e-06) and shifted (0.0005232832560181293) are very different for 106!
      106: Raw: -0.0000096 ± 0.0007811. Shifted: 0.0005233
  WARNING: Skipping passing_Brunel_MC15TuneV1_ProbNNp>0.4&Brunel_MC15TuneV1_ProbNNghost<0.3
  WARNING: Skipping total
Working on ./root-run2-rdx_iso-tmp/run2-rdx-2017-md-Pi_nnknng_gt02lt02-p_eta_ntracks.root...
  Handling eff_Brunel_MC15TuneV1_ProbNNk>0.2&Brunel_MC15TuneV1_ProbNNghost<0.2
  WARNING: Skipping passing_Brunel_MC15TuneV1_ProbNNk>0.2&Brunel_MC15TuneV1_ProbNNghost<0.2
  WARNING: Skipping total
Working on ./root-run2-rdx_iso-tmp/run2-rdx-2017-md-Pi_nnknng_gtlt-p_eta_ntracks.root...
  Handling eff_Brunel_MC15TuneV1_ProbNNk>0.2&Brunel_MC15TuneV1_ProbNNghost<0.3
  WARNING: Skipping passing_Brunel_MC15TuneV1_ProbNNk>0.2&Brunel_MC15TuneV1_ProbNNghost<0.3
  WARNING: Skipping total
Working on ./root-run2-rdx_iso-tmp/run2-rdx-2017-md-Pi_nnknng_lt02lt02-p_eta_ntracks.root...
  Handling eff_Brunel_MC15TuneV1_ProbNNk<0.2&Brunel_MC15TuneV1_ProbNNghost<0.2
  WARNING: Skipping passing_Brunel_MC15TuneV1_ProbNNk<0.2&Brunel_MC15TuneV1_ProbNNghost<0.2
  WARNING: Skipping total
Working on ./root-run2-rdx_iso-tmp/run2-rdx-2017-md-Pi_nnknng_ltlt-p_eta_ntracks.root...
  Handling eff_Brunel_MC15TuneV1_ProbNNk<0.2&Brunel_MC15TuneV1_ProbNNghost<0.3
  WARNING: Skipping passing_Brunel_MC15TuneV1_ProbNNk<0.2&Brunel_MC15TuneV1_ProbNNghost<0.3
  WARNING: Skipping total
Working on ./root-run2-rdx_iso-tmp/run2-rdx-2017-md-Pi_nnp_gt-p_eta_ntracks.root...
  Handling eff_Brunel_MC15TuneV1_ProbNNp>0.4
    WARNING: Raw (1.5347935545797133e-05) and shifted (0.00016767232302989851) are very different for 217!
      217: Raw: 0.0000153 ± 0.0002399. Shifted: 0.0001677
  WARNING: Skipping passing_Brunel_MC15TuneV1_ProbNNp>0.4
  WARNING: Skipping total
Working on ./root-run2-rdx_iso-tmp/run2-rdx-2017-md-Pi_nnpnng_gtlt-p_eta_ntracks.root...
  Handling eff_Brunel_MC15TuneV1_ProbNNp>0.4&Brunel_MC15TuneV1_ProbNNghost<0.3
    WARNING: Raw mean (-3.8452815145111984e-05) not in [0, 1] for 217!
      217: Raw: -0.0000385 ± 0.0002365. Shifted: 0.0001460
  WARNING: Skipping passing_Brunel_MC15TuneV1_ProbNNp>0.4&Brunel_MC15TuneV1_ProbNNghost<0.3
  WARNING: Skipping total
Working on ./root-run2-rdx_iso-tmp/run2-rdx-2017-md-P_nnk_gt-p_eta_ntracks.root...
  Handling eff_Brunel_MC15TuneV1_ProbNNk>0.2
  WARNING: Skipping passing_Brunel_MC15TuneV1_ProbNNk>0.2
  WARNING: Skipping total
Working on ./root-run2-rdx_iso-tmp/run2-rdx-2017-md-P_nnknng_gt02lt02-p_eta_ntracks.root...
  Handling eff_Brunel_MC15TuneV1_ProbNNk>0.2&Brunel_MC15TuneV1_ProbNNghost<0.2
  WARNING: Skipping passing_Brunel_MC15TuneV1_ProbNNk>0.2&Brunel_MC15TuneV1_ProbNNghost<0.2
  WARNING: Skipping total
Working on ./root-run2-rdx_iso-tmp/run2-rdx-2017-md-P_nnknng_gtlt-p_eta_ntracks.root...
  Handling eff_Brunel_MC15TuneV1_ProbNNk>0.2&Brunel_MC15TuneV1_ProbNNghost<0.3
  WARNING: Skipping passing_Brunel_MC15TuneV1_ProbNNk>0.2&Brunel_MC15TuneV1_ProbNNghost<0.3
  WARNING: Skipping total
Working on ./root-run2-rdx_iso-tmp/run2-rdx-2017-md-P_nnknng_lt02lt02-p_eta_ntracks.root...
  Handling eff_Brunel_MC15TuneV1_ProbNNk<0.2&Brunel_MC15TuneV1_ProbNNghost<0.2
  WARNING: Skipping passing_Brunel_MC15TuneV1_ProbNNk<0.2&Brunel_MC15TuneV1_ProbNNghost<0.2
  WARNING: Skipping total
Working on ./root-run2-rdx_iso-tmp/run2-rdx-2017-md-P_nnknng_ltlt-p_eta_ntracks.root...
  Handling eff_Brunel_MC15TuneV1_ProbNNk<0.2&Brunel_MC15TuneV1_ProbNNghost<0.3
  WARNING: Skipping passing_Brunel_MC15TuneV1_ProbNNk<0.2&Brunel_MC15TuneV1_ProbNNghost<0.3
  WARNING: Skipping total
Working on ./root-run2-rdx_iso-tmp/run2-rdx-2017-md-P_nnp_gt-p_eta_ntracks.root...
  Handling eff_Brunel_MC15TuneV1_ProbNNp>0.4
  WARNING: Skipping passing_Brunel_MC15TuneV1_ProbNNp>0.4
  WARNING: Skipping total
Working on ./root-run2-rdx_iso-tmp/run2-rdx-2017-md-P_nnpnng_gtlt-p_eta_ntracks.root...
  Handling eff_Brunel_MC15TuneV1_ProbNNp>0.4&Brunel_MC15TuneV1_ProbNNghost<0.3
  WARNING: Skipping passing_Brunel_MC15TuneV1_ProbNNp>0.4&Brunel_MC15TuneV1_ProbNNghost<0.3
  WARNING: Skipping total
Working on ./root-run2-rdx_iso-tmp/run2-rdx-2017-mu-e_B_Jpsi_nnk_gt-p_eta_ntracks.root...
  Handling eff_Brunel_MC15TuneV1_ProbNNk>0.2
    WARNING: Very large std: 0.7951556398481144 in 122!
    WARNING: Raw mean (-0.16168470341659946) not in [0, 1] for 122!
      122: Raw: -0.1616847 ± 0.7951556. Shifted: 0.3853859
    WARNING: Very large std: 0.3529126852921483 in 133!
      133: Raw: 0.3370882 ± 0.3529127. Shifted: 0.3991465
    WARNING: Very large std: 0.21463805879496065 in 123!
      123: Raw: 0.2291134 ± 0.2146381. Shifted: 0.2677140
    WARNING: Very large std: 0.42764627260143484 in 145!
      145: Raw: 0.0701484 ± 0.4276463. Shifted: 0.3068093
    URGENT: Shifted mean (-0.0) < 0 for 124!
    WARNING: Raw mean (-0.0) not in [0, 1] for 124!
      124: Raw: 0.0000000 ± 0.0000000. Shifted: 0.0000000
    WARNING: Very large std: 0.2332317924038774 in 135!
      135: Raw: 0.2556499 ± 0.2332318. Shifted: 0.2955412
    WARNING: Very large std: 20.62807141675563 in 146!
    WARNING: Raw mean (-2.3921678112269484) not in [0, 1] for 146!
      146: Raw: -2.3921678 ± 20.6280714. Shifted: 0.4991505
    URGENT: Shifted mean (0.0) < 0 for 125!
    WARNING: Raw mean (0.0) not in [0, 1] for 125!
      125: Raw: 0.0000000 ± 0.0000000. Shifted: 0.0000000
    WARNING: Raw mean (-0.09660315835146197) not in [0, 1] for 136!
      136: Raw: -0.0966032 ± 0.1151119. Shifted: 0.0506974
    WARNING: Very large std: 0.4025583524222239 in 147!
      147: Raw: 0.4204277 ± 0.4025584. Shifted: 0.4574011
    URGENT: Shifted mean (0.0) < 0 for 126!
    WARNING: Raw mean (0.0) not in [0, 1] for 126!
      126: Raw: 0.0000000 ± 0.0000000. Shifted: 0.0000000
    WARNING: Very large std: 0.3534967657591912 in 137!
      137: Raw: 0.5063277 ± 0.3534968. Shifted: 0.5040005
    WARNING: Very large std: 7.186480127160334 in 148!
    WARNING: Raw mean (-2.4658092554039794) not in [0, 1] for 148!
    WARNING: Raw (-2.4658092554039794) and shifted (0.49283137590606785) are very different for 148!
      148: Raw: -2.4658093 ± 7.1864801. Shifted: 0.4928314
    WARNING: Very large std: 0.2765873175013717 in 127!
      127: Raw: 0.6559293 ± 0.2765873. Shifted: 0.6219085
    WARNING: Very large std: 5.697283788269015 in 149!
    WARNING: Raw mean (2.3159136622279024) not in [0, 1] for 149!
      149: Raw: 2.3159137 ± 5.6972838. Shifted: 0.5069787
    URGENT: Shifted mean (0.0) < 0 for 139!
    WARNING: Raw mean (0.0) not in [0, 1] for 139!
      139: Raw: 0.0000000 ± 0.0000000. Shifted: 0.0000000
    WARNING: Raw mean (1.031914424067052) not in [0, 1] for 150!
      150: Raw: 1.0319144 ± 0.0523736. Shifted: 0.9742807
    URGENT: Shifted mean (1.0) > 1 for 140!
      140: Raw: 1.0000000 ± 0.0000000. Shifted: 1.0000000
    URGENT: Shifted mean (0.0) < 0 for 151!
    WARNING: Raw mean (0.0) not in [0, 1] for 151!
      151: Raw: 0.0000000 ± 0.0000000. Shifted: 0.0000000
    URGENT: Shifted mean (1.0) > 1 for 130!
      130: Raw: 1.0000000 ± 0.0000000. Shifted: 1.0000000
    WARNING: Very large std: 0.5043952155613504 in 141!
    WARNING: Raw mean (-0.3130337097010234) not in [0, 1] for 141!
      141: Raw: -0.3130337 ± 0.5043952. Shifted: 0.2409758
    URGENT: Shifted mean (1.0) > 1 for 152!
      152: Raw: 1.0000000 ± 0.0000000. Shifted: 1.0000000
  WARNING: Skipping passing_Brunel_MC15TuneV1_ProbNNk>0.2
  WARNING: Skipping total
Working on ./root-run2-rdx_iso-tmp/run2-rdx-2017-mu-e_B_Jpsi_nnknng_gt02lt02-p_eta_ntracks.root...
  Handling eff_Brunel_MC15TuneV1_ProbNNk>0.2&Brunel_MC15TuneV1_ProbNNghost<0.2
    WARNING: Very large std: 0.20074943230817752 in 122!
      122: Raw: 0.0518451 ± 0.2007494. Shifted: 0.1565709
    WARNING: Very large std: 0.27703462994095507 in 133!
    WARNING: Raw (0.007362964723380651) and shifted (0.18955113534028573) are very different for 133!
      133: Raw: 0.0073630 ± 0.2770346. Shifted: 0.1895511
    URGENT: Shifted mean (0.0) < 0 for 123!
    WARNING: Raw mean (0.0) not in [0, 1] for 123!
      123: Raw: 0.0000000 ± 0.0000000. Shifted: 0.0000000
    WARNING: Raw mean (-0.049291628958171574) not in [0, 1] for 134!
      134: Raw: -0.0492916 ± 0.1436434. Shifted: 0.0806307
    WARNING: Very large std: 0.46470292919879136 in 145!
    WARNING: Raw mean (-0.04529762011197065) not in [0, 1] for 145!
    WARNING: Raw (-0.04529762011197065) and shifted (0.2878614103253651) are very different for 145!
      145: Raw: -0.0452976 ± 0.4647029. Shifted: 0.2878614
    URGENT: Shifted mean (-0.0) < 0 for 124!
    WARNING: Raw mean (-0.0) not in [0, 1] for 124!
      124: Raw: 0.0000000 ± 0.0000000. Shifted: 0.0000000
    WARNING: Very large std: 2.9316072544839344 in 146!
    WARNING: Raw mean (-0.10906693254447845) not in [0, 1] for 146!
      146: Raw: -0.1090669 ± 2.9316073. Shifted: 0.4912074
    URGENT: Shifted mean (0.0) < 0 for 125!
    WARNING: Raw mean (0.0) not in [0, 1] for 125!
      125: Raw: 0.0000000 ± 0.0000000. Shifted: 0.0000000
    WARNING: Raw mean (-0.09660315835146197) not in [0, 1] for 136!
      136: Raw: -0.0966032 ± 0.1151119. Shifted: 0.0506974
    WARNING: Very large std: 0.4025583524222239 in 147!
      147: Raw: 0.4204277 ± 0.4025584. Shifted: 0.4574011
    URGENT: Shifted mean (0.0) < 0 for 126!
    WARNING: Raw mean (0.0) not in [0, 1] for 126!
      126: Raw: 0.0000000 ± 0.0000000. Shifted: 0.0000000
    WARNING: Very large std: 0.3534967657591912 in 137!
      137: Raw: 0.5063277 ± 0.3534968. Shifted: 0.5040005
    WARNING: Very large std: 5.288944972241853 in 148!
    WARNING: Raw mean (-1.8066200155491297) not in [0, 1] for 148!
      148: Raw: -1.8066200 ± 5.2889450. Shifted: 0.4897185
    WARNING: Very large std: 0.2765873175013717 in 127!
      127: Raw: 0.6559293 ± 0.2765873. Shifted: 0.6219085
    WARNING: Very large std: 5.697283788269015 in 149!
    WARNING: Raw mean (2.3159136622279024) not in [0, 1] for 149!
      149: Raw: 2.3159137 ± 5.6972838. Shifted: 0.5069787
    URGENT: Shifted mean (0.0) < 0 for 139!
    WARNING: Raw mean (0.0) not in [0, 1] for 139!
      139: Raw: 0.0000000 ± 0.0000000. Shifted: 0.0000000
    WARNING: Raw mean (1.031914424067052) not in [0, 1] for 150!
      150: Raw: 1.0319144 ± 0.0523736. Shifted: 0.9742807
    URGENT: Shifted mean (1.0) > 1 for 140!
      140: Raw: 1.0000000 ± 0.0000000. Shifted: 1.0000000
    URGENT: Shifted mean (0.0) < 0 for 151!
    WARNING: Raw mean (0.0) not in [0, 1] for 151!
      151: Raw: 0.0000000 ± 0.0000000. Shifted: 0.0000000
    URGENT: Shifted mean (0.0) < 0 for 130!
    WARNING: Raw mean (0.0) not in [0, 1] for 130!
      130: Raw: 0.0000000 ± 0.0000000. Shifted: 0.0000000
    WARNING: Very large std: 0.5043952155613504 in 141!
    WARNING: Raw mean (-0.3130337097010234) not in [0, 1] for 141!
      141: Raw: -0.3130337 ± 0.5043952. Shifted: 0.2409758
    URGENT: Shifted mean (1.0) > 1 for 152!
      152: Raw: 1.0000000 ± 0.0000000. Shifted: 1.0000000
  WARNING: Skipping passing_Brunel_MC15TuneV1_ProbNNk>0.2&Brunel_MC15TuneV1_ProbNNghost<0.2
  WARNING: Skipping total
Working on ./root-run2-rdx_iso-tmp/run2-rdx-2017-mu-e_B_Jpsi_nnknng_gtlt-p_eta_ntracks.root...
  Handling eff_Brunel_MC15TuneV1_ProbNNk>0.2&Brunel_MC15TuneV1_ProbNNghost<0.3
    WARNING: Very large std: 1.0075918486847553 in 122!
      122: Raw: 0.4946985 ± 1.0075918. Shifted: 0.4993858
    WARNING: Very large std: 0.2744303347334328 in 133!
    WARNING: Raw (0.018356770121549886) and shifted (0.1920267684202306) are very different for 133!
      133: Raw: 0.0183568 ± 0.2744303. Shifted: 0.1920268
    URGENT: Shifted mean (0.0) < 0 for 123!
    WARNING: Raw mean (0.0) not in [0, 1] for 123!
      123: Raw: 0.0000000 ± 0.0000000. Shifted: 0.0000000
    WARNING: Raw mean (-0.049291628958171574) not in [0, 1] for 134!
      134: Raw: -0.0492916 ± 0.1436434. Shifted: 0.0806307
    WARNING: Very large std: 0.46470292919879136 in 145!
    WARNING: Raw mean (-0.04529762011197065) not in [0, 1] for 145!
    WARNING: Raw (-0.04529762011197065) and shifted (0.2878614103253651) are very different for 145!
      145: Raw: -0.0452976 ± 0.4647029. Shifted: 0.2878614
    URGENT: Shifted mean (-0.0) < 0 for 124!
    WARNING: Raw mean (-0.0) not in [0, 1] for 124!
      124: Raw: 0.0000000 ± 0.0000000. Shifted: 0.0000000
    WARNING: Very large std: 23.632929216489092 in 146!
    WARNING: Raw mean (-2.785813477100717) not in [0, 1] for 146!
    WARNING: Raw (-2.785813477100717) and shifted (0.4992646931924587) are very different for 146!
      146: Raw: -2.7858135 ± 23.6329292. Shifted: 0.4992647
    URGENT: Shifted mean (0.0) < 0 for 125!
    WARNING: Raw mean (0.0) not in [0, 1] for 125!
      125: Raw: 0.0000000 ± 0.0000000. Shifted: 0.0000000
    WARNING: Raw mean (-0.09660315835146197) not in [0, 1] for 136!
      136: Raw: -0.0966032 ± 0.1151119. Shifted: 0.0506974
    WARNING: Very large std: 0.4025583524222239 in 147!
      147: Raw: 0.4204277 ± 0.4025584. Shifted: 0.4574011
    URGENT: Shifted mean (0.0) < 0 for 126!
    WARNING: Raw mean (0.0) not in [0, 1] for 126!
      126: Raw: 0.0000000 ± 0.0000000. Shifted: 0.0000000
    WARNING: Very large std: 0.3534967657591912 in 137!
      137: Raw: 0.5063277 ± 0.3534968. Shifted: 0.5040005
    WARNING: Very large std: 5.288944972241853 in 148!
    WARNING: Raw mean (-1.8066200155491297) not in [0, 1] for 148!
      148: Raw: -1.8066200 ± 5.2889450. Shifted: 0.4897185
    WARNING: Very large std: 0.2765873175013717 in 127!
      127: Raw: 0.6559293 ± 0.2765873. Shifted: 0.6219085
    WARNING: Very large std: 5.697283788269015 in 149!
    WARNING: Raw mean (2.3159136622279024) not in [0, 1] for 149!
      149: Raw: 2.3159137 ± 5.6972838. Shifted: 0.5069787
    URGENT: Shifted mean (0.0) < 0 for 139!
    WARNING: Raw mean (0.0) not in [0, 1] for 139!
      139: Raw: 0.0000000 ± 0.0000000. Shifted: 0.0000000
    WARNING: Raw mean (1.031914424067052) not in [0, 1] for 150!
      150: Raw: 1.0319144 ± 0.0523736. Shifted: 0.9742807
    URGENT: Shifted mean (1.0) > 1 for 140!
      140: Raw: 1.0000000 ± 0.0000000. Shifted: 1.0000000
    URGENT: Shifted mean (0.0) < 0 for 151!
    WARNING: Raw mean (0.0) not in [0, 1] for 151!
      151: Raw: 0.0000000 ± 0.0000000. Shifted: 0.0000000
    URGENT: Shifted mean (1.0) > 1 for 130!
      130: Raw: 1.0000000 ± 0.0000000. Shifted: 1.0000000
    WARNING: Very large std: 0.5043952155613504 in 141!
    WARNING: Raw mean (-0.3130337097010234) not in [0, 1] for 141!
      141: Raw: -0.3130337 ± 0.5043952. Shifted: 0.2409758
    URGENT: Shifted mean (1.0) > 1 for 152!
      152: Raw: 1.0000000 ± 0.0000000. Shifted: 1.0000000
  WARNING: Skipping passing_Brunel_MC15TuneV1_ProbNNk>0.2&Brunel_MC15TuneV1_ProbNNghost<0.3
  WARNING: Skipping total
Working on ./root-run2-rdx_iso-tmp/run2-rdx-2017-mu-e_B_Jpsi_nnknng_lt02lt02-p_eta_ntracks.root...
  Handling eff_Brunel_MC15TuneV1_ProbNNk<0.2&Brunel_MC15TuneV1_ProbNNghost<0.2
    WARNING: Very large std: 1.244787384645949 in 122!
      122: Raw: 0.3307529 ± 1.2447874. Shifted: 0.4868887
    WARNING: Very large std: 0.3658313882811841 in 133!
      133: Raw: 0.3899024 ± 0.3658314. Shifted: 0.4338267
    WARNING: Very large std: 0.2768540029175531 in 123!
      123: Raw: 0.5822596 ± 0.2768540. Shifted: 0.5656161
    WARNING: Very large std: 0.2282349928263558 in 134!
      134: Raw: 0.4839455 ± 0.2282350. Shifted: 0.4854070
    WARNING: Very large std: 0.29434415945421416 in 145!
      145: Raw: 0.4808972 ± 0.2943442. Shifted: 0.4854168
    WARNING: Very large std: 1.2376515725633606 in 124!
      124: Raw: 0.4321256 ± 1.2376516. Shifted: 0.4946815
    WARNING: Very large std: 0.25595801870117246 in 135!
      135: Raw: 0.3760098 ± 0.2559580. Shifted: 0.3964100
    WARNING: Very large std: 18.7507838388045 in 146!
    WARNING: Raw mean (2.679919309716308) not in [0, 1] for 146!
    WARNING: Raw (2.679919309716308) and shifted (0.50077487862736) are very different for 146!
      146: Raw: 2.6799193 ± 18.7507838. Shifted: 0.5007749
    URGENT: Shifted mean (1.0) > 1 for 125!
      125: Raw: 1.0000000 ± 0.0000000. Shifted: 1.0000000
    WARNING: Very large std: 0.21733454678969646 in 136!
      136: Raw: 0.7622441 ± 0.2173345. Shifted: 0.7248082
    WARNING: Very large std: 0.4389465931270471 in 147!
      147: Raw: 0.5985796 ± 0.4389466. Shifted: 0.5468076
    WARNING: Raw mean (-0.04941625413227097) not in [0, 1] for 126!
      126: Raw: -0.0494163 ± 0.0733386. Shifted: 0.0349103
    WARNING: Very large std: 0.35349676575919114 in 137!
      137: Raw: 0.4936723 ± 0.3534968. Shifted: 0.4959995
    WARNING: Very large std: 8.469243235458768 in 148!
    WARNING: Raw mean (3.9244544882939656) not in [0, 1] for 148!
    WARNING: Raw (3.9244544882939656) and shifted (0.5059620096743425) are very different for 148!
      148: Raw: 3.9244545 ± 8.4692432. Shifted: 0.5059620
    WARNING: Very large std: 0.2765873175013718 in 127!
      127: Raw: 0.3440707 ± 0.2765873. Shifted: 0.3780915
    WARNING: Very large std: 0.9792941376291904 in 149!
      149: Raw: 0.1497149 ± 0.9792941. Shifted: 0.4573966
    URGENT: Shifted mean (1.0) > 1 for 139!
      139: Raw: 1.0000000 ± 0.0000000. Shifted: 1.0000000
    WARNING: Raw mean (-0.031914424067051805) not in [0, 1] for 150!
      150: Raw: -0.0319144 ± 0.0523736. Shifted: 0.0257193
    URGENT: Shifted mean (0.0) < 0 for 140!
    WARNING: Raw mean (0.0) not in [0, 1] for 140!
      140: Raw: 0.0000000 ± 0.0000000. Shifted: 0.0000000
    URGENT: Shifted mean (0.0) < 0 for 151!
    WARNING: Raw mean (0.0) not in [0, 1] for 151!
      151: Raw: 0.0000000 ± 0.0000000. Shifted: 0.0000000
    URGENT: Shifted mean (0.0) < 0 for 130!
    WARNING: Raw mean (0.0) not in [0, 1] for 130!
      130: Raw: 0.0000000 ± 0.0000000. Shifted: 0.0000000
    URGENT: Shifted mean (0.0) < 0 for 141!
    WARNING: Raw mean (0.0) not in [0, 1] for 141!
      141: Raw: 0.0000000 ± 0.0000000. Shifted: 0.0000000
    URGENT: Shifted mean (0.0) < 0 for 152!
    WARNING: Raw mean (0.0) not in [0, 1] for 152!
      152: Raw: 0.0000000 ± 0.0000000. Shifted: 0.0000000
  WARNING: Skipping passing_Brunel_MC15TuneV1_ProbNNk<0.2&Brunel_MC15TuneV1_ProbNNghost<0.2
  WARNING: Skipping total
Working on ./root-run2-rdx_iso-tmp/run2-rdx-2017-mu-e_B_Jpsi_nnknng_ltlt-p_eta_ntracks.root...
  Handling eff_Brunel_MC15TuneV1_ProbNNk<0.2&Brunel_MC15TuneV1_ProbNNghost<0.3
    WARNING: Very large std: 1.7768184251503123 in 122!
    WARNING: Raw (0.02755232102184704) and shifted (0.48167593711723306) are very different for 122!
      122: Raw: 0.0275523 ± 1.7768184. Shifted: 0.4816759
    WARNING: Very large std: 0.3723899999200086 in 133!
      133: Raw: 0.4512961 ± 0.3723900. Shifted: 0.4711245
    WARNING: Very large std: 0.2768540029175531 in 123!
      123: Raw: 0.5822596 ± 0.2768540. Shifted: 0.5656161
    WARNING: Very large std: 0.2282349928263558 in 134!
      134: Raw: 0.4839455 ± 0.2282350. Shifted: 0.4854070
    WARNING: Very large std: 0.2872973563531467 in 145!
      145: Raw: 0.4575831 ± 0.2872974. Shifted: 0.4669823
    WARNING: Very large std: 1.2376515725633606 in 124!
      124: Raw: 0.4321256 ± 1.2376516. Shifted: 0.4946815
    WARNING: Very large std: 0.2652162135420683 in 135!
      135: Raw: 0.2961954 ± 0.2652162. Shifted: 0.3389461
    WARNING: Very large std: 18.7507838388045 in 146!
    WARNING: Raw mean (2.679919309716308) not in [0, 1] for 146!
    WARNING: Raw (2.679919309716308) and shifted (0.50077487862736) are very different for 146!
      146: Raw: 2.6799193 ± 18.7507838. Shifted: 0.5007749
    URGENT: Shifted mean (1.0) > 1 for 125!
      125: Raw: 1.0000000 ± 0.0000000. Shifted: 1.0000000
    WARNING: Very large std: 0.21733454678969646 in 136!
      136: Raw: 0.7622441 ± 0.2173345. Shifted: 0.7248082
    WARNING: Very large std: 0.4389465931270471 in 147!
      147: Raw: 0.5985796 ± 0.4389466. Shifted: 0.5468076
    WARNING: Raw mean (-0.04941625413227097) not in [0, 1] for 126!
      126: Raw: -0.0494163 ± 0.0733386. Shifted: 0.0349103
    WARNING: Very large std: 0.35349676575919114 in 137!
      137: Raw: 0.4936723 ± 0.3534968. Shifted: 0.4959995
    WARNING: Very large std: 8.469243235458768 in 148!
    WARNING: Raw mean (3.9244544882939656) not in [0, 1] for 148!
    WARNING: Raw (3.9244544882939656) and shifted (0.5059620096743425) are very different for 148!
      148: Raw: 3.9244545 ± 8.4692432. Shifted: 0.5059620
    WARNING: Very large std: 0.2765873175013718 in 127!
      127: Raw: 0.3440707 ± 0.2765873. Shifted: 0.3780915
    WARNING: Very large std: 0.9792941376291904 in 149!
      149: Raw: 0.1497149 ± 0.9792941. Shifted: 0.4573966
    URGENT: Shifted mean (1.0) > 1 for 139!
      139: Raw: 1.0000000 ± 0.0000000. Shifted: 1.0000000
    WARNING: Raw mean (-0.031914424067051805) not in [0, 1] for 150!
      150: Raw: -0.0319144 ± 0.0523736. Shifted: 0.0257193
    URGENT: Shifted mean (0.0) < 0 for 140!
    WARNING: Raw mean (0.0) not in [0, 1] for 140!
      140: Raw: 0.0000000 ± 0.0000000. Shifted: 0.0000000
    URGENT: Shifted mean (0.0) < 0 for 151!
    WARNING: Raw mean (0.0) not in [0, 1] for 151!
      151: Raw: 0.0000000 ± 0.0000000. Shifted: 0.0000000
    URGENT: Shifted mean (0.0) < 0 for 130!
    WARNING: Raw mean (0.0) not in [0, 1] for 130!
      130: Raw: 0.0000000 ± 0.0000000. Shifted: 0.0000000
    WARNING: Very large std: 0.5043952155613501 in 141!
    WARNING: Raw mean (1.3130337097010232) not in [0, 1] for 141!
      141: Raw: 1.3130337 ± 0.5043952. Shifted: 0.7590242
    URGENT: Shifted mean (0.0) < 0 for 152!
    WARNING: Raw mean (0.0) not in [0, 1] for 152!
      152: Raw: 0.0000000 ± 0.0000000. Shifted: 0.0000000
  WARNING: Skipping passing_Brunel_MC15TuneV1_ProbNNk<0.2&Brunel_MC15TuneV1_ProbNNghost<0.3
  WARNING: Skipping total
Working on ./root-run2-rdx_iso-tmp/run2-rdx-2017-mu-e_B_Jpsi_nnp_gt-p_eta_ntracks.root...
  Handling eff_Brunel_MC15TuneV1_ProbNNp>0.4
    WARNING: Raw (0.0070311554467268585) and shifted (0.13497558564528958) are very different for 122!
      122: Raw: 0.0070312 ± 0.1961843. Shifted: 0.1349756
    WARNING: Very large std: 0.28950962059253377 in 133!
      133: Raw: 0.2653160 ± 0.2895096. Shifted: 0.3290125
    WARNING: Very large std: 0.21463805879496065 in 123!
      123: Raw: 0.2291134 ± 0.2146381. Shifted: 0.2677140
    URGENT: Shifted mean (-0.0) < 0 for 145!
    WARNING: Raw mean (-0.0) not in [0, 1] for 145!
      145: Raw: 0.0000000 ± 0.0000000. Shifted: 0.0000000
    URGENT: Shifted mean (-0.0) < 0 for 124!
    WARNING: Raw mean (-0.0) not in [0, 1] for 124!
      124: Raw: 0.0000000 ± 0.0000000. Shifted: 0.0000000
    WARNING: Very large std: 0.26519315813140243 in 135!
      135: Raw: 0.3389633 ± 0.2651932. Shifted: 0.3703639
    WARNING: Very large std: 11.161701229665523 in 146!
    WARNING: Raw mean (1.60923173386704) not in [0, 1] for 146!
      146: Raw: 1.6092317 ± 11.1617012. Shifted: 0.5011124
    URGENT: Shifted mean (0.0) < 0 for 125!
    WARNING: Raw mean (0.0) not in [0, 1] for 125!
      125: Raw: 0.0000000 ± 0.0000000. Shifted: 0.0000000
    WARNING: Raw mean (-0.09660315835146197) not in [0, 1] for 136!
      136: Raw: -0.0966032 ± 0.1151119. Shifted: 0.0506974
    WARNING: Very large std: 0.4475621886993412 in 147!
      147: Raw: 0.6008083 ± 0.4475622. Shifted: 0.5465545
    URGENT: Shifted mean (0.0) < 0 for 126!
    WARNING: Raw mean (0.0) not in [0, 1] for 126!
      126: Raw: 0.0000000 ± 0.0000000. Shifted: 0.0000000
    URGENT: Shifted mean (0.0) < 0 for 137!
    WARNING: Raw mean (0.0) not in [0, 1] for 137!
      137: Raw: 0.0000000 ± 0.0000000. Shifted: 0.0000000
    WARNING: Very large std: 3.1513641027740102 in 148!
    WARNING: Raw mean (-1.0740317768173493) not in [0, 1] for 148!
      148: Raw: -1.0740318 ± 3.1513641. Shifted: 0.4803325
    URGENT: Shifted mean (0.0) < 0 for 127!
    WARNING: Raw mean (0.0) not in [0, 1] for 127!
      127: Raw: 0.0000000 ± 0.0000000. Shifted: 0.0000000
    WARNING: Very large std: 4.422905192951931 in 149!
    WARNING: Raw mean (1.8335364084587824) not in [0, 1] for 149!
      149: Raw: 1.8335364 ± 4.4229052. Shifted: 0.5084924
    URGENT: Shifted mean (0.0) < 0 for 139!
    WARNING: Raw mean (0.0) not in [0, 1] for 139!
      139: Raw: 0.0000000 ± 0.0000000. Shifted: 0.0000000
    URGENT: Shifted mean (0.0) < 0 for 150!
    WARNING: Raw mean (0.0) not in [0, 1] for 150!
      150: Raw: 0.0000000 ± 0.0000000. Shifted: 0.0000000
    URGENT: Shifted mean (0.0) < 0 for 140!
    WARNING: Raw mean (0.0) not in [0, 1] for 140!
      140: Raw: 0.0000000 ± 0.0000000. Shifted: 0.0000000
    URGENT: Shifted mean (0.0) < 0 for 151!
    WARNING: Raw mean (0.0) not in [0, 1] for 151!
      151: Raw: 0.0000000 ± 0.0000000. Shifted: 0.0000000
    URGENT: Shifted mean (0.0) < 0 for 130!
    WARNING: Raw mean (0.0) not in [0, 1] for 130!
      130: Raw: 0.0000000 ± 0.0000000. Shifted: 0.0000000
    URGENT: Shifted mean (0.0) < 0 for 141!
    WARNING: Raw mean (0.0) not in [0, 1] for 141!
      141: Raw: 0.0000000 ± 0.0000000. Shifted: 0.0000000
    URGENT: Shifted mean (0.0) < 0 for 152!
    WARNING: Raw mean (0.0) not in [0, 1] for 152!
      152: Raw: 0.0000000 ± 0.0000000. Shifted: 0.0000000
  WARNING: Skipping passing_Brunel_MC15TuneV1_ProbNNp>0.4
  WARNING: Skipping total
Working on ./root-run2-rdx_iso-tmp/run2-rdx-2017-mu-e_B_Jpsi_nnpnng_gtlt-p_eta_ntracks.root...
  Handling eff_Brunel_MC15TuneV1_ProbNNp>0.4&Brunel_MC15TuneV1_ProbNNghost<0.3
    WARNING: Very large std: 0.3513879434443321 in 122!
      122: Raw: 0.1600793 ± 0.3513879. Shifted: 0.3030668
    WARNING: Very large std: 0.25715442793813464 in 133!
      133: Raw: 0.0855750 ± 0.2571544. Shifted: 0.2092589
    URGENT: Shifted mean (0.0) < 0 for 123!
    WARNING: Raw mean (0.0) not in [0, 1] for 123!
      123: Raw: 0.0000000 ± 0.0000000. Shifted: 0.0000000
    WARNING: Raw mean (-0.028705682137720078) not in [0, 1] for 134!
      134: Raw: -0.0287057 ± 0.1534844. Shifted: 0.0935240
    URGENT: Shifted mean (-0.0) < 0 for 145!
    WARNING: Raw mean (-0.0) not in [0, 1] for 145!
      145: Raw: 0.0000000 ± 0.0000000. Shifted: 0.0000000
    URGENT: Shifted mean (-0.0) < 0 for 124!
    WARNING: Raw mean (-0.0) not in [0, 1] for 124!
      124: Raw: 0.0000000 ± 0.0000000. Shifted: 0.0000000
    WARNING: Very large std: 0.22194452874138954 in 135!
      135: Raw: 0.2532452 ± 0.2219445. Shifted: 0.2885948
    WARNING: Very large std: 3.184760117096638 in 146!
      146: Raw: 0.2639577 ± 3.1847601. Shifted: 0.4971089
    URGENT: Shifted mean (0.0) < 0 for 125!
    WARNING: Raw mean (0.0) not in [0, 1] for 125!
      125: Raw: 0.0000000 ± 0.0000000. Shifted: 0.0000000
    WARNING: Raw mean (-0.09660315835146197) not in [0, 1] for 136!
      136: Raw: -0.0966032 ± 0.1151119. Shifted: 0.0506974
    WARNING: Very large std: 0.4475621886993412 in 147!
      147: Raw: 0.6008083 ± 0.4475622. Shifted: 0.5465545
    URGENT: Shifted mean (0.0) < 0 for 126!
    WARNING: Raw mean (0.0) not in [0, 1] for 126!
      126: Raw: 0.0000000 ± 0.0000000. Shifted: 0.0000000
    URGENT: Shifted mean (0.0) < 0 for 137!
    WARNING: Raw mean (0.0) not in [0, 1] for 137!
      137: Raw: 0.0000000 ± 0.0000000. Shifted: 0.0000000
    WARNING: Very large std: 3.1513641027740102 in 148!
    WARNING: Raw mean (-1.0740317768173493) not in [0, 1] for 148!
      148: Raw: -1.0740318 ± 3.1513641. Shifted: 0.4803325
    URGENT: Shifted mean (0.0) < 0 for 127!
    WARNING: Raw mean (0.0) not in [0, 1] for 127!
      127: Raw: 0.0000000 ± 0.0000000. Shifted: 0.0000000
    WARNING: Very large std: 4.422905192951931 in 149!
    WARNING: Raw mean (1.8335364084587824) not in [0, 1] for 149!
      149: Raw: 1.8335364 ± 4.4229052. Shifted: 0.5084924
    URGENT: Shifted mean (0.0) < 0 for 139!
    WARNING: Raw mean (0.0) not in [0, 1] for 139!
      139: Raw: 0.0000000 ± 0.0000000. Shifted: 0.0000000
    URGENT: Shifted mean (0.0) < 0 for 150!
    WARNING: Raw mean (0.0) not in [0, 1] for 150!
      150: Raw: 0.0000000 ± 0.0000000. Shifted: 0.0000000
    URGENT: Shifted mean (0.0) < 0 for 140!
    WARNING: Raw mean (0.0) not in [0, 1] for 140!
      140: Raw: 0.0000000 ± 0.0000000. Shifted: 0.0000000
    URGENT: Shifted mean (0.0) < 0 for 151!
    WARNING: Raw mean (0.0) not in [0, 1] for 151!
      151: Raw: 0.0000000 ± 0.0000000. Shifted: 0.0000000
    URGENT: Shifted mean (0.0) < 0 for 130!
    WARNING: Raw mean (0.0) not in [0, 1] for 130!
      130: Raw: 0.0000000 ± 0.0000000. Shifted: 0.0000000
    URGENT: Shifted mean (0.0) < 0 for 141!
    WARNING: Raw mean (0.0) not in [0, 1] for 141!
      141: Raw: 0.0000000 ± 0.0000000. Shifted: 0.0000000
    URGENT: Shifted mean (0.0) < 0 for 152!
    WARNING: Raw mean (0.0) not in [0, 1] for 152!
      152: Raw: 0.0000000 ± 0.0000000. Shifted: 0.0000000
  WARNING: Skipping passing_Brunel_MC15TuneV1_ProbNNp>0.4&Brunel_MC15TuneV1_ProbNNghost<0.3
  WARNING: Skipping total
Working on ./root-run2-rdx_iso-tmp/run2-rdx-2017-mu-K_nnk_gt-p_eta_ntracks.root...
  Handling eff_Brunel_MC15TuneV1_ProbNNk>0.2
  WARNING: Skipping passing_Brunel_MC15TuneV1_ProbNNk>0.2
  WARNING: Skipping total
Working on ./root-run2-rdx_iso-tmp/run2-rdx-2017-mu-K_nnknng_gt02lt02-p_eta_ntracks.root...
  Handling eff_Brunel_MC15TuneV1_ProbNNk>0.2&Brunel_MC15TuneV1_ProbNNghost<0.2
  WARNING: Skipping passing_Brunel_MC15TuneV1_ProbNNk>0.2&Brunel_MC15TuneV1_ProbNNghost<0.2
  WARNING: Skipping total
Working on ./root-run2-rdx_iso-tmp/run2-rdx-2017-mu-K_nnknng_gtlt-p_eta_ntracks.root...
  Handling eff_Brunel_MC15TuneV1_ProbNNk>0.2&Brunel_MC15TuneV1_ProbNNghost<0.3
  WARNING: Skipping passing_Brunel_MC15TuneV1_ProbNNk>0.2&Brunel_MC15TuneV1_ProbNNghost<0.3
  WARNING: Skipping total
Working on ./root-run2-rdx_iso-tmp/run2-rdx-2017-mu-K_nnknng_lt02lt02-p_eta_ntracks.root...
  Handling eff_Brunel_MC15TuneV1_ProbNNk<0.2&Brunel_MC15TuneV1_ProbNNghost<0.2
  WARNING: Skipping passing_Brunel_MC15TuneV1_ProbNNk<0.2&Brunel_MC15TuneV1_ProbNNghost<0.2
  WARNING: Skipping total
Working on ./root-run2-rdx_iso-tmp/run2-rdx-2017-mu-K_nnknng_ltlt-p_eta_ntracks.root...
  Handling eff_Brunel_MC15TuneV1_ProbNNk<0.2&Brunel_MC15TuneV1_ProbNNghost<0.3
  WARNING: Skipping passing_Brunel_MC15TuneV1_ProbNNk<0.2&Brunel_MC15TuneV1_ProbNNghost<0.3
  WARNING: Skipping total
Working on ./root-run2-rdx_iso-tmp/run2-rdx-2017-mu-K_nnp_gt-p_eta_ntracks.root...
  Handling eff_Brunel_MC15TuneV1_ProbNNp>0.4
  WARNING: Skipping passing_Brunel_MC15TuneV1_ProbNNp>0.4
  WARNING: Skipping total
Working on ./root-run2-rdx_iso-tmp/run2-rdx-2017-mu-K_nnpnng_gtlt-p_eta_ntracks.root...
  Handling eff_Brunel_MC15TuneV1_ProbNNp>0.4&Brunel_MC15TuneV1_ProbNNghost<0.3
  WARNING: Skipping passing_Brunel_MC15TuneV1_ProbNNp>0.4&Brunel_MC15TuneV1_ProbNNghost<0.3
  WARNING: Skipping total
Working on ./root-run2-rdx_iso-tmp/run2-rdx-2017-mu-Mu_nopt_nnk_gt-p_eta_ntracks.root...
  Handling eff_Brunel_MC15TuneV1_ProbNNk>0.2
  WARNING: Skipping passing_Brunel_MC15TuneV1_ProbNNk>0.2
  WARNING: Skipping total
Working on ./root-run2-rdx_iso-tmp/run2-rdx-2017-mu-Mu_nopt_nnknng_gt02lt02-p_eta_ntracks.root...
  Handling eff_Brunel_MC15TuneV1_ProbNNk>0.2&Brunel_MC15TuneV1_ProbNNghost<0.2
  WARNING: Skipping passing_Brunel_MC15TuneV1_ProbNNk>0.2&Brunel_MC15TuneV1_ProbNNghost<0.2
  WARNING: Skipping total
Working on ./root-run2-rdx_iso-tmp/run2-rdx-2017-mu-Mu_nopt_nnknng_gtlt-p_eta_ntracks.root...
  Handling eff_Brunel_MC15TuneV1_ProbNNk>0.2&Brunel_MC15TuneV1_ProbNNghost<0.3
  WARNING: Skipping passing_Brunel_MC15TuneV1_ProbNNk>0.2&Brunel_MC15TuneV1_ProbNNghost<0.3
  WARNING: Skipping total
Working on ./root-run2-rdx_iso-tmp/run2-rdx-2017-mu-Mu_nopt_nnknng_lt02lt02-p_eta_ntracks.root...
  Handling eff_Brunel_MC15TuneV1_ProbNNk<0.2&Brunel_MC15TuneV1_ProbNNghost<0.2
  WARNING: Skipping passing_Brunel_MC15TuneV1_ProbNNk<0.2&Brunel_MC15TuneV1_ProbNNghost<0.2
  WARNING: Skipping total
Working on ./root-run2-rdx_iso-tmp/run2-rdx-2017-mu-Mu_nopt_nnknng_ltlt-p_eta_ntracks.root...
  Handling eff_Brunel_MC15TuneV1_ProbNNk<0.2&Brunel_MC15TuneV1_ProbNNghost<0.3
  WARNING: Skipping passing_Brunel_MC15TuneV1_ProbNNk<0.2&Brunel_MC15TuneV1_ProbNNghost<0.3
  WARNING: Skipping total
Working on ./root-run2-rdx_iso-tmp/run2-rdx-2017-mu-Mu_nopt_nnp_gt-p_eta_ntracks.root...
  Handling eff_Brunel_MC15TuneV1_ProbNNp>0.4
    WARNING: Raw mean (-0.00014404576401552417) not in [0, 1] for 59!
      59: Raw: -0.0001440 ± 0.0004126. Shifted: 0.0002309
  WARNING: Skipping passing_Brunel_MC15TuneV1_ProbNNp>0.4
  WARNING: Skipping total
Working on ./root-run2-rdx_iso-tmp/run2-rdx-2017-mu-Mu_nopt_nnpnng_gtlt-p_eta_ntracks.root...
  Handling eff_Brunel_MC15TuneV1_ProbNNp>0.4&Brunel_MC15TuneV1_ProbNNghost<0.3
  WARNING: Skipping passing_Brunel_MC15TuneV1_ProbNNp>0.4&Brunel_MC15TuneV1_ProbNNghost<0.3
  WARNING: Skipping total
Working on ./root-run2-rdx_iso-tmp/run2-rdx-2017-mu-Pi_nnk_gt-p_eta_ntracks.root...
  Handling eff_Brunel_MC15TuneV1_ProbNNk>0.2
  WARNING: Skipping passing_Brunel_MC15TuneV1_ProbNNk>0.2
  WARNING: Skipping total
Working on ./root-run2-rdx_iso-tmp/run2-rdx-2017-mu-Pi_nnknng_gt02lt02-p_eta_ntracks.root...
  Handling eff_Brunel_MC15TuneV1_ProbNNk>0.2&Brunel_MC15TuneV1_ProbNNghost<0.2
  WARNING: Skipping passing_Brunel_MC15TuneV1_ProbNNk>0.2&Brunel_MC15TuneV1_ProbNNghost<0.2
  WARNING: Skipping total
Working on ./root-run2-rdx_iso-tmp/run2-rdx-2017-mu-Pi_nnknng_gtlt-p_eta_ntracks.root...
  Handling eff_Brunel_MC15TuneV1_ProbNNk>0.2&Brunel_MC15TuneV1_ProbNNghost<0.3
  WARNING: Skipping passing_Brunel_MC15TuneV1_ProbNNk>0.2&Brunel_MC15TuneV1_ProbNNghost<0.3
  WARNING: Skipping total
Working on ./root-run2-rdx_iso-tmp/run2-rdx-2017-mu-Pi_nnknng_lt02lt02-p_eta_ntracks.root...
  Handling eff_Brunel_MC15TuneV1_ProbNNk<0.2&Brunel_MC15TuneV1_ProbNNghost<0.2
  WARNING: Skipping passing_Brunel_MC15TuneV1_ProbNNk<0.2&Brunel_MC15TuneV1_ProbNNghost<0.2
  WARNING: Skipping total
Working on ./root-run2-rdx_iso-tmp/run2-rdx-2017-mu-Pi_nnknng_ltlt-p_eta_ntracks.root...
  Handling eff_Brunel_MC15TuneV1_ProbNNk<0.2&Brunel_MC15TuneV1_ProbNNghost<0.3
  WARNING: Skipping passing_Brunel_MC15TuneV1_ProbNNk<0.2&Brunel_MC15TuneV1_ProbNNghost<0.3
  WARNING: Skipping total
Working on ./root-run2-rdx_iso-tmp/run2-rdx-2017-mu-Pi_nnp_gt-p_eta_ntracks.root...
  Handling eff_Brunel_MC15TuneV1_ProbNNp>0.4
  WARNING: Skipping passing_Brunel_MC15TuneV1_ProbNNp>0.4
  WARNING: Skipping total
Working on ./root-run2-rdx_iso-tmp/run2-rdx-2017-mu-Pi_nnpnng_gtlt-p_eta_ntracks.root...
  Handling eff_Brunel_MC15TuneV1_ProbNNp>0.4&Brunel_MC15TuneV1_ProbNNghost<0.3
  WARNING: Skipping passing_Brunel_MC15TuneV1_ProbNNp>0.4&Brunel_MC15TuneV1_ProbNNghost<0.3
  WARNING: Skipping total
Working on ./root-run2-rdx_iso-tmp/run2-rdx-2017-mu-P_nnk_gt-p_eta_ntracks.root...
  Handling eff_Brunel_MC15TuneV1_ProbNNk>0.2
  WARNING: Skipping passing_Brunel_MC15TuneV1_ProbNNk>0.2
  WARNING: Skipping total
Working on ./root-run2-rdx_iso-tmp/run2-rdx-2017-mu-P_nnknng_gt02lt02-p_eta_ntracks.root...
  Handling eff_Brunel_MC15TuneV1_ProbNNk>0.2&Brunel_MC15TuneV1_ProbNNghost<0.2
  WARNING: Skipping passing_Brunel_MC15TuneV1_ProbNNk>0.2&Brunel_MC15TuneV1_ProbNNghost<0.2
  WARNING: Skipping total
Working on ./root-run2-rdx_iso-tmp/run2-rdx-2017-mu-P_nnknng_gtlt-p_eta_ntracks.root...
  Handling eff_Brunel_MC15TuneV1_ProbNNk>0.2&Brunel_MC15TuneV1_ProbNNghost<0.3
  WARNING: Skipping passing_Brunel_MC15TuneV1_ProbNNk>0.2&Brunel_MC15TuneV1_ProbNNghost<0.3
  WARNING: Skipping total
Working on ./root-run2-rdx_iso-tmp/run2-rdx-2017-mu-P_nnknng_lt02lt02-p_eta_ntracks.root...
  Handling eff_Brunel_MC15TuneV1_ProbNNk<0.2&Brunel_MC15TuneV1_ProbNNghost<0.2
  WARNING: Skipping passing_Brunel_MC15TuneV1_ProbNNk<0.2&Brunel_MC15TuneV1_ProbNNghost<0.2
  WARNING: Skipping total
Working on ./root-run2-rdx_iso-tmp/run2-rdx-2017-mu-P_nnknng_ltlt-p_eta_ntracks.root...
  Handling eff_Brunel_MC15TuneV1_ProbNNk<0.2&Brunel_MC15TuneV1_ProbNNghost<0.3
  WARNING: Skipping passing_Brunel_MC15TuneV1_ProbNNk<0.2&Brunel_MC15TuneV1_ProbNNghost<0.3
  WARNING: Skipping total
Working on ./root-run2-rdx_iso-tmp/run2-rdx-2017-mu-P_nnp_gt-p_eta_ntracks.root...
  Handling eff_Brunel_MC15TuneV1_ProbNNp>0.4
  WARNING: Skipping passing_Brunel_MC15TuneV1_ProbNNp>0.4
  WARNING: Skipping total
Working on ./root-run2-rdx_iso-tmp/run2-rdx-2017-mu-P_nnpnng_gtlt-p_eta_ntracks.root...
  Handling eff_Brunel_MC15TuneV1_ProbNNp>0.4&Brunel_MC15TuneV1_ProbNNghost<0.3
  WARNING: Skipping passing_Brunel_MC15TuneV1_ProbNNp>0.4&Brunel_MC15TuneV1_ProbNNghost<0.3
  WARNING: Skipping total
Working on ./root-run2-rdx_iso-tmp/run2-rdx-2018-md-e_B_Jpsi_nnk_gt-p_eta_ntracks.root...
  Handling eff_Brunel_MC15TuneV1_ProbNNk>0.2
    WARNING: Very large std: 0.37429859527725073 in 122!
      122: Raw: 0.1822694 ± 0.3742986. Shifted: 0.3258312
    WARNING: Very large std: 0.3773894280029771 in 133!
      133: Raw: 0.3553510 ± 0.3773894. Shifted: 0.4168247
    URGENT: Shifted mean (-0.0) < 0 for 144!
    WARNING: Raw mean (-0.0) not in [0, 1] for 144!
      144: Raw: 0.0000000 ± 0.0000000. Shifted: 0.0000000
    WARNING: Very large std: 0.8017650814421441 in 134!
      134: Raw: 0.1263982 ± 0.8017651. Shifted: 0.4347084
    WARNING: Very large std: 0.3765921795399007 in 145!
      145: Raw: 0.1102915 ± 0.3765922. Shifted: 0.2947526
    URGENT: Shifted mean (0.0) < 0 for 124!
    WARNING: Raw mean (0.0) not in [0, 1] for 124!
      124: Raw: 0.0000000 ± 0.0000000. Shifted: 0.0000000
    WARNING: Very large std: 0.2181837522689839 in 135!
    WARNING: Raw mean (-0.05436518687582203) not in [0, 1] for 135!
      135: Raw: -0.0543652 ± 0.2181838. Shifted: 0.1286345
    WARNING: Very large std: 66.63100242202866 in 146!
    WARNING: Raw mean (-5.480433463734956) not in [0, 1] for 146!
    WARNING: Raw (-5.480433463734956) and shifted (0.49983162258595737) are very different for 146!
      146: Raw: -5.4804335 ± 66.6310024. Shifted: 0.4998316
    URGENT: Shifted mean (0.0) < 0 for 125!
    WARNING: Raw mean (0.0) not in [0, 1] for 125!
      125: Raw: 0.0000000 ± 0.0000000. Shifted: 0.0000000
    WARNING: Very large std: 0.538954093930897 in 136!
      136: Raw: 0.5690822 ± 0.5389541. Shifted: 0.5241238
    WARNING: Very large std: 0.47713335926956746 in 147!
    WARNING: Raw mean (-0.23982095358141575) not in [0, 1] for 147!
      147: Raw: -0.2398210 ± 0.4771334. Shifted: 0.2422837
    URGENT: Shifted mean (0.0) < 0 for 126!
    WARNING: Raw mean (0.0) not in [0, 1] for 126!
      126: Raw: 0.0000000 ± 0.0000000. Shifted: 0.0000000
    WARNING: Very large std: 8.122223125749676 in 148!
    WARNING: Raw mean (1.6098644661680288) not in [0, 1] for 148!
      148: Raw: 1.6098645 ± 8.1222231. Shifted: 0.5021009
    URGENT: Shifted mean (-0.0) < 0 for 138!
    WARNING: Raw mean (-0.0) not in [0, 1] for 138!
      138: Raw: 0.0000000 ± 0.0000000. Shifted: 0.0000000
    URGENT: Shifted mean (0.0) < 0 for 149!
    WARNING: Raw mean (0.0) not in [0, 1] for 149!
      149: Raw: 0.0000000 ± 0.0000000. Shifted: 0.0000000
    URGENT: Shifted mean (0.0) < 0 for 139!
    WARNING: Raw mean (0.0) not in [0, 1] for 139!
      139: Raw: 0.0000000 ± 0.0000000. Shifted: 0.0000000
    URGENT: Shifted mean (0.0) < 0 for 150!
    WARNING: Raw mean (0.0) not in [0, 1] for 150!
      150: Raw: 0.0000000 ± 0.0000000. Shifted: 0.0000000
    URGENT: Shifted mean (1.0) > 1 for 152!
      152: Raw: 1.0000000 ± 0.0000000. Shifted: 1.0000000
  WARNING: Skipping passing_Brunel_MC15TuneV1_ProbNNk>0.2
  WARNING: Skipping total
Working on ./root-run2-rdx_iso-tmp/run2-rdx-2018-md-e_B_Jpsi_nnknng_gt02lt02-p_eta_ntracks.root...
  Handling eff_Brunel_MC15TuneV1_ProbNNk>0.2&Brunel_MC15TuneV1_ProbNNghost<0.2
    WARNING: Very large std: 0.30931078937226714 in 122!
      122: Raw: 0.2885241 ± 0.3093108. Shifted: 0.3528500
    WARNING: Very large std: 0.3512218385307325 in 133!
      133: Raw: 0.4258462 ± 0.3512218. Shifted: 0.4529950
    URGENT: Shifted mean (-0.0) < 0 for 144!
    WARNING: Raw mean (-0.0) not in [0, 1] for 144!
      144: Raw: 0.0000000 ± 0.0000000. Shifted: 0.0000000
    WARNING: Very large std: 0.882824074214001 in 134!
      134: Raw: 0.8190811 ± 0.8828241. Shifted: 0.5470107
    URGENT: Shifted mean (0.0) < 0 for 145!
    WARNING: Raw mean (0.0) not in [0, 1] for 145!
      145: Raw: 0.0000000 ± 0.0000000. Shifted: 0.0000000
    URGENT: Shifted mean (0.0) < 0 for 124!
    WARNING: Raw mean (0.0) not in [0, 1] for 124!
      124: Raw: 0.0000000 ± 0.0000000. Shifted: 0.0000000
    WARNING: Very large std: 52.052948610186874 in 146!
    WARNING: Raw mean (-4.265059782614912) not in [0, 1] for 146!
    WARNING: Raw (-4.265059782614912) and shifted (0.4997801747268653) are very different for 146!
      146: Raw: -4.2650598 ± 52.0529486. Shifted: 0.4997802
    URGENT: Shifted mean (0.0) < 0 for 125!
    WARNING: Raw mean (0.0) not in [0, 1] for 125!
      125: Raw: 0.0000000 ± 0.0000000. Shifted: 0.0000000
    URGENT: Shifted mean (0.0) < 0 for 136!
    WARNING: Raw mean (0.0) not in [0, 1] for 136!
      136: Raw: 0.0000000 ± 0.0000000. Shifted: 0.0000000
    WARNING: Very large std: 0.5324090269969162 in 147!
    WARNING: Raw mean (-0.3311284378578549) not in [0, 1] for 147!
      147: Raw: -0.3311284 ± 0.5324090. Shifted: 0.2522497
    URGENT: Shifted mean (0.0) < 0 for 126!
    WARNING: Raw mean (0.0) not in [0, 1] for 126!
      126: Raw: 0.0000000 ± 0.0000000. Shifted: 0.0000000
    WARNING: Very large std: 8.122223125749676 in 148!
    WARNING: Raw mean (1.6098644661680288) not in [0, 1] for 148!
      148: Raw: 1.6098645 ± 8.1222231. Shifted: 0.5021009
    URGENT: Shifted mean (-0.0) < 0 for 138!
    WARNING: Raw mean (-0.0) not in [0, 1] for 138!
      138: Raw: 0.0000000 ± 0.0000000. Shifted: 0.0000000
    URGENT: Shifted mean (0.0) < 0 for 149!
    WARNING: Raw mean (0.0) not in [0, 1] for 149!
      149: Raw: 0.0000000 ± 0.0000000. Shifted: 0.0000000
    URGENT: Shifted mean (0.0) < 0 for 139!
    WARNING: Raw mean (0.0) not in [0, 1] for 139!
      139: Raw: 0.0000000 ± 0.0000000. Shifted: 0.0000000
    URGENT: Shifted mean (0.0) < 0 for 150!
    WARNING: Raw mean (0.0) not in [0, 1] for 150!
      150: Raw: 0.0000000 ± 0.0000000. Shifted: 0.0000000
    URGENT: Shifted mean (1.0) > 1 for 152!
      152: Raw: 1.0000000 ± 0.0000000. Shifted: 1.0000000
  WARNING: Skipping passing_Brunel_MC15TuneV1_ProbNNk>0.2&Brunel_MC15TuneV1_ProbNNghost<0.2
  WARNING: Skipping total
Working on ./root-run2-rdx_iso-tmp/run2-rdx-2018-md-e_B_Jpsi_nnknng_gtlt-p_eta_ntracks.root...
  Handling eff_Brunel_MC15TuneV1_ProbNNk>0.2&Brunel_MC15TuneV1_ProbNNghost<0.3
    WARNING: Very large std: 0.30396146263575236 in 122!
      122: Raw: 0.1801127 ± 0.3039615. Shifted: 0.2863310
    WARNING: Very large std: 0.39840552798091955 in 133!
      133: Raw: 0.5420145 ± 0.3984055. Shifted: 0.5228713
    URGENT: Shifted mean (-0.0) < 0 for 144!
    WARNING: Raw mean (-0.0) not in [0, 1] for 144!
      144: Raw: 0.0000000 ± 0.0000000. Shifted: 0.0000000
    WARNING: Very large std: 0.9163599001501042 in 134!
      134: Raw: 0.8559133 ± 0.9163599. Shifted: 0.5489193
    URGENT: Shifted mean (0.0) < 0 for 145!
    WARNING: Raw mean (0.0) not in [0, 1] for 145!
      145: Raw: 0.0000000 ± 0.0000000. Shifted: 0.0000000
    URGENT: Shifted mean (0.0) < 0 for 124!
    WARNING: Raw mean (0.0) not in [0, 1] for 124!
      124: Raw: 0.0000000 ± 0.0000000. Shifted: 0.0000000
    WARNING: Very large std: 52.052948610186874 in 146!
    WARNING: Raw mean (-4.265059782614912) not in [0, 1] for 146!
    WARNING: Raw (-4.265059782614912) and shifted (0.4997801747268653) are very different for 146!
      146: Raw: -4.2650598 ± 52.0529486. Shifted: 0.4997802
    URGENT: Shifted mean (0.0) < 0 for 125!
    WARNING: Raw mean (0.0) not in [0, 1] for 125!
      125: Raw: 0.0000000 ± 0.0000000. Shifted: 0.0000000
    URGENT: Shifted mean (0.0) < 0 for 136!
    WARNING: Raw mean (0.0) not in [0, 1] for 136!
      136: Raw: 0.0000000 ± 0.0000000. Shifted: 0.0000000
    WARNING: Very large std: 0.5324090269969162 in 147!
    WARNING: Raw mean (-0.3311284378578549) not in [0, 1] for 147!
      147: Raw: -0.3311284 ± 0.5324090. Shifted: 0.2522497
    URGENT: Shifted mean (0.0) < 0 for 126!
    WARNING: Raw mean (0.0) not in [0, 1] for 126!
      126: Raw: 0.0000000 ± 0.0000000. Shifted: 0.0000000
    WARNING: Very large std: 8.122223125749676 in 148!
    WARNING: Raw mean (1.6098644661680288) not in [0, 1] for 148!
      148: Raw: 1.6098645 ± 8.1222231. Shifted: 0.5021009
    URGENT: Shifted mean (-0.0) < 0 for 138!
    WARNING: Raw mean (-0.0) not in [0, 1] for 138!
      138: Raw: 0.0000000 ± 0.0000000. Shifted: 0.0000000
    URGENT: Shifted mean (0.0) < 0 for 149!
    WARNING: Raw mean (0.0) not in [0, 1] for 149!
      149: Raw: 0.0000000 ± 0.0000000. Shifted: 0.0000000
    URGENT: Shifted mean (0.0) < 0 for 139!
    WARNING: Raw mean (0.0) not in [0, 1] for 139!
      139: Raw: 0.0000000 ± 0.0000000. Shifted: 0.0000000
    URGENT: Shifted mean (0.0) < 0 for 150!
    WARNING: Raw mean (0.0) not in [0, 1] for 150!
      150: Raw: 0.0000000 ± 0.0000000. Shifted: 0.0000000
    URGENT: Shifted mean (1.0) > 1 for 152!
      152: Raw: 1.0000000 ± 0.0000000. Shifted: 1.0000000
  WARNING: Skipping passing_Brunel_MC15TuneV1_ProbNNk>0.2&Brunel_MC15TuneV1_ProbNNghost<0.3
  WARNING: Skipping total
Working on ./root-run2-rdx_iso-tmp/run2-rdx-2018-md-e_B_Jpsi_nnknng_lt02lt02-p_eta_ntracks.root...
  Handling eff_Brunel_MC15TuneV1_ProbNNk<0.2&Brunel_MC15TuneV1_ProbNNghost<0.2
    WARNING: Very large std: 0.4392402225755018 in 122!
      122: Raw: 0.1984067 ± 0.4392402. Shifted: 0.3627660
    WARNING: Very large std: 0.40041837405111635 in 133!
      133: Raw: 0.4015968 ± 0.4004184. Shifted: 0.4470689
    WARNING: Very large std: 0.6667321646230089 in 144!
    WARNING: Raw (0.054358240783051515) and shifted (0.3939289756083893) are very different for 144!
      144: Raw: 0.0543582 ± 0.6667322. Shifted: 0.3939290
    WARNING: Very large std: 0.2856047303810515 in 123!
      123: Raw: 0.5803042 ± 0.2856047. Shifted: 0.5624795
    WARNING: Very large std: 1.0166200374704533 in 134!
      134: Raw: 0.9487524 ± 1.0166200. Shifted: 0.5507758
    WARNING: Very large std: 2.631345204748624 in 145!
    WARNING: Raw mean (1.014144810470114) not in [0, 1] for 145!
      145: Raw: 1.0141448 ± 2.6313452. Shifted: 0.5091966
    URGENT: Shifted mean (1.0) > 1 for 124!
      124: Raw: 1.0000000 ± 0.0000000. Shifted: 1.0000000
    WARNING: Very large std: 0.2906308766367095 in 135!
      135: Raw: 0.8895021 ± 0.2906309. Shifted: 0.7573041
    WARNING: Very large std: 34.44750892517375 in 146!
    WARNING: Raw mean (3.603517524462934) not in [0, 1] for 146!
    WARNING: Raw (3.603517524462934) and shifted (0.500326908019439) are very different for 146!
      146: Raw: 3.6035175 ± 34.4475089. Shifted: 0.5003269
    URGENT: Shifted mean (1.0) > 1 for 125!
      125: Raw: 1.0000000 ± 0.0000000. Shifted: 1.0000000
    WARNING: Very large std: 0.538954093930897 in 136!
      136: Raw: 0.4309178 ± 0.5389541. Shifted: 0.4758762
    WARNING: Very large std: 0.7659482381097298 in 147!
      147: Raw: 0.9148853 ± 0.7659482. Shifted: 0.5783492
    URGENT: Shifted mean (0.0) < 0 for 126!
    WARNING: Raw mean (0.0) not in [0, 1] for 126!
      126: Raw: 0.0000000 ± 0.0000000. Shifted: 0.0000000
    WARNING: Very large std: 11.69729744296986 in 148!
    WARNING: Raw mean (2.789241232886271) not in [0, 1] for 148!
    WARNING: Raw (2.789241232886271) and shifted (0.502090388863556) are very different for 148!
      148: Raw: 2.7892412 ± 11.6972974. Shifted: 0.5020904
    URGENT: Shifted mean (-0.0) < 0 for 138!
    WARNING: Raw mean (-0.0) not in [0, 1] for 138!
      138: Raw: 0.0000000 ± 0.0000000. Shifted: 0.0000000
    WARNING: Very large std: 3.0910621638779854 in 149!
      149: Raw: 0.1295080 ± 3.0910622. Shifted: 0.4951849
    WARNING: Very large std: 0.47626152477057515 in 139!
      139: Raw: 0.4056921 ± 0.4762615. Shifted: 0.4601974
    WARNING: Very large std: 0.34237716373863364 in 150!
      150: Raw: 0.5888976 ± 0.3423772. Shifted: 0.5578676
    URGENT: Shifted mean (0.0) < 0 for 152!
    WARNING: Raw mean (0.0) not in [0, 1] for 152!
      152: Raw: 0.0000000 ± 0.0000000. Shifted: 0.0000000
  WARNING: Skipping passing_Brunel_MC15TuneV1_ProbNNk<0.2&Brunel_MC15TuneV1_ProbNNghost<0.2
  WARNING: Skipping total
Working on ./root-run2-rdx_iso-tmp/run2-rdx-2018-md-e_B_Jpsi_nnknng_ltlt-p_eta_ntracks.root...
  Handling eff_Brunel_MC15TuneV1_ProbNNk<0.2&Brunel_MC15TuneV1_ProbNNghost<0.3
    WARNING: Very large std: 0.41914575803868487 in 122!
      122: Raw: 0.2785025 ± 0.4191458. Shifted: 0.3904558
    WARNING: Very large std: 0.38922622704290055 in 133!
      133: Raw: 0.4635772 ± 0.3892262. Shifted: 0.4795570
    WARNING: Very large std: 0.6667321646230089 in 144!
    WARNING: Raw (0.054358240783051515) and shifted (0.3939289756083893) are very different for 144!
      144: Raw: 0.0543582 ± 0.6667322. Shifted: 0.3939290
    WARNING: Very large std: 0.2856047303810515 in 123!
      123: Raw: 0.5803042 ± 0.2856047. Shifted: 0.5624795
    WARNING: Very large std: 0.8109257766208583 in 134!
      134: Raw: 0.7436152 ± 0.8109258. Shifted: 0.5419802
    WARNING: Very large std: 2.631345204748624 in 145!
    WARNING: Raw mean (1.014144810470114) not in [0, 1] for 145!
      145: Raw: 1.0141448 ± 2.6313452. Shifted: 0.5091966
    URGENT: Shifted mean (1.0) > 1 for 124!
      124: Raw: 1.0000000 ± 0.0000000. Shifted: 1.0000000
    WARNING: Very large std: 0.26733676132853085 in 135!
      135: Raw: 0.8162471 ± 0.2673368. Shifted: 0.7328940
    WARNING: Very large std: 39.50726946961605 in 146!
    WARNING: Raw mean (4.098701537762845) not in [0, 1] for 146!
    WARNING: Raw (4.098701537762845) and shifted (0.5002881935964543) are very different for 146!
      146: Raw: 4.0987015 ± 39.5072695. Shifted: 0.5002882
    URGENT: Shifted mean (1.0) > 1 for 125!
      125: Raw: 1.0000000 ± 0.0000000. Shifted: 1.0000000
    WARNING: Very large std: 0.538954093930897 in 136!
      136: Raw: 0.4309178 ± 0.5389541. Shifted: 0.4758762
    WARNING: Very large std: 0.7659482381097298 in 147!
      147: Raw: 0.9148853 ± 0.7659482. Shifted: 0.5783492
    URGENT: Shifted mean (0.0) < 0 for 126!
    WARNING: Raw mean (0.0) not in [0, 1] for 126!
      126: Raw: 0.0000000 ± 0.0000000. Shifted: 0.0000000
    WARNING: Very large std: 4.948726874572934 in 148!
    WARNING: Raw (0.007813652002024971) and shifted (0.497494251606786) are very different for 148!
      148: Raw: 0.0078137 ± 4.9487269. Shifted: 0.4974943
    URGENT: Shifted mean (1.0) > 1 for 138!
      138: Raw: 1.0000000 ± 0.0000000. Shifted: 1.0000000
    URGENT: Shifted mean (1.0) > 1 for 149!
      149: Raw: 1.0000000 ± 0.0000000. Shifted: 1.0000000
    WARNING: Very large std: 0.47626152477057515 in 139!
      139: Raw: 0.4056921 ± 0.4762615. Shifted: 0.4601974
    WARNING: Very large std: 0.34237716373863364 in 150!
      150: Raw: 0.5888976 ± 0.3423772. Shifted: 0.5578676
    URGENT: Shifted mean (0.0) < 0 for 152!
    WARNING: Raw mean (0.0) not in [0, 1] for 152!
      152: Raw: 0.0000000 ± 0.0000000. Shifted: 0.0000000
  WARNING: Skipping passing_Brunel_MC15TuneV1_ProbNNk<0.2&Brunel_MC15TuneV1_ProbNNghost<0.3
  WARNING: Skipping total
Working on ./root-run2-rdx_iso-tmp/run2-rdx-2018-md-e_B_Jpsi_nnp_gt-p_eta_ntracks.root...
  Handling eff_Brunel_MC15TuneV1_ProbNNp>0.4
    WARNING: Very large std: 0.3427262972765544 in 122!
      122: Raw: 0.3585676 ± 0.3427263. Shifted: 0.4090472
    WARNING: Very large std: 0.32955086913059134 in 133!
      133: Raw: 0.1732286 ± 0.3295509. Shifted: 0.2973281
    URGENT: Shifted mean (-0.0) < 0 for 144!
    WARNING: Raw mean (-0.0) not in [0, 1] for 144!
      144: Raw: 0.0000000 ± 0.0000000. Shifted: 0.0000000
    URGENT: Shifted mean (0.0) < 0 for 123!
    WARNING: Raw mean (0.0) not in [0, 1] for 123!
      123: Raw: 0.0000000 ± 0.0000000. Shifted: 0.0000000
    WARNING: Very large std: 0.635893005943589 in 134!
      134: Raw: 0.3605050 ± 0.6358930. Shifted: 0.4630345
    WARNING: Very large std: 3.817068892901489 in 145!
    WARNING: Raw mean (1.3082172001180632) not in [0, 1] for 145!
      145: Raw: 1.3082172 ± 3.8170689. Shifted: 0.5069034
    URGENT: Shifted mean (0.0) < 0 for 124!
    WARNING: Raw mean (0.0) not in [0, 1] for 124!
      124: Raw: 0.0000000 ± 0.0000000. Shifted: 0.0000000
    WARNING: Very large std: 0.2584315733812783 in 135!
      135: Raw: 0.3838496 ± 0.2584316. Shifted: 0.4033580
    WARNING: Very large std: 69.33653726435622 in 146!
    WARNING: Raw mean (6.073558178296363) not in [0, 1] for 146!
    WARNING: Raw (6.073558178296363) and shifted (0.5001449147473336) are very different for 146!
      146: Raw: 6.0735582 ± 69.3365373. Shifted: 0.5001449
    URGENT: Shifted mean (0.0) < 0 for 125!
    WARNING: Raw mean (0.0) not in [0, 1] for 125!
      125: Raw: 0.0000000 ± 0.0000000. Shifted: 0.0000000
    URGENT: Shifted mean (0.0) < 0 for 136!
    WARNING: Raw mean (0.0) not in [0, 1] for 136!
      136: Raw: 0.0000000 ± 0.0000000. Shifted: 0.0000000
    URGENT: Shifted mean (0.0) < 0 for 126!
    WARNING: Raw mean (0.0) not in [0, 1] for 126!
      126: Raw: 0.0000000 ± 0.0000000. Shifted: 0.0000000
    WARNING: Very large std: 9.485672697523025 in 148!
    WARNING: Raw mean (1.902067991198965) not in [0, 1] for 148!
      148: Raw: 1.9020680 ± 9.4856727. Shifted: 0.5019464
    URGENT: Shifted mean (-0.0) < 0 for 138!
    WARNING: Raw mean (-0.0) not in [0, 1] for 138!
      138: Raw: 0.0000000 ± 0.0000000. Shifted: 0.0000000
    URGENT: Shifted mean (0.0) < 0 for 149!
    WARNING: Raw mean (0.0) not in [0, 1] for 149!
      149: Raw: 0.0000000 ± 0.0000000. Shifted: 0.0000000
    URGENT: Shifted mean (0.0) < 0 for 139!
    WARNING: Raw mean (0.0) not in [0, 1] for 139!
      139: Raw: 0.0000000 ± 0.0000000. Shifted: 0.0000000
    URGENT: Shifted mean (0.0) < 0 for 150!
    WARNING: Raw mean (0.0) not in [0, 1] for 150!
      150: Raw: 0.0000000 ± 0.0000000. Shifted: 0.0000000
    URGENT: Shifted mean (0.0) < 0 for 152!
    WARNING: Raw mean (0.0) not in [0, 1] for 152!
      152: Raw: 0.0000000 ± 0.0000000. Shifted: 0.0000000
  WARNING: Skipping passing_Brunel_MC15TuneV1_ProbNNp>0.4
  WARNING: Skipping total
Working on ./root-run2-rdx_iso-tmp/run2-rdx-2018-md-e_B_Jpsi_nnpnng_gtlt-p_eta_ntracks.root...
  Handling eff_Brunel_MC15TuneV1_ProbNNp>0.4&Brunel_MC15TuneV1_ProbNNghost<0.3
    WARNING: Very large std: 0.30931078937226714 in 122!
      122: Raw: 0.2885241 ± 0.3093108. Shifted: 0.3528500
    WARNING: Very large std: 0.3512218385307325 in 133!
      133: Raw: 0.4258462 ± 0.3512218. Shifted: 0.4529950
    URGENT: Shifted mean (-0.0) < 0 for 144!
    WARNING: Raw mean (-0.0) not in [0, 1] for 144!
      144: Raw: 0.0000000 ± 0.0000000. Shifted: 0.0000000
    URGENT: Shifted mean (0.0) < 0 for 123!
    WARNING: Raw mean (0.0) not in [0, 1] for 123!
      123: Raw: 0.0000000 ± 0.0000000. Shifted: 0.0000000
    WARNING: Very large std: 1.027575954213172 in 134!
      134: Raw: 0.8956842 ± 1.0275760. Shifted: 0.5439516
    WARNING: Very large std: 4.571133084749722 in 145!
    WARNING: Raw mean (1.5411784359586957) not in [0, 1] for 145!
      145: Raw: 1.5411784 ± 4.5711331. Shifted: 0.5062093
    URGENT: Shifted mean (0.0) < 0 for 124!
    WARNING: Raw mean (0.0) not in [0, 1] for 124!
      124: Raw: 0.0000000 ± 0.0000000. Shifted: 0.0000000
    WARNING: Very large std: 0.2147492634774272 in 135!
      135: Raw: 0.2108206 ± 0.2147493. Shifted: 0.2550024
    WARNING: Very large std: 59.491021412666626 in 146!
    WARNING: Raw mean (5.222515749153285) not in [0, 1] for 146!
    WARNING: Raw (5.222515749153285) and shifted (0.5001667911009582) are very different for 146!
      146: Raw: 5.2225157 ± 59.4910214. Shifted: 0.5001668
    URGENT: Shifted mean (0.0) < 0 for 125!
    WARNING: Raw mean (0.0) not in [0, 1] for 125!
      125: Raw: 0.0000000 ± 0.0000000. Shifted: 0.0000000
    URGENT: Shifted mean (0.0) < 0 for 136!
    WARNING: Raw mean (0.0) not in [0, 1] for 136!
      136: Raw: 0.0000000 ± 0.0000000. Shifted: 0.0000000
    URGENT: Shifted mean (-0.0) < 0 for 147!
    WARNING: Raw mean (-0.0) not in [0, 1] for 147!
      147: Raw: 0.0000000 ± 0.0000000. Shifted: 0.0000000
    URGENT: Shifted mean (0.0) < 0 for 126!
    WARNING: Raw mean (0.0) not in [0, 1] for 126!
      126: Raw: 0.0000000 ± 0.0000000. Shifted: 0.0000000
    WARNING: Very large std: 9.485672697523025 in 148!
    WARNING: Raw mean (1.902067991198965) not in [0, 1] for 148!
      148: Raw: 1.9020680 ± 9.4856727. Shifted: 0.5019464
    URGENT: Shifted mean (-0.0) < 0 for 138!
    WARNING: Raw mean (-0.0) not in [0, 1] for 138!
      138: Raw: 0.0000000 ± 0.0000000. Shifted: 0.0000000
    URGENT: Shifted mean (0.0) < 0 for 149!
    WARNING: Raw mean (0.0) not in [0, 1] for 149!
      149: Raw: 0.0000000 ± 0.0000000. Shifted: 0.0000000
    URGENT: Shifted mean (0.0) < 0 for 139!
    WARNING: Raw mean (0.0) not in [0, 1] for 139!
      139: Raw: 0.0000000 ± 0.0000000. Shifted: 0.0000000
    URGENT: Shifted mean (0.0) < 0 for 150!
    WARNING: Raw mean (0.0) not in [0, 1] for 150!
      150: Raw: 0.0000000 ± 0.0000000. Shifted: 0.0000000
    URGENT: Shifted mean (0.0) < 0 for 152!
    WARNING: Raw mean (0.0) not in [0, 1] for 152!
      152: Raw: 0.0000000 ± 0.0000000. Shifted: 0.0000000
  WARNING: Skipping passing_Brunel_MC15TuneV1_ProbNNp>0.4&Brunel_MC15TuneV1_ProbNNghost<0.3
  WARNING: Skipping total
Working on ./root-run2-rdx_iso-tmp/run2-rdx-2018-md-K_nnk_gt-p_eta_ntracks.root...
  Handling eff_Brunel_MC15TuneV1_ProbNNk>0.2
  WARNING: Skipping passing_Brunel_MC15TuneV1_ProbNNk>0.2
  WARNING: Skipping total
Working on ./root-run2-rdx_iso-tmp/run2-rdx-2018-md-K_nnknng_gt02lt02-p_eta_ntracks.root...
  Handling eff_Brunel_MC15TuneV1_ProbNNk>0.2&Brunel_MC15TuneV1_ProbNNghost<0.2
  WARNING: Skipping passing_Brunel_MC15TuneV1_ProbNNk>0.2&Brunel_MC15TuneV1_ProbNNghost<0.2
  WARNING: Skipping total
Working on ./root-run2-rdx_iso-tmp/run2-rdx-2018-md-K_nnknng_gtlt-p_eta_ntracks.root...
  Handling eff_Brunel_MC15TuneV1_ProbNNk>0.2&Brunel_MC15TuneV1_ProbNNghost<0.3
  WARNING: Skipping passing_Brunel_MC15TuneV1_ProbNNk>0.2&Brunel_MC15TuneV1_ProbNNghost<0.3
  WARNING: Skipping total
Working on ./root-run2-rdx_iso-tmp/run2-rdx-2018-md-K_nnknng_lt02lt02-p_eta_ntracks.root...
  Handling eff_Brunel_MC15TuneV1_ProbNNk<0.2&Brunel_MC15TuneV1_ProbNNghost<0.2
  WARNING: Skipping passing_Brunel_MC15TuneV1_ProbNNk<0.2&Brunel_MC15TuneV1_ProbNNghost<0.2
  WARNING: Skipping total
Working on ./root-run2-rdx_iso-tmp/run2-rdx-2018-md-K_nnknng_ltlt-p_eta_ntracks.root...
  Handling eff_Brunel_MC15TuneV1_ProbNNk<0.2&Brunel_MC15TuneV1_ProbNNghost<0.3
  WARNING: Skipping passing_Brunel_MC15TuneV1_ProbNNk<0.2&Brunel_MC15TuneV1_ProbNNghost<0.3
  WARNING: Skipping total
Working on ./root-run2-rdx_iso-tmp/run2-rdx-2018-md-K_nnp_gt-p_eta_ntracks.root...
  Handling eff_Brunel_MC15TuneV1_ProbNNp>0.4
  WARNING: Skipping passing_Brunel_MC15TuneV1_ProbNNp>0.4
  WARNING: Skipping total
Working on ./root-run2-rdx_iso-tmp/run2-rdx-2018-md-K_nnpnng_gtlt-p_eta_ntracks.root...
  Handling eff_Brunel_MC15TuneV1_ProbNNp>0.4&Brunel_MC15TuneV1_ProbNNghost<0.3
  WARNING: Skipping passing_Brunel_MC15TuneV1_ProbNNp>0.4&Brunel_MC15TuneV1_ProbNNghost<0.3
  WARNING: Skipping total
Working on ./root-run2-rdx_iso-tmp/run2-rdx-2018-md-Mu_nopt_nnk_gt-p_eta_ntracks.root...
  Handling eff_Brunel_MC15TuneV1_ProbNNk>0.2
  WARNING: Skipping passing_Brunel_MC15TuneV1_ProbNNk>0.2
  WARNING: Skipping total
Working on ./root-run2-rdx_iso-tmp/run2-rdx-2018-md-Mu_nopt_nnknng_gt02lt02-p_eta_ntracks.root...
  Handling eff_Brunel_MC15TuneV1_ProbNNk>0.2&Brunel_MC15TuneV1_ProbNNghost<0.2
  WARNING: Skipping passing_Brunel_MC15TuneV1_ProbNNk>0.2&Brunel_MC15TuneV1_ProbNNghost<0.2
  WARNING: Skipping total
Working on ./root-run2-rdx_iso-tmp/run2-rdx-2018-md-Mu_nopt_nnknng_gtlt-p_eta_ntracks.root...
  Handling eff_Brunel_MC15TuneV1_ProbNNk>0.2&Brunel_MC15TuneV1_ProbNNghost<0.3
  WARNING: Skipping passing_Brunel_MC15TuneV1_ProbNNk>0.2&Brunel_MC15TuneV1_ProbNNghost<0.3
  WARNING: Skipping total
Working on ./root-run2-rdx_iso-tmp/run2-rdx-2018-md-Mu_nopt_nnknng_lt02lt02-p_eta_ntracks.root...
  Handling eff_Brunel_MC15TuneV1_ProbNNk<0.2&Brunel_MC15TuneV1_ProbNNghost<0.2
  WARNING: Skipping passing_Brunel_MC15TuneV1_ProbNNk<0.2&Brunel_MC15TuneV1_ProbNNghost<0.2
  WARNING: Skipping total
Working on ./root-run2-rdx_iso-tmp/run2-rdx-2018-md-Mu_nopt_nnknng_ltlt-p_eta_ntracks.root...
  Handling eff_Brunel_MC15TuneV1_ProbNNk<0.2&Brunel_MC15TuneV1_ProbNNghost<0.3
  WARNING: Skipping passing_Brunel_MC15TuneV1_ProbNNk<0.2&Brunel_MC15TuneV1_ProbNNghost<0.3
  WARNING: Skipping total
Working on ./root-run2-rdx_iso-tmp/run2-rdx-2018-md-Mu_nopt_nnp_gt-p_eta_ntracks.root...
  Handling eff_Brunel_MC15TuneV1_ProbNNp>0.4
    WARNING: Raw (7.995807064730346e-06) and shifted (0.0001972441173403971) are very different for 58!
      58: Raw: 0.0000080 ± 0.0002880. Shifted: 0.0001972
    WARNING: Raw mean (-9.219563733536417e-05) not in [0, 1] for 59!
      59: Raw: -0.0000922 ± 0.0003589. Shifted: 0.0002108
    WARNING: Raw mean (-2.073800684213129e-05) not in [0, 1] for 104!
    WARNING: Raw (-2.073800684213129e-05) and shifted (0.0002679568019911578) are very different for 104!
      104: Raw: -0.0000207 ± 0.0004085. Shifted: 0.0002680
  WARNING: Skipping passing_Brunel_MC15TuneV1_ProbNNp>0.4
  WARNING: Skipping total
Working on ./root-run2-rdx_iso-tmp/run2-rdx-2018-md-Mu_nopt_nnpnng_gtlt-p_eta_ntracks.root...
  Handling eff_Brunel_MC15TuneV1_ProbNNp>0.4&Brunel_MC15TuneV1_ProbNNghost<0.3
    WARNING: Raw mean (-0.00020251034831289042) not in [0, 1] for 59!
      59: Raw: -0.0002025 ± 0.0003428. Shifted: 0.0001699
  WARNING: Skipping passing_Brunel_MC15TuneV1_ProbNNp>0.4&Brunel_MC15TuneV1_ProbNNghost<0.3
  WARNING: Skipping total
Working on ./root-run2-rdx_iso-tmp/run2-rdx-2018-md-Pi_nnk_gt-p_eta_ntracks.root...
  Handling eff_Brunel_MC15TuneV1_ProbNNk>0.2
  WARNING: Skipping passing_Brunel_MC15TuneV1_ProbNNk>0.2
  WARNING: Skipping total
Working on ./root-run2-rdx_iso-tmp/run2-rdx-2018-md-Pi_nnknng_gt02lt02-p_eta_ntracks.root...
  Handling eff_Brunel_MC15TuneV1_ProbNNk>0.2&Brunel_MC15TuneV1_ProbNNghost<0.2
  WARNING: Skipping passing_Brunel_MC15TuneV1_ProbNNk>0.2&Brunel_MC15TuneV1_ProbNNghost<0.2
  WARNING: Skipping total
Working on ./root-run2-rdx_iso-tmp/run2-rdx-2018-md-Pi_nnknng_gtlt-p_eta_ntracks.root...
  Handling eff_Brunel_MC15TuneV1_ProbNNk>0.2&Brunel_MC15TuneV1_ProbNNghost<0.3
  WARNING: Skipping passing_Brunel_MC15TuneV1_ProbNNk>0.2&Brunel_MC15TuneV1_ProbNNghost<0.3
  WARNING: Skipping total
Working on ./root-run2-rdx_iso-tmp/run2-rdx-2018-md-Pi_nnknng_lt02lt02-p_eta_ntracks.root...
  Handling eff_Brunel_MC15TuneV1_ProbNNk<0.2&Brunel_MC15TuneV1_ProbNNghost<0.2
  WARNING: Skipping passing_Brunel_MC15TuneV1_ProbNNk<0.2&Brunel_MC15TuneV1_ProbNNghost<0.2
  WARNING: Skipping total
Working on ./root-run2-rdx_iso-tmp/run2-rdx-2018-md-Pi_nnknng_ltlt-p_eta_ntracks.root...
  Handling eff_Brunel_MC15TuneV1_ProbNNk<0.2&Brunel_MC15TuneV1_ProbNNghost<0.3
  WARNING: Skipping passing_Brunel_MC15TuneV1_ProbNNk<0.2&Brunel_MC15TuneV1_ProbNNghost<0.3
  WARNING: Skipping total
Working on ./root-run2-rdx_iso-tmp/run2-rdx-2018-md-Pi_nnp_gt-p_eta_ntracks.root...
  Handling eff_Brunel_MC15TuneV1_ProbNNp>0.4
  WARNING: Skipping passing_Brunel_MC15TuneV1_ProbNNp>0.4
  WARNING: Skipping total
Working on ./root-run2-rdx_iso-tmp/run2-rdx-2018-md-Pi_nnpnng_gtlt-p_eta_ntracks.root...
  Handling eff_Brunel_MC15TuneV1_ProbNNp>0.4&Brunel_MC15TuneV1_ProbNNghost<0.3
    WARNING: Raw (0.00015496358261717948) and shifted (0.0010081916636665732) are very different for 469!
      469: Raw: 0.0001550 ± 0.0014058. Shifted: 0.0010082
  WARNING: Skipping passing_Brunel_MC15TuneV1_ProbNNp>0.4&Brunel_MC15TuneV1_ProbNNghost<0.3
  WARNING: Skipping total
Working on ./root-run2-rdx_iso-tmp/run2-rdx-2018-md-P_nnk_gt-p_eta_ntracks.root...
  Handling eff_Brunel_MC15TuneV1_ProbNNk>0.2
  WARNING: Skipping passing_Brunel_MC15TuneV1_ProbNNk>0.2
  WARNING: Skipping total
Working on ./root-run2-rdx_iso-tmp/run2-rdx-2018-md-P_nnknng_gt02lt02-p_eta_ntracks.root...
  Handling eff_Brunel_MC15TuneV1_ProbNNk>0.2&Brunel_MC15TuneV1_ProbNNghost<0.2
  WARNING: Skipping passing_Brunel_MC15TuneV1_ProbNNk>0.2&Brunel_MC15TuneV1_ProbNNghost<0.2
  WARNING: Skipping total
Working on ./root-run2-rdx_iso-tmp/run2-rdx-2018-md-P_nnknng_gtlt-p_eta_ntracks.root...
  Handling eff_Brunel_MC15TuneV1_ProbNNk>0.2&Brunel_MC15TuneV1_ProbNNghost<0.3
  WARNING: Skipping passing_Brunel_MC15TuneV1_ProbNNk>0.2&Brunel_MC15TuneV1_ProbNNghost<0.3
  WARNING: Skipping total
Working on ./root-run2-rdx_iso-tmp/run2-rdx-2018-md-P_nnknng_lt02lt02-p_eta_ntracks.root...
  Handling eff_Brunel_MC15TuneV1_ProbNNk<0.2&Brunel_MC15TuneV1_ProbNNghost<0.2
  WARNING: Skipping passing_Brunel_MC15TuneV1_ProbNNk<0.2&Brunel_MC15TuneV1_ProbNNghost<0.2
  WARNING: Skipping total
Working on ./root-run2-rdx_iso-tmp/run2-rdx-2018-md-P_nnknng_ltlt-p_eta_ntracks.root...
  Handling eff_Brunel_MC15TuneV1_ProbNNk<0.2&Brunel_MC15TuneV1_ProbNNghost<0.3
  WARNING: Skipping passing_Brunel_MC15TuneV1_ProbNNk<0.2&Brunel_MC15TuneV1_ProbNNghost<0.3
  WARNING: Skipping total
Working on ./root-run2-rdx_iso-tmp/run2-rdx-2018-md-P_nnp_gt-p_eta_ntracks.root...
  Handling eff_Brunel_MC15TuneV1_ProbNNp>0.4
  WARNING: Skipping passing_Brunel_MC15TuneV1_ProbNNp>0.4
  WARNING: Skipping total
Working on ./root-run2-rdx_iso-tmp/run2-rdx-2018-md-P_nnpnng_gtlt-p_eta_ntracks.root...
  Handling eff_Brunel_MC15TuneV1_ProbNNp>0.4&Brunel_MC15TuneV1_ProbNNghost<0.3
  WARNING: Skipping passing_Brunel_MC15TuneV1_ProbNNp>0.4&Brunel_MC15TuneV1_ProbNNghost<0.3
  WARNING: Skipping total
Working on ./root-run2-rdx_iso-tmp/run2-rdx-2018-mu-e_B_Jpsi_nnk_gt-p_eta_ntracks.root...
  Handling eff_Brunel_MC15TuneV1_ProbNNk>0.2
    WARNING: Very large std: 13.663075405097388 in 122!
    WARNING: Raw mean (-0.22897091799328287) not in [0, 1] for 122!
      122: Raw: -0.2289709 ± 13.6630754. Shifted: 0.4995120
    WARNING: Very large std: 12.85753744243214 in 133!
    WARNING: Raw mean (-2.061381905956327) not in [0, 1] for 133!
      133: Raw: -2.0613819 ± 12.8575374. Shifted: 0.4980640
    URGENT: Shifted mean (0.0) < 0 for 144!
    WARNING: Raw mean (0.0) not in [0, 1] for 144!
      144: Raw: 0.0000000 ± 0.0000000. Shifted: 0.0000000
    WARNING: Very large std: 0.769594858686015 in 123!
    WARNING: Raw mean (1.0330806543674034) not in [0, 1] for 123!
      123: Raw: 1.0330807 ± 0.7695949. Shifted: 0.5988493
    WARNING: Very large std: 0.38938341302136464 in 134!
      134: Raw: 0.6278267 ± 0.3893834. Shifted: 0.5709442
    WARNING: Very large std: 0.33826879562611883 in 145!
      145: Raw: 0.3151176 ± 0.3382688. Shifted: 0.3809609
    WARNING: Very large std: 0.4432659078693731 in 135!
    WARNING: Raw mean (-0.35714584591264487) not in [0, 1] for 135!
      135: Raw: -0.3571458 ± 0.4432659. Shifted: 0.1969310
    URGENT: Shifted mean (0.0) < 0 for 125!
    WARNING: Raw mean (0.0) not in [0, 1] for 125!
      125: Raw: 0.0000000 ± 0.0000000. Shifted: 0.0000000
    WARNING: Very large std: 0.42435296849754556 in 136!
    WARNING: Raw mean (-0.13638164470122188) not in [0, 1] for 136!
      136: Raw: -0.1363816 ± 0.4243530. Shifted: 0.2379873
    WARNING: Very large std: 0.722985060625261 in 147!
    WARNING: Raw mean (-0.18830944921255194) not in [0, 1] for 147!
      147: Raw: -0.1883094 ± 0.7229851. Shifted: 0.3610052
    WARNING: Very large std: 47.75147488925174 in 137!
    WARNING: Raw mean (-3.806583427721938) not in [0, 1] for 137!
    WARNING: Raw (-3.806583427721938) and shifted (0.4997639210150191) are very different for 137!
      137: Raw: -3.8065834 ± 47.7514749. Shifted: 0.4997639
    WARNING: Very large std: 1.738140300067745 in 148!
    WARNING: Raw mean (-0.8037019013757181) not in [0, 1] for 148!
      148: Raw: -0.8037019 ± 1.7381403. Shifted: 0.4475459
    URGENT: Shifted mean (0.0) < 0 for 127!
    WARNING: Raw mean (0.0) not in [0, 1] for 127!
      127: Raw: 0.0000000 ± 0.0000000. Shifted: 0.0000000
    URGENT: Shifted mean (0.0) < 0 for 138!
    WARNING: Raw mean (0.0) not in [0, 1] for 138!
      138: Raw: 0.0000000 ± 0.0000000. Shifted: 0.0000000
    URGENT: Shifted mean (1.0) > 1 for 149!
      149: Raw: 1.0000000 ± 0.0000000. Shifted: 1.0000000
    URGENT: Shifted mean (1.0) > 1 for 128!
      128: Raw: 1.0000000 ± 0.0000000. Shifted: 1.0000000
    URGENT: Shifted mean (0.0) < 0 for 150!
    WARNING: Raw mean (0.0) not in [0, 1] for 150!
      150: Raw: 0.0000000 ± 0.0000000. Shifted: 0.0000000
    URGENT: Shifted mean (0.0) < 0 for 140!
    WARNING: Raw mean (0.0) not in [0, 1] for 140!
      140: Raw: 0.0000000 ± 0.0000000. Shifted: 0.0000000
    URGENT: Shifted mean (0.0) < 0 for 151!
    WARNING: Raw mean (0.0) not in [0, 1] for 151!
      151: Raw: 0.0000000 ± 0.0000000. Shifted: 0.0000000
    URGENT: Shifted mean (-0.0) < 0 for 152!
    WARNING: Raw mean (-0.0) not in [0, 1] for 152!
      152: Raw: 0.0000000 ± 0.0000000. Shifted: 0.0000000
  WARNING: Skipping passing_Brunel_MC15TuneV1_ProbNNk>0.2
  WARNING: Skipping total
Working on ./root-run2-rdx_iso-tmp/run2-rdx-2018-mu-e_B_Jpsi_nnknng_gt02lt02-p_eta_ntracks.root...
  Handling eff_Brunel_MC15TuneV1_ProbNNk>0.2&Brunel_MC15TuneV1_ProbNNghost<0.2
    WARNING: Very large std: 52.47938054729165 in 122!
    WARNING: Raw mean (-2.059237643407512) not in [0, 1] for 122!
      122: Raw: -2.0592376 ± 52.4793805. Shifted: 0.4998838
    WARNING: Very large std: 7.929582101401415 in 133!
    WARNING: Raw mean (-1.334406472314539) not in [0, 1] for 133!
      133: Raw: -1.3344065 ± 7.9295821. Shifted: 0.4963570
    URGENT: Shifted mean (0.0) < 0 for 144!
    WARNING: Raw mean (0.0) not in [0, 1] for 144!
      144: Raw: 0.0000000 ± 0.0000000. Shifted: 0.0000000
    WARNING: Very large std: 0.5439047553120994 in 123!
      123: Raw: 0.5854783 ± 0.5439048. Shifted: 0.5293942
    WARNING: Very large std: 0.36354752617610636 in 134!
      134: Raw: 0.5450653 ± 0.3635475. Shifted: 0.5275163
    WARNING: Very large std: 0.3389697796867754 in 145!
      145: Raw: 0.3407938 ± 0.3389698. Shifted: 0.3968949
    URGENT: Shifted mean (0.0) < 0 for 124!
    WARNING: Raw mean (0.0) not in [0, 1] for 124!
      124: Raw: 0.0000000 ± 0.0000000. Shifted: 0.0000000
    WARNING: Very large std: 0.241625257547992 in 135!
    WARNING: Raw mean (-0.16995701814583322) not in [0, 1] for 135!
      135: Raw: -0.1699570 ± 0.2416253. Shifted: 0.1134026
    URGENT: Shifted mean (0.0) < 0 for 125!
    WARNING: Raw mean (0.0) not in [0, 1] for 125!
      125: Raw: 0.0000000 ± 0.0000000. Shifted: 0.0000000
    WARNING: Very large std: 0.42435296849754556 in 136!
    WARNING: Raw mean (-0.13638164470122188) not in [0, 1] for 136!
      136: Raw: -0.1363816 ± 0.4243530. Shifted: 0.2379873
    WARNING: Very large std: 0.37054694652783166 in 147!
      147: Raw: 0.1215208 ± 0.3705469. Shifted: 0.2961729
    WARNING: Very large std: 47.75147488925174 in 137!
    WARNING: Raw mean (-3.806583427721938) not in [0, 1] for 137!
    WARNING: Raw (-3.806583427721938) and shifted (0.4997639210150191) are very different for 137!
      137: Raw: -3.8065834 ± 47.7514749. Shifted: 0.4997639
    URGENT: Shifted mean (0.0) < 0 for 148!
    WARNING: Raw mean (0.0) not in [0, 1] for 148!
      148: Raw: 0.0000000 ± 0.0000000. Shifted: 0.0000000
    URGENT: Shifted mean (0.0) < 0 for 127!
    WARNING: Raw mean (0.0) not in [0, 1] for 127!
      127: Raw: 0.0000000 ± 0.0000000. Shifted: 0.0000000
    URGENT: Shifted mean (0.0) < 0 for 138!
    WARNING: Raw mean (0.0) not in [0, 1] for 138!
      138: Raw: 0.0000000 ± 0.0000000. Shifted: 0.0000000
    URGENT: Shifted mean (1.0) > 1 for 149!
      149: Raw: 1.0000000 ± 0.0000000. Shifted: 1.0000000
    URGENT: Shifted mean (1.0) > 1 for 128!
      128: Raw: 1.0000000 ± 0.0000000. Shifted: 1.0000000
    URGENT: Shifted mean (0.0) < 0 for 150!
    WARNING: Raw mean (0.0) not in [0, 1] for 150!
      150: Raw: 0.0000000 ± 0.0000000. Shifted: 0.0000000
    URGENT: Shifted mean (0.0) < 0 for 140!
    WARNING: Raw mean (0.0) not in [0, 1] for 140!
      140: Raw: 0.0000000 ± 0.0000000. Shifted: 0.0000000
    URGENT: Shifted mean (0.0) < 0 for 151!
    WARNING: Raw mean (0.0) not in [0, 1] for 151!
      151: Raw: 0.0000000 ± 0.0000000. Shifted: 0.0000000
    URGENT: Shifted mean (-0.0) < 0 for 152!
    WARNING: Raw mean (-0.0) not in [0, 1] for 152!
      152: Raw: 0.0000000 ± 0.0000000. Shifted: 0.0000000
  WARNING: Skipping passing_Brunel_MC15TuneV1_ProbNNk>0.2&Brunel_MC15TuneV1_ProbNNghost<0.2
  WARNING: Skipping total
Working on ./root-run2-rdx_iso-tmp/run2-rdx-2018-mu-e_B_Jpsi_nnknng_gtlt-p_eta_ntracks.root...
  Handling eff_Brunel_MC15TuneV1_ProbNNk>0.2&Brunel_MC15TuneV1_ProbNNghost<0.3
    WARNING: Very large std: 52.47938054729165 in 122!
    WARNING: Raw mean (-2.059237643407512) not in [0, 1] for 122!
      122: Raw: -2.0592376 ± 52.4793805. Shifted: 0.4998838
    WARNING: Very large std: 14.389116452152775 in 133!
    WARNING: Raw mean (-2.676823284053896) not in [0, 1] for 133!
    WARNING: Raw (-2.676823284053896) and shifted (0.49808265852454214) are very different for 133!
      133: Raw: -2.6768233 ± 14.3891165. Shifted: 0.4980827
    URGENT: Shifted mean (0.0) < 0 for 144!
    WARNING: Raw mean (0.0) not in [0, 1] for 144!
      144: Raw: 0.0000000 ± 0.0000000. Shifted: 0.0000000
    WARNING: Very large std: 0.5439047553120994 in 123!
      123: Raw: 0.5854783 ± 0.5439048. Shifted: 0.5293942
    WARNING: Very large std: 0.36354752617610636 in 134!
      134: Raw: 0.5450653 ± 0.3635475. Shifted: 0.5275163
    WARNING: Very large std: 0.3389697796867754 in 145!
      145: Raw: 0.3407938 ± 0.3389698. Shifted: 0.3968949
    URGENT: Shifted mean (0.0) < 0 for 124!
    WARNING: Raw mean (0.0) not in [0, 1] for 124!
      124: Raw: 0.0000000 ± 0.0000000. Shifted: 0.0000000
    WARNING: Very large std: 0.241625257547992 in 135!
    WARNING: Raw mean (-0.16995701814583322) not in [0, 1] for 135!
      135: Raw: -0.1699570 ± 0.2416253. Shifted: 0.1134026
    URGENT: Shifted mean (0.0) < 0 for 125!
    WARNING: Raw mean (0.0) not in [0, 1] for 125!
      125: Raw: 0.0000000 ± 0.0000000. Shifted: 0.0000000
    WARNING: Very large std: 0.42435296849754556 in 136!
    WARNING: Raw mean (-0.13638164470122188) not in [0, 1] for 136!
      136: Raw: -0.1363816 ± 0.4243530. Shifted: 0.2379873
    WARNING: Very large std: 0.37054694652783166 in 147!
      147: Raw: 0.1215208 ± 0.3705469. Shifted: 0.2961729
    WARNING: Very large std: 47.75147488925174 in 137!
    WARNING: Raw mean (-3.806583427721938) not in [0, 1] for 137!
    WARNING: Raw (-3.806583427721938) and shifted (0.4997639210150191) are very different for 137!
      137: Raw: -3.8065834 ± 47.7514749. Shifted: 0.4997639
    URGENT: Shifted mean (0.0) < 0 for 148!
    WARNING: Raw mean (0.0) not in [0, 1] for 148!
      148: Raw: 0.0000000 ± 0.0000000. Shifted: 0.0000000
    URGENT: Shifted mean (0.0) < 0 for 127!
    WARNING: Raw mean (0.0) not in [0, 1] for 127!
      127: Raw: 0.0000000 ± 0.0000000. Shifted: 0.0000000
    URGENT: Shifted mean (0.0) < 0 for 138!
    WARNING: Raw mean (0.0) not in [0, 1] for 138!
      138: Raw: 0.0000000 ± 0.0000000. Shifted: 0.0000000
    URGENT: Shifted mean (1.0) > 1 for 149!
      149: Raw: 1.0000000 ± 0.0000000. Shifted: 1.0000000
    URGENT: Shifted mean (1.0) > 1 for 128!
      128: Raw: 1.0000000 ± 0.0000000. Shifted: 1.0000000
    URGENT: Shifted mean (0.0) < 0 for 150!
    WARNING: Raw mean (0.0) not in [0, 1] for 150!
      150: Raw: 0.0000000 ± 0.0000000. Shifted: 0.0000000
    URGENT: Shifted mean (0.0) < 0 for 140!
    WARNING: Raw mean (0.0) not in [0, 1] for 140!
      140: Raw: 0.0000000 ± 0.0000000. Shifted: 0.0000000
    URGENT: Shifted mean (0.0) < 0 for 151!
    WARNING: Raw mean (0.0) not in [0, 1] for 151!
      151: Raw: 0.0000000 ± 0.0000000. Shifted: 0.0000000
    URGENT: Shifted mean (-0.0) < 0 for 152!
    WARNING: Raw mean (-0.0) not in [0, 1] for 152!
      152: Raw: 0.0000000 ± 0.0000000. Shifted: 0.0000000
  WARNING: Skipping passing_Brunel_MC15TuneV1_ProbNNk>0.2&Brunel_MC15TuneV1_ProbNNghost<0.3
  WARNING: Skipping total
Working on ./root-run2-rdx_iso-tmp/run2-rdx-2018-mu-e_B_Jpsi_nnknng_lt02lt02-p_eta_ntracks.root...
  Handling eff_Brunel_MC15TuneV1_ProbNNk<0.2&Brunel_MC15TuneV1_ProbNNghost<0.2
    WARNING: Very large std: 98.33254178711213 in 122!
    WARNING: Raw mean (4.6673738681280295) not in [0, 1] for 122!
    WARNING: Raw (4.6673738681280295) and shifted (0.5000538734931332) are very different for 122!
      122: Raw: 4.6673739 ± 98.3325418. Shifted: 0.5000539
    WARNING: Very large std: 7.636398694372674 in 133!
    WARNING: Raw mean (1.7308700910188914) not in [0, 1] for 133!
      133: Raw: 1.7308701 ± 7.6363987. Shifted: 0.5026356
    URGENT: Shifted mean (0.0) < 0 for 144!
    WARNING: Raw mean (0.0) not in [0, 1] for 144!
      144: Raw: 0.0000000 ± 0.0000000. Shifted: 0.0000000
    WARNING: Very large std: 0.9053876898847765 in 123!
    WARNING: Raw mean (-0.2474849112577619) not in [0, 1] for 123!
      123: Raw: -0.2474849 ± 0.9053877. Shifted: 0.3972185
    WARNING: Very large std: 0.5037210756656049 in 134!
    WARNING: Raw mean (-0.03263543490562192) not in [0, 1] for 134!
    WARNING: Raw (-0.03263543490562192) and shifted (0.3116087335783327) are very different for 134!
      134: Raw: -0.0326354 ± 0.5037211. Shifted: 0.3116087
    WARNING: Very large std: 0.4174164225490956 in 145!
      145: Raw: 0.4097977 ± 0.4174164. Shifted: 0.4540464
    WARNING: Very large std: 0.21714087020019118 in 124!
    WARNING: Raw (0.02867560488235099) and shifted (0.15764972120349285) are very different for 124!
      124: Raw: 0.0286756 ± 0.2171409. Shifted: 0.1576497
    WARNING: Very large std: 0.40697552145327703 in 135!
      135: Raw: 0.7636773 ± 0.4069755. Shifted: 0.6337667
    WARNING: Very large std: 0.2063538635930308 in 146!
      146: Raw: 0.5846883 ± 0.2063539. Shifted: 0.5795735
    URGENT: Shifted mean (1.0) > 1 for 125!
      125: Raw: 1.0000000 ± 0.0000000. Shifted: 1.0000000
    WARNING: Very large std: 0.3930328931622743 in 136!
      136: Raw: 0.9463564 ± 0.3930329. Shifted: 0.7186250
    WARNING: Very large std: 0.6389917680792275 in 147!
      147: Raw: 0.6060177 ± 0.6389918. Shifted: 0.5279034
    WARNING: Very large std: 47.75147488925174 in 137!
    WARNING: Raw mean (4.806583427721939) not in [0, 1] for 137!
    WARNING: Raw (4.806583427721939) and shifted (0.5002360789849813) are very different for 137!
      137: Raw: 4.8065834 ± 47.7514749. Shifted: 0.5002361
    WARNING: Very large std: 0.32163957156321454 in 148!
      148: Raw: 0.1966000 ± 0.3216396. Shifted: 0.3051582
    WARNING: Raw mean (1.1375271280280534) not in [0, 1] for 127!
      127: Raw: 1.1375271 ± 0.1916243. Shifted: 0.9106734
    URGENT: Shifted mean (1.0) > 1 for 138!
      138: Raw: 1.0000000 ± 0.0000000. Shifted: 1.0000000
    URGENT: Shifted mean (0.0) < 0 for 149!
    WARNING: Raw mean (0.0) not in [0, 1] for 149!
      149: Raw: 0.0000000 ± 0.0000000. Shifted: 0.0000000
    URGENT: Shifted mean (0.0) < 0 for 128!
    WARNING: Raw mean (0.0) not in [0, 1] for 128!
      128: Raw: 0.0000000 ± 0.0000000. Shifted: 0.0000000
    WARNING: Very large std: 1.1483819042040067 in 150!
    WARNING: Raw mean (-0.5305477339039533) not in [0, 1] for 150!
      150: Raw: -0.5305477 ± 1.1483819. Shifted: 0.4088570
    WARNING: Very large std: 0.24778815707476984 in 140!
      140: Raw: 0.6933044 ± 0.2477882. Shifted: 0.6604960
    URGENT: Shifted mean (1.0) > 1 for 151!
      151: Raw: 1.0000000 ± 0.0000000. Shifted: 1.0000000
    URGENT: Shifted mean (1.0) > 1 for 152!
      152: Raw: 1.0000000 ± 0.0000000. Shifted: 1.0000000
  WARNING: Skipping passing_Brunel_MC15TuneV1_ProbNNk<0.2&Brunel_MC15TuneV1_ProbNNghost<0.2
  WARNING: Skipping total
Working on ./root-run2-rdx_iso-tmp/run2-rdx-2018-mu-e_B_Jpsi_nnknng_ltlt-p_eta_ntracks.root...
  Handling eff_Brunel_MC15TuneV1_ProbNNk<0.2&Brunel_MC15TuneV1_ProbNNghost<0.3
    WARNING: Very large std: 103.11701267321419 in 122!
    WARNING: Raw mean (4.889233155743633) not in [0, 1] for 122!
    WARNING: Raw (4.889233155743633) and shifted (0.5000515983082341) are very different for 122!
      122: Raw: 4.8892332 ± 103.1170127. Shifted: 0.5000516
    WARNING: Very large std: 13.731037489323784 in 133!
    WARNING: Raw mean (3.1051866249278053) not in [0, 1] for 133!
    WARNING: Raw (3.1051866249278053) and shifted (0.5017266119309522) are very different for 133!
      133: Raw: 3.1051866 ± 13.7310375. Shifted: 0.5017266
    URGENT: Shifted mean (0.0) < 0 for 144!
    WARNING: Raw mean (0.0) not in [0, 1] for 144!
      144: Raw: 0.0000000 ± 0.0000000. Shifted: 0.0000000
    WARNING: Very large std: 0.7695948586860151 in 123!
    WARNING: Raw mean (-0.03308065436740344) not in [0, 1] for 123!
    WARNING: Raw (-0.03308065436740344) and shifted (0.40115074691253316) are very different for 123!
      123: Raw: -0.0330807 ± 0.7695949. Shifted: 0.4011507
    WARNING: Very large std: 0.41899810791035785 in 134!
      134: Raw: 0.2321239 ± 0.4189981. Shifted: 0.3691533
    WARNING: Very large std: 0.43365892656939475 in 145!
      145: Raw: 0.3408525 ± 0.4336589. Shifted: 0.4237932
    WARNING: Very large std: 0.24146572122261747 in 124!
      124: Raw: 0.5722993 ± 0.2414657. Shifted: 0.5634100
    WARNING: Very large std: 0.40604581823523145 in 135!
    WARNING: Raw mean (1.0912256898677561) not in [0, 1] for 135!
      135: Raw: 1.0912257 ± 0.4060458. Shifted: 0.7600474
    URGENT: Shifted mean (1.0) > 1 for 125!
      125: Raw: 1.0000000 ± 0.0000000. Shifted: 1.0000000
    WARNING: Very large std: 0.4243529684975454 in 136!
    WARNING: Raw mean (1.1363816447012218) not in [0, 1] for 136!
      136: Raw: 1.1363816 ± 0.4243530. Shifted: 0.7620127
    WARNING: Very large std: 0.6683190586373964 in 147!
      147: Raw: 0.3911454 ± 0.6683191. Shifted: 0.4734749
    WARNING: Very large std: 47.75147488925174 in 137!
    WARNING: Raw mean (4.806583427721939) not in [0, 1] for 137!
    WARNING: Raw (4.806583427721939) and shifted (0.5002360789849813) are very different for 137!
      137: Raw: 4.8065834 ± 47.7514749. Shifted: 0.5002361
    WARNING: Very large std: 0.32163957156321454 in 148!
      148: Raw: 0.1966000 ± 0.3216396. Shifted: 0.3051582
    URGENT: Shifted mean (1.0) > 1 for 127!
      127: Raw: 1.0000000 ± 0.0000000. Shifted: 1.0000000
    URGENT: Shifted mean (1.0) > 1 for 138!
      138: Raw: 1.0000000 ± 0.0000000. Shifted: 1.0000000
    URGENT: Shifted mean (0.0) < 0 for 149!
    WARNING: Raw mean (0.0) not in [0, 1] for 149!
      149: Raw: 0.0000000 ± 0.0000000. Shifted: 0.0000000
    URGENT: Shifted mean (0.0) < 0 for 128!
    WARNING: Raw mean (0.0) not in [0, 1] for 128!
      128: Raw: 0.0000000 ± 0.0000000. Shifted: 0.0000000
    WARNING: Very large std: 1.1483819042040067 in 150!
    WARNING: Raw mean (-0.5305477339039533) not in [0, 1] for 150!
      150: Raw: -0.5305477 ± 1.1483819. Shifted: 0.4088570
    URGENT: Shifted mean (1.0) > 1 for 140!
      140: Raw: 1.0000000 ± 0.0000000. Shifted: 1.0000000
    URGENT: Shifted mean (1.0) > 1 for 151!
      151: Raw: 1.0000000 ± 0.0000000. Shifted: 1.0000000
    URGENT: Shifted mean (1.0) > 1 for 152!
      152: Raw: 1.0000000 ± 0.0000000. Shifted: 1.0000000
  WARNING: Skipping passing_Brunel_MC15TuneV1_ProbNNk<0.2&Brunel_MC15TuneV1_ProbNNghost<0.3
  WARNING: Skipping total
Working on ./root-run2-rdx_iso-tmp/run2-rdx-2018-mu-e_B_Jpsi_nnp_gt-p_eta_ntracks.root...
  Handling eff_Brunel_MC15TuneV1_ProbNNp>0.4
    WARNING: Very large std: 193.34072814743195 in 122!
    WARNING: Raw mean (-8.066954137696593) not in [0, 1] for 122!
    WARNING: Raw (-8.066954137696593) and shifted (0.4999713523482807) are very different for 122!
      122: Raw: -8.0669541 ± 193.3407281. Shifted: 0.4999714
    WARNING: Very large std: 3.4196798947100486 in 133!
    WARNING: Raw mean (-0.36747380781137307) not in [0, 1] for 133!
      133: Raw: -0.3674738 ± 3.4196799. Shifted: 0.4907790
    URGENT: Shifted mean (0.0) < 0 for 144!
    WARNING: Raw mean (0.0) not in [0, 1] for 144!
      144: Raw: 0.0000000 ± 0.0000000. Shifted: 0.0000000
    WARNING: Very large std: 0.20231200296300292 in 134!
    WARNING: Raw (0.01938852541448775) and shifted (0.14392683700962147) are very different for 134!
      134: Raw: 0.0193885 ± 0.2023120. Shifted: 0.1439268
    WARNING: Very large std: 0.4098678548917006 in 145!
      145: Raw: 0.5014097 ± 0.4098679. Shifted: 0.5007398
    URGENT: Shifted mean (0.0) < 0 for 124!
    WARNING: Raw mean (0.0) not in [0, 1] for 124!
      124: Raw: 0.0000000 ± 0.0000000. Shifted: 0.0000000
    WARNING: Very large std: 0.5627242402123082 in 135!
      135: Raw: 0.8273523 ± 0.5627242. Shifted: 0.6038613
    URGENT: Shifted mean (0.0) < 0 for 125!
    WARNING: Raw mean (0.0) not in [0, 1] for 125!
      125: Raw: 0.0000000 ± 0.0000000. Shifted: 0.0000000
    WARNING: Very large std: 0.47120689894968915 in 147!
      147: Raw: 0.3385260 ± 0.4712069. Shifted: 0.4312842
    URGENT: Shifted mean (0.0) < 0 for 137!
    WARNING: Raw mean (0.0) not in [0, 1] for 137!
      137: Raw: 0.0000000 ± 0.0000000. Shifted: 0.0000000
    URGENT: Shifted mean (0.0) < 0 for 148!
    WARNING: Raw mean (0.0) not in [0, 1] for 148!
      148: Raw: 0.0000000 ± 0.0000000. Shifted: 0.0000000
    URGENT: Shifted mean (0.0) < 0 for 127!
    WARNING: Raw mean (0.0) not in [0, 1] for 127!
      127: Raw: 0.0000000 ± 0.0000000. Shifted: 0.0000000
    URGENT: Shifted mean (0.0) < 0 for 138!
    WARNING: Raw mean (0.0) not in [0, 1] for 138!
      138: Raw: 0.0000000 ± 0.0000000. Shifted: 0.0000000
    WARNING: Very large std: 0.32383659840825557 in 149!
      149: Raw: 0.6449584 ± 0.3238366. Shifted: 0.5988367
    URGENT: Shifted mean (0.0) < 0 for 128!
    WARNING: Raw mean (0.0) not in [0, 1] for 128!
      128: Raw: 0.0000000 ± 0.0000000. Shifted: 0.0000000
    URGENT: Shifted mean (0.0) < 0 for 150!
    WARNING: Raw mean (0.0) not in [0, 1] for 150!
      150: Raw: 0.0000000 ± 0.0000000. Shifted: 0.0000000
    URGENT: Shifted mean (0.0) < 0 for 140!
    WARNING: Raw mean (0.0) not in [0, 1] for 140!
      140: Raw: 0.0000000 ± 0.0000000. Shifted: 0.0000000
    URGENT: Shifted mean (0.0) < 0 for 151!
    WARNING: Raw mean (0.0) not in [0, 1] for 151!
      151: Raw: 0.0000000 ± 0.0000000. Shifted: 0.0000000
    URGENT: Shifted mean (-0.0) < 0 for 152!
    WARNING: Raw mean (-0.0) not in [0, 1] for 152!
      152: Raw: 0.0000000 ± 0.0000000. Shifted: 0.0000000
  WARNING: Skipping passing_Brunel_MC15TuneV1_ProbNNp>0.4
  WARNING: Skipping total
Working on ./root-run2-rdx_iso-tmp/run2-rdx-2018-mu-e_B_Jpsi_nnpnng_gtlt-p_eta_ntracks.root...
  Handling eff_Brunel_MC15TuneV1_ProbNNp>0.4&Brunel_MC15TuneV1_ProbNNghost<0.3
    WARNING: Very large std: 252.2276053425326 in 122!
    WARNING: Raw mean (-10.572804139528362) not in [0, 1] for 122!
    WARNING: Raw (-10.572804139528362) and shifted (0.49997824385370926) are very different for 122!
      122: Raw: -10.5728041 ± 252.2276053. Shifted: 0.4999782
    WARNING: Very large std: 6.976343155260779 in 133!
    WARNING: Raw mean (-1.2571810341537273) not in [0, 1] for 133!
      133: Raw: -1.2571810 ± 6.9763432. Shifted: 0.4954930
    URGENT: Shifted mean (0.0) < 0 for 144!
    WARNING: Raw mean (0.0) not in [0, 1] for 144!
      144: Raw: 0.0000000 ± 0.0000000. Shifted: 0.0000000
    WARNING: Very large std: 0.31204350083601284 in 145!
      145: Raw: 0.1310242 ± 0.3120435. Shifted: 0.2659755
    URGENT: Shifted mean (0.0) < 0 for 124!
    WARNING: Raw mean (0.0) not in [0, 1] for 124!
      124: Raw: 0.0000000 ± 0.0000000. Shifted: 0.0000000
    WARNING: Very large std: 0.4419726686984438 in 135!
      135: Raw: 0.5614322 ± 0.4419727. Shifted: 0.5289785
    URGENT: Shifted mean (0.0) < 0 for 125!
    WARNING: Raw mean (0.0) not in [0, 1] for 125!
      125: Raw: 0.0000000 ± 0.0000000. Shifted: 0.0000000
    WARNING: Very large std: 0.47120689894968915 in 147!
      147: Raw: 0.3385260 ± 0.4712069. Shifted: 0.4312842
    URGENT: Shifted mean (0.0) < 0 for 137!
    WARNING: Raw mean (0.0) not in [0, 1] for 137!
      137: Raw: 0.0000000 ± 0.0000000. Shifted: 0.0000000
    URGENT: Shifted mean (0.0) < 0 for 148!
    WARNING: Raw mean (0.0) not in [0, 1] for 148!
      148: Raw: 0.0000000 ± 0.0000000. Shifted: 0.0000000
    URGENT: Shifted mean (0.0) < 0 for 127!
    WARNING: Raw mean (0.0) not in [0, 1] for 127!
      127: Raw: 0.0000000 ± 0.0000000. Shifted: 0.0000000
    URGENT: Shifted mean (0.0) < 0 for 138!
    WARNING: Raw mean (0.0) not in [0, 1] for 138!
      138: Raw: 0.0000000 ± 0.0000000. Shifted: 0.0000000
    WARNING: Very large std: 0.32383659840825557 in 149!
      149: Raw: 0.6449584 ± 0.3238366. Shifted: 0.5988367
    URGENT: Shifted mean (0.0) < 0 for 128!
    WARNING: Raw mean (0.0) not in [0, 1] for 128!
      128: Raw: 0.0000000 ± 0.0000000. Shifted: 0.0000000
    URGENT: Shifted mean (0.0) < 0 for 150!
    WARNING: Raw mean (0.0) not in [0, 1] for 150!
      150: Raw: 0.0000000 ± 0.0000000. Shifted: 0.0000000
    URGENT: Shifted mean (0.0) < 0 for 140!
    WARNING: Raw mean (0.0) not in [0, 1] for 140!
      140: Raw: 0.0000000 ± 0.0000000. Shifted: 0.0000000
    URGENT: Shifted mean (0.0) < 0 for 151!
    WARNING: Raw mean (0.0) not in [0, 1] for 151!
      151: Raw: 0.0000000 ± 0.0000000. Shifted: 0.0000000
    URGENT: Shifted mean (-0.0) < 0 for 152!
    WARNING: Raw mean (-0.0) not in [0, 1] for 152!
      152: Raw: 0.0000000 ± 0.0000000. Shifted: 0.0000000
  WARNING: Skipping passing_Brunel_MC15TuneV1_ProbNNp>0.4&Brunel_MC15TuneV1_ProbNNghost<0.3
  WARNING: Skipping total
Working on ./root-run2-rdx_iso-tmp/run2-rdx-2018-mu-K_nnk_gt-p_eta_ntracks.root...
  Handling eff_Brunel_MC15TuneV1_ProbNNk>0.2
  WARNING: Skipping passing_Brunel_MC15TuneV1_ProbNNk>0.2
  WARNING: Skipping total
Working on ./root-run2-rdx_iso-tmp/run2-rdx-2018-mu-K_nnknng_gt02lt02-p_eta_ntracks.root...
  Handling eff_Brunel_MC15TuneV1_ProbNNk>0.2&Brunel_MC15TuneV1_ProbNNghost<0.2
  WARNING: Skipping passing_Brunel_MC15TuneV1_ProbNNk>0.2&Brunel_MC15TuneV1_ProbNNghost<0.2
  WARNING: Skipping total
Working on ./root-run2-rdx_iso-tmp/run2-rdx-2018-mu-K_nnknng_gtlt-p_eta_ntracks.root...
  Handling eff_Brunel_MC15TuneV1_ProbNNk>0.2&Brunel_MC15TuneV1_ProbNNghost<0.3
  WARNING: Skipping passing_Brunel_MC15TuneV1_ProbNNk>0.2&Brunel_MC15TuneV1_ProbNNghost<0.3
  WARNING: Skipping total
Working on ./root-run2-rdx_iso-tmp/run2-rdx-2018-mu-K_nnknng_lt02lt02-p_eta_ntracks.root...
  Handling eff_Brunel_MC15TuneV1_ProbNNk<0.2&Brunel_MC15TuneV1_ProbNNghost<0.2
  WARNING: Skipping passing_Brunel_MC15TuneV1_ProbNNk<0.2&Brunel_MC15TuneV1_ProbNNghost<0.2
  WARNING: Skipping total
Working on ./root-run2-rdx_iso-tmp/run2-rdx-2018-mu-K_nnknng_ltlt-p_eta_ntracks.root...
  Handling eff_Brunel_MC15TuneV1_ProbNNk<0.2&Brunel_MC15TuneV1_ProbNNghost<0.3
  WARNING: Skipping passing_Brunel_MC15TuneV1_ProbNNk<0.2&Brunel_MC15TuneV1_ProbNNghost<0.3
  WARNING: Skipping total
Working on ./root-run2-rdx_iso-tmp/run2-rdx-2018-mu-K_nnp_gt-p_eta_ntracks.root...
  Handling eff_Brunel_MC15TuneV1_ProbNNp>0.4
  WARNING: Skipping passing_Brunel_MC15TuneV1_ProbNNp>0.4
  WARNING: Skipping total
Working on ./root-run2-rdx_iso-tmp/run2-rdx-2018-mu-K_nnpnng_gtlt-p_eta_ntracks.root...
  Handling eff_Brunel_MC15TuneV1_ProbNNp>0.4&Brunel_MC15TuneV1_ProbNNghost<0.3
  WARNING: Skipping passing_Brunel_MC15TuneV1_ProbNNp>0.4&Brunel_MC15TuneV1_ProbNNghost<0.3
  WARNING: Skipping total
Working on ./root-run2-rdx_iso-tmp/run2-rdx-2018-mu-Mu_nopt_nnk_gt-p_eta_ntracks.root...
  Handling eff_Brunel_MC15TuneV1_ProbNNk>0.2
  WARNING: Skipping passing_Brunel_MC15TuneV1_ProbNNk>0.2
  WARNING: Skipping total
Working on ./root-run2-rdx_iso-tmp/run2-rdx-2018-mu-Mu_nopt_nnknng_gt02lt02-p_eta_ntracks.root...
  Handling eff_Brunel_MC15TuneV1_ProbNNk>0.2&Brunel_MC15TuneV1_ProbNNghost<0.2
  WARNING: Skipping passing_Brunel_MC15TuneV1_ProbNNk>0.2&Brunel_MC15TuneV1_ProbNNghost<0.2
  WARNING: Skipping total
Working on ./root-run2-rdx_iso-tmp/run2-rdx-2018-mu-Mu_nopt_nnknng_gtlt-p_eta_ntracks.root...
  Handling eff_Brunel_MC15TuneV1_ProbNNk>0.2&Brunel_MC15TuneV1_ProbNNghost<0.3
  WARNING: Skipping passing_Brunel_MC15TuneV1_ProbNNk>0.2&Brunel_MC15TuneV1_ProbNNghost<0.3
  WARNING: Skipping total
Working on ./root-run2-rdx_iso-tmp/run2-rdx-2018-mu-Mu_nopt_nnknng_lt02lt02-p_eta_ntracks.root...
  Handling eff_Brunel_MC15TuneV1_ProbNNk<0.2&Brunel_MC15TuneV1_ProbNNghost<0.2
  WARNING: Skipping passing_Brunel_MC15TuneV1_ProbNNk<0.2&Brunel_MC15TuneV1_ProbNNghost<0.2
  WARNING: Skipping total
Working on ./root-run2-rdx_iso-tmp/run2-rdx-2018-mu-Mu_nopt_nnknng_ltlt-p_eta_ntracks.root...
  Handling eff_Brunel_MC15TuneV1_ProbNNk<0.2&Brunel_MC15TuneV1_ProbNNghost<0.3
  WARNING: Skipping passing_Brunel_MC15TuneV1_ProbNNk<0.2&Brunel_MC15TuneV1_ProbNNghost<0.3
  WARNING: Skipping total
Working on ./root-run2-rdx_iso-tmp/run2-rdx-2018-mu-Mu_nopt_nnp_gt-p_eta_ntracks.root...
  Handling eff_Brunel_MC15TuneV1_ProbNNp>0.4
    WARNING: Raw mean (-0.000111959406752068) not in [0, 1] for 59!
      59: Raw: -0.0001120 ± 0.0003448. Shifted: 0.0001954
    WARNING: Raw mean (-0.0003843209261782258) not in [0, 1] for 106!
      106: Raw: -0.0003843 ± 0.0006719. Shifted: 0.0003361
  WARNING: Skipping passing_Brunel_MC15TuneV1_ProbNNp>0.4
  WARNING: Skipping total
Working on ./root-run2-rdx_iso-tmp/run2-rdx-2018-mu-Mu_nopt_nnpnng_gtlt-p_eta_ntracks.root...
  Handling eff_Brunel_MC15TuneV1_ProbNNp>0.4&Brunel_MC15TuneV1_ProbNNghost<0.3
    WARNING: Raw mean (-1.4891964642216598e-05) not in [0, 1] for 106!
    WARNING: Raw (-1.4891964642216598e-05) and shifted (0.00043278520680052347) are very different for 106!
      106: Raw: -0.0000149 ± 0.0006498. Shifted: 0.0004328
  WARNING: Skipping passing_Brunel_MC15TuneV1_ProbNNp>0.4&Brunel_MC15TuneV1_ProbNNghost<0.3
  WARNING: Skipping total
Working on ./root-run2-rdx_iso-tmp/run2-rdx-2018-mu-Pi_nnk_gt-p_eta_ntracks.root...
  Handling eff_Brunel_MC15TuneV1_ProbNNk>0.2
  WARNING: Skipping passing_Brunel_MC15TuneV1_ProbNNk>0.2
  WARNING: Skipping total
Working on ./root-run2-rdx_iso-tmp/run2-rdx-2018-mu-Pi_nnknng_gt02lt02-p_eta_ntracks.root...
  Handling eff_Brunel_MC15TuneV1_ProbNNk>0.2&Brunel_MC15TuneV1_ProbNNghost<0.2
  WARNING: Skipping passing_Brunel_MC15TuneV1_ProbNNk>0.2&Brunel_MC15TuneV1_ProbNNghost<0.2
  WARNING: Skipping total
Working on ./root-run2-rdx_iso-tmp/run2-rdx-2018-mu-Pi_nnknng_gtlt-p_eta_ntracks.root...
  Handling eff_Brunel_MC15TuneV1_ProbNNk>0.2&Brunel_MC15TuneV1_ProbNNghost<0.3
  WARNING: Skipping passing_Brunel_MC15TuneV1_ProbNNk>0.2&Brunel_MC15TuneV1_ProbNNghost<0.3
  WARNING: Skipping total
Working on ./root-run2-rdx_iso-tmp/run2-rdx-2018-mu-Pi_nnknng_lt02lt02-p_eta_ntracks.root...
  Handling eff_Brunel_MC15TuneV1_ProbNNk<0.2&Brunel_MC15TuneV1_ProbNNghost<0.2
  WARNING: Skipping passing_Brunel_MC15TuneV1_ProbNNk<0.2&Brunel_MC15TuneV1_ProbNNghost<0.2
  WARNING: Skipping total
Working on ./root-run2-rdx_iso-tmp/run2-rdx-2018-mu-Pi_nnknng_ltlt-p_eta_ntracks.root...
  Handling eff_Brunel_MC15TuneV1_ProbNNk<0.2&Brunel_MC15TuneV1_ProbNNghost<0.3
  WARNING: Skipping passing_Brunel_MC15TuneV1_ProbNNk<0.2&Brunel_MC15TuneV1_ProbNNghost<0.3
  WARNING: Skipping total
Working on ./root-run2-rdx_iso-tmp/run2-rdx-2018-mu-Pi_nnp_gt-p_eta_ntracks.root...
  Handling eff_Brunel_MC15TuneV1_ProbNNp>0.4
  WARNING: Skipping passing_Brunel_MC15TuneV1_ProbNNp>0.4
  WARNING: Skipping total
Working on ./root-run2-rdx_iso-tmp/run2-rdx-2018-mu-Pi_nnpnng_gtlt-p_eta_ntracks.root...
  Handling eff_Brunel_MC15TuneV1_ProbNNp>0.4&Brunel_MC15TuneV1_ProbNNghost<0.3
  WARNING: Skipping passing_Brunel_MC15TuneV1_ProbNNp>0.4&Brunel_MC15TuneV1_ProbNNghost<0.3
  WARNING: Skipping total
Working on ./root-run2-rdx_iso-tmp/run2-rdx-2018-mu-P_nnk_gt-p_eta_ntracks.root...
  Handling eff_Brunel_MC15TuneV1_ProbNNk>0.2
  WARNING: Skipping passing_Brunel_MC15TuneV1_ProbNNk>0.2
  WARNING: Skipping total
Working on ./root-run2-rdx_iso-tmp/run2-rdx-2018-mu-P_nnknng_gt02lt02-p_eta_ntracks.root...
  Handling eff_Brunel_MC15TuneV1_ProbNNk>0.2&Brunel_MC15TuneV1_ProbNNghost<0.2
  WARNING: Skipping passing_Brunel_MC15TuneV1_ProbNNk>0.2&Brunel_MC15TuneV1_ProbNNghost<0.2
  WARNING: Skipping total
Working on ./root-run2-rdx_iso-tmp/run2-rdx-2018-mu-P_nnknng_gtlt-p_eta_ntracks.root...
  Handling eff_Brunel_MC15TuneV1_ProbNNk>0.2&Brunel_MC15TuneV1_ProbNNghost<0.3
  WARNING: Skipping passing_Brunel_MC15TuneV1_ProbNNk>0.2&Brunel_MC15TuneV1_ProbNNghost<0.3
  WARNING: Skipping total
Working on ./root-run2-rdx_iso-tmp/run2-rdx-2018-mu-P_nnknng_lt02lt02-p_eta_ntracks.root...
  Handling eff_Brunel_MC15TuneV1_ProbNNk<0.2&Brunel_MC15TuneV1_ProbNNghost<0.2
  WARNING: Skipping passing_Brunel_MC15TuneV1_ProbNNk<0.2&Brunel_MC15TuneV1_ProbNNghost<0.2
  WARNING: Skipping total
Working on ./root-run2-rdx_iso-tmp/run2-rdx-2018-mu-P_nnknng_ltlt-p_eta_ntracks.root...
  Handling eff_Brunel_MC15TuneV1_ProbNNk<0.2&Brunel_MC15TuneV1_ProbNNghost<0.3
  WARNING: Skipping passing_Brunel_MC15TuneV1_ProbNNk<0.2&Brunel_MC15TuneV1_ProbNNghost<0.3
  WARNING: Skipping total
Working on ./root-run2-rdx_iso-tmp/run2-rdx-2018-mu-P_nnp_gt-p_eta_ntracks.root...
  Handling eff_Brunel_MC15TuneV1_ProbNNp>0.4
  WARNING: Skipping passing_Brunel_MC15TuneV1_ProbNNp>0.4
  WARNING: Skipping total
Working on ./root-run2-rdx_iso-tmp/run2-rdx-2018-mu-P_nnpnng_gtlt-p_eta_ntracks.root...
  Handling eff_Brunel_MC15TuneV1_ProbNNp>0.4&Brunel_MC15TuneV1_ProbNNghost<0.3
  WARNING: Skipping passing_Brunel_MC15TuneV1_ProbNNp>0.4&Brunel_MC15TuneV1_ProbNNghost<0.3
  WARNING: Skipping total
